site,title,reference_no,closing_date,opening_date,url
Defence,"SPL REPAIR TO ROAD AT ECOs BLOCK, NHL, IN FRONT OF BLDG NO P-141 (ARJUN MESS), DOCCA STADIUM, CTW AND RECOVERY CAMP TRG  AREA OF MCEME UNDER GE MCEME",81342/E8,15-Jun-2026 06:00 PM,18-Jun-2026 09:00 AM,https://defproc.gov.in/nicgep/app?component=%24DirectLink&page=Home&service=direct&session=T&sp=S3zPIJ03bvEhpM8JLqEB1Iw%3D%3D
Defence,PROVN OF TP/PVC/MOULDED FURNITURE FOR PHASE - I and II OTM ACCN FOR MECH INF BN UNDER GE (EAST) FEROZEPUR,CWE/FZR-25/2026-27,20-Jun-2026 06:00 PM,27-Jun-2026 09:00 AM,https://defproc.gov.in/nicgep/app?component=%24DirectLink&page=Home&service=direct&session=T&sp=SAFdFEgjlVWGobFxYqzuYaw%3D%3D
Defence,"REPAIR/MAINT/IMPV OF BUILDING SERVICE CONNECTIONS, INTERNAL LIGHTING SYSTEM, LED LIGHTING AND LIGHTNING PROTECTION SYSTEM IN VARIOUS ACCN AT JALAPAHAR UNDER AGE I DARJEELING",8248/E8,22-Jun-2026 06:00 PM,24-Jun-2026 10:00 AM,https://defproc.gov.in/nicgep/app?component=%24DirectLink&page=Home&service=direct&session=T&sp=So3Hc28JwIDBnq4cN26S4Iw%3D%3D
Defence,"REPAIR / MAINT TO FLEXIBLE PAVEMENT IN MRW, CRACKS FILLING, JOINT FILLING, RUNWAY PAINTING AND OTHER CONNECTED ITEMS",8876/E8,22-Jun-2026 06:00 PM,24-Jun-2026 10:00 AM,https://defproc.gov.in/nicgep/app?component=%24DirectLink&page=Home&service=direct&session=T&sp=SykzGUfWnbkasss9s7%2FMQQQ%3D%3D
Defence,"81273/E8 SPECIAL REPAIR/ REPLACEMENT OF OLD DEFECTIVE/ LPW INSULATION/  PEELED OFF INTERNAL WIRING, DBs, CABLES AND EARTH PITS AT  CERTAIN WARDS OF INHS DHANVANTARI UNDER GE MINNIEBAY, SRI  VIJAYA PURAM.",81273/E8,27-Jun-2026 06:00 PM,04-Jul-2026 10:00 AM,https://defproc.gov.in/nicgep/app?component=%24DirectLink&page=Home&service=direct&session=T&sp=SVvAc8pj7fQQ4H4xzm%2BCfng%3D%3D
Defence,REPAIR REPLACEMENT WORKS TO FLOORS KITCHEN JOINERY SUNKEN REPAIRS CERTAIN BR WORKS IN JCOS OR MD ACCN UNDER GE MAINT INF SCHOOL MHOW,8947/GE (MIS)/Mhow,22-Jun-2026 06:00 PM,24-Jun-2026 12:00 PM,https://defproc.gov.in/nicgep/app?component=%24DirectLink&page=Home&service=direct&session=T&sp=SaTTxsvWn04EVmHgOKTUXhg%3D%3D
Defence,CA NO. CWE /HILLS /PGH/45 OF 2026-2027 SPECIAL REPAIRS OF CERTAIN ROADS FROM CONVOY GROUND AT INF BDE GP OMC TO DEPOT GATE (TCP GATE) OF BDE GP OMC  UNDER GE MES PITHORAGARH,89437/26-27/E8,22-Jun-2026 06:00 PM,29-Jun-2026 12:00 PM,https://defproc.gov.in/nicgep/app?component=%24DirectLink&page=Home&service=direct&session=T&sp=SODmba3UifJ4hNykqdCbcjA%3D%3D
Defence,"SPL REPAIR TO BLDG NO P-335/01 TO 02 (JCO MD ACCN) OF STN HQ, PROVN OF LAUNGEWALA BP 638 SMARAK AND PROVN OF TOILET BLOCK ALONGWITH SEPTIC TANK AND SOAKAGE WELL NEAR BLDG NO P-1811 (MATASYA AUDITORIUM) AT MIL STN, ALWAR",8521/E8,23-Jun-2026 06:00 PM,30-Jun-2026 11:00 AM,https://defproc.gov.in/nicgep/app?component=%24DirectLink&page=Home&service=direct&session=T&sp=SGPpD6921d415rRfFYMA9rw%3D%3D
Defence,PROVN OF STEEL FURNITURE FOR PHASE - I and II OTM ACCN FOR MECH INF BN UNDER GE (EAST) FEROZEPUR,CWE/FZR-23/2026-27,27-Jun-2026 06:00 PM,04-Jul-2026 09:00 AM,https://defproc.gov.in/nicgep/app?component=%24DirectLink&page=Home&service=direct&session=T&sp=SCMXai4pyyW%2BsHSlIRp6%2B0g%3D%3D
Defence,"REPAIRS TO TILING, PLASTERING, ROLLING SHUTTER, KITCHEN PLATFORM, JOINERY AND B/R ASSOCIATED WORKS OF MD ACCN AT GANESHKHIND UNDER AGE B/R PASHAN",GERD/PSN/TOKEN/26 OF 2026-27,22-Jun-2026 06:00 PM,29-Jun-2026 12:00 PM,https://defproc.gov.in/nicgep/app?component=%24DirectLink&page=Home&service=direct&session=T&sp=ScURUX6n6CgifGVh%2F62HlZA%3D%3D
BHEL,BHEL/NR/SCT/ AMARKANTAK/DGR SECURITY /1393,BHEL/NR/SCT/ AMARKANTAK/DGR SECURITY /1393,05-Jun-2026 10:00 AM,05-Jun-2026 03:30 PM,https://eprocurebhel.co.in/nicgep/app?component=%24DirectLink&page=Home&service=direct&session=T&sp=SvYcdsHIUFtWqbqjkRWKKxQ%3D%3D
BHEL,E4263003 Test Block,E4263003 Test Block,05-Jun-2026 03:00 PM,05-Jun-2026 06:00 PM,https://eprocurebhel.co.in/nicgep/app?component=%24DirectLink&page=Home&service=direct&session=T&sp=SMw6oS0Bz8ksPLRErVzzePg%3D%3D
BHEL,ENTERING INTO RATE CONTRACT FOR PROCUREMENT OF JUNCTION BOX WITH MTG PLT FOR SUV 12,BKRM000135,12-Jun-2026 01:00 PM,12-Jun-2026 03:00 PM,https://eprocurebhel.co.in/nicgep/app?component=%24DirectLink&page=Home&service=direct&session=T&sp=SK7Q%2FLoJsdgesplKi%2FCVMZA%3D%3D
BHEL,Fabrication and Supply of TIE RODS length up to 3000mm with BHELs Material (OSB),2026OSB023,02-Jun-2026 03:00 PM,02-Jun-2026 03:30 PM,https://eprocurebhel.co.in/nicgep/app?component=%24DirectLink&page=Home&service=direct&session=T&sp=SUUXmgzLLKnwurJqKmLE%2FNA%3D%3D
BHEL,B7B1Z45780,B7B1Z45780,11-Jun-2026 02:00 PM,12-Jun-2026 02:00 PM,https://eprocurebhel.co.in/nicgep/app?component=%24DirectLink&page=Home&service=direct&session=T&sp=S6lgDhQpBvZ28VJ%2B6fwAJ6w%3D%3D
BHEL,C6A1Z39973_Super Pressure Hose and other Accessories,C6A1Z39973_Super Pressure Hose and other Accessories,05-Jun-2026 01:00 PM,05-Jun-2026 04:00 PM,https://eprocurebhel.co.in/nicgep/app?component=%24DirectLink&page=Home&service=direct&session=T&sp=SyxgsUfvvN1EGldTinH9sfA%3D%3D
BHEL,F9AZS00079-MACHINING OF CEP EN6J40 SHAFTS,F9AZS00079-MACHINING OF CEP EN6J40 SHAFTS,05-Jun-2026 10:00 AM,05-Jun-2026 11:00 AM,https://eprocurebhel.co.in/nicgep/app?component=%24DirectLink&page=Home&service=direct&session=T&sp=SlzPoT%2BBiYdIBXC2Be9820w%3D%3D
BHEL,Service Contract for Copper Slag Blasting,BHEL/FSIP/MM-WCC/26-27/W-15,11-Jun-2026 10:00 AM,11-Jun-2026 03:00 PM,https://eprocurebhel.co.in/nicgep/app?component=%24DirectLink&page=Home&service=direct&session=T&sp=SBfCXLLBXhZz3ltYtLsRl3w%3D%3D
BHEL,Lantek Software (AMC),FPM/LANTEK/26-27/01,08-Jun-2026 11:00 AM,08-Jun-2026 03:00 PM,https://eprocurebhel.co.in/nicgep/app?component=%24DirectLink&page=Home&service=direct&session=T&sp=SdUtLggKbZnjBDgjomIo2WQ%3D%3D
BHEL,Supply of Spares for Juki Machine,DKB0000477,05-Jun-2026 01:00 PM,05-Jun-2026 03:00 PM,https://eprocurebhel.co.in/nicgep/app?component=%24DirectLink&page=Home&service=direct&session=T&sp=Shk6kjFGeYF%2BDRbigumV3VA%3D%3D
Coal India,"Outsourcing of Repair and Maintenance of 07 Nos. CAT777E 100T Dumpers, 09 Nos. CAT777D 100T Dumpers and 02 Nos. CAT777D Converted Water Tankers of Khadia Project for a period of 01 year (365 Days).",KHD/G.M. (Excv)/E-Tender/26-27/ 190,15-Jun-2026 11:00 AM,16-Jun-2026 11:00 AM,https://coalindiatenders.nic.in/nicgep/app/nicgep/app?component=%24DirectLink&page=Home&service=direct&session=T&sp=SM8IvtnzMXSJ20Pdt4QsB%2BA%3D%3D
Coal India,"Towards repairing of cracked equalizer bar, pin and cabin legs of BD355 Dozer Sl. No. 12068 working at Lajkura OCP.",LOCP/PO/EXCV/NIT/26-27/160,15-Jun-2026 05:00 PM,16-Jun-2026 11:00 AM,https://coalindiatenders.nic.in/nicgep/app/nicgep/app?component=%24DirectLink&page=Home&service=direct&session=T&sp=S%2BO5w%2FAb%2FtVO52LXzGxvWbA%3D%3D
Coal India,Supply of drinking water through water tanker at Medhauli Village for a period of 12 months by Jayant Project,JNT/CED/26-27/03 Dated 01.06.2026,12-Jun-2026 11:00 AM,13-Jun-2026 11:00 AM,https://coalindiatenders.nic.in/nicgep/app/nicgep/app?component=%24DirectLink&page=Home&service=direct&session=T&sp=SU25qKAKRx8p6fuTiTIQVrQ%3D%3D
Coal India,"Engagement of tractor mounted water tanker on hire for supplying of drinking water at Chitarkothi, Dakaita village niche tola, Naya Bhorai, Lalmatia-Pirpainty road and Bherendah village for 365 days under Rajmahal Area.",ECL/RJML/AGM/AE(C)/ e-Ten/26-27/39 Dt-01.06.2026,16-Jun-2026 06:55 PM,17-Jun-2026 12:00 PM,https://coalindiatenders.nic.in/nicgep/app/nicgep/app?component=%24DirectLink&page=Home&service=direct&session=T&sp=SaQghXkWPK0vjUoS8ZbmunA%3D%3D
Coal India,"Annual contract for 06 nos. tractor mounted water tanker on hire for supplying of drinking water and miscellaneous purpose for rehabilitation of chhota Bhorai, Basdiha, Dakaita rehab site and different location under Rajmahal Area.",ECL/RJML/AGM/AE(C)/ e-Ten/26-27/38 Dt-01.06.2026,16-Jun-2026 06:55 PM,17-Jun-2026 12:00 PM,https://coalindiatenders.nic.in/nicgep/app/nicgep/app?component=%24DirectLink&page=Home&service=direct&session=T&sp=SE8PeyCU2oF9TqGqcSq%2B6VA%3D%3D
Coal India,"Repair of Bridge at Damodar River near Jamdih village under Purnadih Project,NK Area",SO(C)/NK/e-tender/26-27/82,12-Jun-2026 10:00 AM,13-Jun-2026 11:00 AM,https://coalindiatenders.nic.in/nicgep/app/nicgep/app?component=%24DirectLink&page=Home&service=direct&session=T&sp=SCZ3%2BCEGQoUX2TTICrjVcEg%3D%3D
Coal India,"Replacement of damaged sheet and some misc work of workshop of KDH Project under KDH Project,NK Area",SO(C)/NK/e-tender/26-27/83,12-Jun-2026 10:00 AM,13-Jun-2026 11:00 AM,https://coalindiatenders.nic.in/nicgep/app/nicgep/app?component=%24DirectLink&page=Home&service=direct&session=T&sp=Sl%2BrtO2l2gpIqJESsDWcSQA%3D%3D
Coal India,"Towards repair of catwalks, railings, platforms of Tata Hitachi 1200(23), BE1000(10245) and BE1000(10247) excavators at Lajkura OCP.",LOCP/PO/EXCV/NIT/26-27/161,15-Jun-2026 05:00 PM,16-Jun-2026 11:00 AM,https://coalindiatenders.nic.in/nicgep/app/nicgep/app?component=%24DirectLink&page=Home&service=direct&session=T&sp=S%2FjHDnSJ%2Fm7javCHeUhikhQ%3D%3D
Coal India,"Supply and fixing of Current Transformers of Rating 800-400-200 (live tank, outdoor type) for 33KV bus coupler bay and 33KV outgoing feeders at Central substation of Lakhanpur Area, MCL.","MCL/LKPA/EnM/eNIT/26-27/75, Dt-01.06.2026",12-Jun-2026 05:00 PM,15-Jun-2026 11:00 AM,https://coalindiatenders.nic.in/nicgep/app/nicgep/app?component=%24DirectLink&page=Home&service=direct&session=T&sp=Sn3EDbWgkYhMMLdLck4DJZA%3D%3D
Coal India,"Estimate for Repairing , Overhauling and Maintenance of 04 nos. Kishan make 7.5 KVA DG set installed at ROB WB 02, Siding III , Excavation Workshop and Substation at LOCP, IBVA",MCL/GM/IBV/ENM/LOCP/006		     Dated  01/06 /2026,12-Jun-2026 05:00 PM,15-Jun-2026 11:00 AM,https://coalindiatenders.nic.in/nicgep/app/nicgep/app?component=%24DirectLink&page=Home&service=direct&session=T&sp=Sau1pyAPqzfLLDMw6bfKIRA%3D%3D
CPCL,Procurement of High Duty Fire Brick and Mortar for Manali Refinery of CPCL,C18M26R020,02-Jun-2026 02:00 PM,02-Jun-2026 03:00 PM,https://cpcletenders.nic.in/nicgep/app/nicgep/app?component=%24DirectLink&page=Home&service=direct&session=T&sp=SqriaHYaPC4xtCiDSsAR2DA%3D%3D
CPCL,"Procurement of Castable, Insulating Fire Brick and Mortar for Manali Refinery of CPCL",C18M26R019,02-Jun-2026 02:00 PM,02-Jun-2026 03:00 PM,https://cpcletenders.nic.in/nicgep/app/nicgep/app?component=%24DirectLink&page=Home&service=direct&session=T&sp=SbTIIRPDuA8aTLQ%2BI3ePkEg%3D%3D
CPCL,"Procurement of PCPF Blocks (Coverslabs, Vanetiles Lintels) for Plant 205 (HGU Reformer) refractory repairs during Ref-3 shutdown",C28M26R021,02-Jun-2026 02:00 PM,02-Jun-2026 03:00 PM,https://cpcletenders.nic.in/nicgep/app/nicgep/app?component=%24DirectLink&page=Home&service=direct&session=T&sp=Sk3bkpWybi1K0NxQ3OdBuFA%3D%3D
CPCL,Upliftment of Landscape space inside CPCL Manali Refinery,CPCLS26193,10-Jun-2026 11:00 AM,10-Jun-2026 02:00 PM,https://cpcletenders.nic.in/nicgep/app/nicgep/app?component=%24DirectLink&page=Home&service=direct&session=T&sp=Sb31KR98Pt63xEnVtpfApjA%3D%3D
CPCL,RCC road repair works inside Refinery-3 premises of CPCL,CPCLD26169,10-Jun-2026 11:00 AM,10-Jun-2026 02:00 PM,https://cpcletenders.nic.in/nicgep/app/nicgep/app?component=%24DirectLink&page=Home&service=direct&session=T&sp=SdAHyvKym6EspXxJ7zBXf0w%3D%3D
CPCL,"Cooling Tower-6 Fill pack revamp works at CPCL, Manali",CPCLV26198,09-Jun-2026 11:00 AM,09-Jun-2026 02:00 PM,https://cpcletenders.nic.in/nicgep/app/nicgep/app?component=%24DirectLink&page=Home&service=direct&session=T&sp=SGWXxgm6dsTd93qSe5JkMDA%3D%3D
CPCL,"Construction of new Cable Trench using precast concrete elements and Civil repair works to existing Cable Trench inside Refinery premises, LPG Bulk loading Plant of CPCL",CPCLV26189,05-Jun-2026 11:00 AM,05-Jun-2026 02:00 PM,https://cpcletenders.nic.in/nicgep/app/nicgep/app?component=%24DirectLink&page=Home&service=direct&session=T&sp=SPy6Ast16gWfEdbznyVNHvg%3D%3D
CPCL,"Procurement of Stud Bolts, Nuts, Washers and Fasteners.",C20M260010,08-Jun-2026 11:00 AM,08-Jun-2026 02:00 PM,https://cpcletenders.nic.in/nicgep/app/nicgep/app?component=%24DirectLink&page=Home&service=direct&session=T&sp=SiMmI8uiE7504NIAOyYYZ1w%3D%3D
CPCL,"Supervision of major overhauling of RGC (206K2) and its Drive Turbine (206TUR2) at NHT-CRU by M/s. Elliott Ebara at CPCL, Manali",CPCLV26195,04-Jun-2026 11:00 AM,04-Jun-2026 02:00 PM,https://cpcletenders.nic.in/nicgep/app/nicgep/app?component=%24DirectLink&page=Home&service=direct&session=T&sp=SzHeE0r64jbqVCYu4exKNYg%3D%3D
CPCL,"Detailed Engineering for Construction of second floor over existing QC building (G plus 1) at CPCL, Manali",CPCLV26168,06-Jun-2026 11:00 AM,06-Jun-2026 02:00 PM,https://cpcletenders.nic.in/nicgep/app/nicgep/app?component=%24DirectLink&page=Home&service=direct&session=T&sp=Sj8VUY1%2BkF9IdTR2s%2F0gfWA%3D%3D
NTPC,Deployment of hydraulic excavators and Hyva to handle emergency,NTPC/Darlipali STPP/9900326820,10-Jun-2026 04:00 PM,11-Jun-2026 10:00 AM,https://eprocurentpc.nic.in/nicgep/app/nicgep/app?component=%24DirectLink&page=Home&service=direct&session=T&sp=SH%2BoyaOogESb746C7PHyMyg%3D%3D
NTPC,Deployment of Scaffolding Specialist and HSE Trainer at PVUNL Patratu.,PVUNL/Patratu/9900324540,09-Jun-2026 04:00 PM,10-Jun-2026 04:00 PM,https://eprocurentpc.nic.in/nicgep/app/nicgep/app?component=%24DirectLink&page=Home&service=direct&session=T&sp=S%2F%2F4KvtaDg4ZJo8GkRPAq1A%3D%3D
NTPC,Procurement of SPECIAL SPEED SENSOR FIELD CABLE OF MAIN TURBINE FOR ST1RAMAGUNDAM.,NTPC/USSC-CPG3/9900326801,05-Jun-2026 04:00 PM,06-Jun-2026 03:00 PM,https://eprocurentpc.nic.in/nicgep/app/nicgep/app?component=%24DirectLink&page=Home&service=direct&session=T&sp=SZl4cEXByN2YoWDpAW5VFjw%3D%3D
NTPC,800064323 Biennial Job Contract for Safety and Security of Signalling System and its Installation in the jurisdiction of Nigahi Signalling Cabin and Dudhichua area at  NTPCVindhyachal for the year 2026-28,NTPC/USSC-CPG2/9900326612,12-Jun-2026 11:00 AM,13-Jun-2026 11:00 AM,https://eprocurentpc.nic.in/nicgep/app/nicgep/app?component=%24DirectLink&page=Home&service=direct&session=T&sp=SQslBM%2F409LQUzyhmM6n3bA%3D%3D
NTPC,PROCUREMENT OF RECLAIMER TRAVEL GAER BOX ASSEMBLY AT NTPC FARAKKA,NTPC/USSC-CPG3/9900326942,15-Jun-2026 11:00 AM,16-Jun-2026 04:00 PM,https://eprocurentpc.nic.in/nicgep/app/nicgep/app?component=%24DirectLink&page=Home&service=direct&session=T&sp=SercmFzwoglLrAH6sQU0pew%3D%3D
NTPC,200150807 Service Contract for Supply and Apply of Paint of 4x200 MW and 2x500 MW Boilers at NTPC Singrauli,NTPC/USSC-CPG2/9900325451,12-Jun-2026 11:00 AM,13-Jun-2026 11:00 AM,https://eprocurentpc.nic.in/nicgep/app/nicgep/app?component=%24DirectLink&page=Home&service=direct&session=T&sp=S4LiR3aU7N6UN8sMQizpMOw%3D%3D
NTPC,Procurement of Mechanical Seal for Reaction Tank Side Entry Agitator for,NTPC/USSC-CPG3/9900325695,08-Jun-2026 03:00 PM,09-Jun-2026 04:00 PM,https://eprocurentpc.nic.in/nicgep/app/nicgep/app?component=%24DirectLink&page=Home&service=direct&session=T&sp=SDDJGmNH07%2F%2FszKf%2BC1S3YA%3D%3D
NTPC,Procurement of HEA spares of oil burners for NTPC LARA,NTPC/USSC-CPG3/9900326906,04-Jun-2026 04:00 PM,05-Jun-2026 04:00 PM,https://eprocurentpc.nic.in/nicgep/app/nicgep/app?component=%24DirectLink&page=Home&service=direct&session=T&sp=S7ZskTapmGwEB8KmpcD2XXQ%3D%3D
NTPC,Procurement of Rubber liner for M s WEIR minerals make slurry pumps at,NTPC/USSC-CPG3/9900326623,03-Jun-2026 04:00 PM,04-Jun-2026 04:00 PM,https://eprocurentpc.nic.in/nicgep/app/nicgep/app?component=%24DirectLink&page=Home&service=direct&session=T&sp=SOVB4eWrXLNpg4FBoXj5iQQ%3D%3D
NTPC,Procurement of spares of agitator gear box SEW EURODRIVE model for AHD,NTPC/USSC-CPG3/9900326933,15-Jun-2026 11:00 AM,16-Jun-2026 04:00 PM,https://eprocurentpc.nic.in/nicgep/app/nicgep/app?component=%24DirectLink&page=Home&service=direct&session=T&sp=SEvjBv7u0yDgsWuBdZhiwxg%3D%3D
IOCL,"Carrying out rerouting of 16 inch OD Paradip Hyderabad Pipeline by Horizontal Directional Drilling, Hot Tapping and associated works at ch. 408.10 KM under SERPL Vizag jurisdiction in Andhra Pradesh",9320C26A51,22-Jun-2026 06:30 PM,23-Jun-2026 06:30 PM,https://iocletenders.nic.in/nicgep/app/nicgep/app?component=%24DirectLink&page=Home&service=direct&session=T&sp=S3WqO081Xdd1uiEj93z2dyQ%3D%3D
IOCL,Comprehensive Annual Maintenance Contract for Hitachi Hi- Rel make UPS systems installed at various locations under Paradip base for a period of 2 years,9320C26A48,08-Jun-2026 06:00 PM,09-Jun-2026 06:30 PM,https://iocletenders.nic.in/nicgep/app/nicgep/app?component=%24DirectLink&page=Home&service=direct&session=T&sp=SH%2BE%2BnyhH68v5ZjJVVwKgzw%3D%3D
IOCL,O rings,9030M26D35,15-Jun-2026 03:00 PM,16-Jun-2026 03:00 PM,https://iocletenders.nic.in/nicgep/app/nicgep/app?component=%24DirectLink&page=Home&service=direct&session=T&sp=SXrLJM4mugCQ2nIdB9wt%2Faw%3D%3D
IOCL,Procurement of additive package ST1772 Or ST1882 Or ST1774 and ST1296,MnC/LUB-13/LT-16/26-27,11-Jun-2026 06:00 PM,12-Jun-2026 06:00 PM,https://iocletenders.nic.in/nicgep/app/nicgep/app?component=%24DirectLink&page=Home&service=direct&session=T&sp=SJeiW2y%2FhXuu8O%2F0Wh%2B1Hmw%3D%3D
IOCL,"Annual Rate Contract for Repair and Maintenance of Insulation Work at Mathura Refinery (Part-A Old units, Part-B NR-8 area) SPLIT TENDER",9050C26B47,22-Jun-2026 06:00 PM,24-Jun-2026 03:00 PM,https://iocletenders.nic.in/nicgep/app/nicgep/app?component=%24DirectLink&page=Home&service=direct&session=T&sp=Sk1chpulyPYyuDXfPEaIHow%3D%3D
IOCL,Development of new A site RO within Municipal limit of Birpur Nagar Panchayat (Not on SH/NH) in Supaul RSA under Begusari DO.,ER-MAC/2026-27/LT/66,08-Jun-2026 05:20 PM,09-Jun-2026 05:20 PM,https://iocletenders.nic.in/nicgep/app/nicgep/app?component=%24DirectLink&page=Home&service=direct&session=T&sp=SkBOl1wHJXNg5LZwcD3TdlQ%3D%3D
IOCL,"Engineering, Procurement, Construction, Liaisoning EPC inclusive of 2 Year Warranty of 184 KWp OnGrid Roof Mounted Captive Solar Power Project at Indian Oil LBP Silvassa, UT of Dadra Nagar Haveli, Daman, Diu with its further ComprehensiveOandM for4yr",WRMC/2026-27/LT/72,15-Jun-2026 04:00 PM,16-Jun-2026 04:00 PM,https://iocletenders.nic.in/nicgep/app/nicgep/app?component=%24DirectLink&page=Home&service=direct&session=T&sp=SgcAwxB91NGy3CSxiQTlLNg%3D%3D
IOCL,Rate Contract for procurement of Antistatic Agent (GMS-90),RHQMM26408,22-Jun-2026 03:00 PM,23-Jun-2026 03:00 PM,https://iocletenders.nic.in/nicgep/app/nicgep/app?component=%24DirectLink&page=Home&service=direct&session=T&sp=S6ggwiHQeAAZ5ph5OUPYWWw%3D%3D
IOCL,DEVELOPMENT OF NEW A SITE RO GUMMIDIPOONDI TO ELAVOOR ON LHS ON NH 16 VERKADU VILLAGE GUMMIDIPOONDI TALUK THIRUVALLUR DISTRICT CHENNAI DIVISIONAL OFFICE UNDER TAMIL NADU STATE OFFICE,MnC/SR/RS/LT/019/TNSO/2026-27,08-Jun-2026 03:15 PM,09-Jun-2026 03:15 PM,https://iocletenders.nic.in/nicgep/app/nicgep/app?component=%24DirectLink&page=Home&service=direct&session=T&sp=SIgp6SqNiv0f9mLoJVlAusg%3D%3D
IOCL,Rate Contract for Procurement of HT Cables for IOCL Refinery Units,RHQMM25217,29-Jun-2026 03:00 PM,30-Jun-2026 03:00 PM,https://iocletenders.nic.in/nicgep/app/nicgep/app?component=%24DirectLink&page=Home&service=direct&session=T&sp=SxLjnhsKAohHkUmaDOp0ksQ%3D%3D
BEL,HIRING OF PROJECT MANAGEMENT CONSULTANT PMC FOR TWO PROJECTS RENOVATION OF DCCS HANGAR and RENOVATION OF ANTENNA HANGAR AT BEL GAD.,2026_BELGAD_ES_01062026_001,17-Jun-2026 04:00 PM,18-Jun-2026 02:00 PM,https://eprocurebel.co.in/nicgep/app?component=%24DirectLink&page=Home&service=direct&session=T&sp=SgB0st9Ip%2BTLHE46f9W7XqA%3D%3D
BEL,"Procurement of Electrical spare items for Electrical Estate, BEL Bangalore",BG10/2026/2104498446/A05,11-Jun-2026 02:00 PM,12-Jun-2026 02:00 PM,https://eprocurebel.co.in/nicgep/app?component=%24DirectLink&page=Home&service=direct&session=T&sp=SN2KmErVuOydvmIJeTn%2Bjtg%3D%3D
BEL,Water proofing works on roofs of PG-2 Area,19555/3/25/PnS-Civil/PK/34,08-Jun-2026 05:00 PM,09-Jun-2026 11:00 AM,https://eprocurebel.co.in/nicgep/app?component=%24DirectLink&page=Home&service=direct&session=T&sp=SeKE7A9G7l6v46ZG3ZcROyw%3D%3D
BEL,CIVIL ACTIVITIES FOR INSTALLATION OF 1010KVA DG SET IN BEL- HYDERABAD,BEL_HYD/ES/2026/005,08-Jun-2026 02:00 PM,08-Jun-2026 03:30 PM,https://eprocurebel.co.in/nicgep/app?component=%24DirectLink&page=Home&service=direct&session=T&sp=SJBfSx9BJtWvfgkOynXvrnw%3D%3D
BEL,Procurement of Endpoint Security Licenses,2900212445 - Procurement of Endpoint Security Licenses,08-Jun-2026 06:00 PM,09-Jun-2026 12:00 PM,https://eprocurebel.co.in/nicgep/app?component=%24DirectLink&page=Home&service=direct&session=T&sp=SmE8d6CXKaaTmfrktPtpjtw%3D%3D
BEL,Turnkey Services involving MPW Fabrication,2600845739,08-Jun-2026 02:30 PM,08-Jun-2026 02:45 PM,https://eprocurebel.co.in/nicgep/app?component=%24DirectLink&page=Home&service=direct&session=T&sp=ScDFz5Sx6jrx%2FzkKBs2aRvQ%3D%3D
BEL,Restoration of Fire Alarm system in BEL-Hyderabad,BEL_HYD/ES/2026/006,05-Jun-2026 02:30 PM,05-Jun-2026 04:30 PM,https://eprocurebel.co.in/nicgep/app?component=%24DirectLink&page=Home&service=direct&session=T&sp=SJoIMBsQN8oMdaxpXFWpnMw%3D%3D
BEL,Afforestation at BEL BG. Cx. for the year 2026-27.,05/208166/3026,04-Jun-2026 03:00 PM,05-Jun-2026 11:00 AM,https://eprocurebel.co.in/nicgep/app?component=%24DirectLink&page=Home&service=direct&session=T&sp=S6lMo%2FT0touSNbCIU1kU1pA%3D%3D
BEL,Procurement of Wheeled Dust Bins and Plastic Dust Bins  02 Items.,BG/ES7/2104432094,08-Jun-2026 10:00 AM,08-Jun-2026 02:00 PM,https://eprocurebel.co.in/nicgep/app?component=%24DirectLink&page=Home&service=direct&session=T&sp=S74xMe6ML6HKhnigOsb4vFA%3D%3D
BEL,"Provision of Electrical Works, Partition, Vertical Blinds and False Ceiling Works for IG Store Building at BEL-CHN",CHN/ES/4798/7495/26-27,02-Jun-2026 04:00 PM,03-Jun-2026 04:00 PM,https://eprocurebel.co.in/nicgep/app?component=%24DirectLink&page=Home&service=direct&session=T&sp=SoyIl%2FOl67sERnnMy5isfeg%3D%3D
GRSE,SCC/DC/ND/NIC/LT/REFIT WORK/059/ET-3459,SCC/DC/ND/NIC/LT/REFIT WORK/059/ET-3459,05-Jun-2026 10:00 AM,05-Jun-2026 11:00 AM,https://eprocuregrse.co.in/nicgep/app?component=%24DirectLink&page=Home&service=direct&session=T&sp=SIyZkVpNsdRzGHXfQq4luQw%3D%3D
GRSE,SCC/DC/ND/NIC/LT/REFIT WORK/058/ET-3458,SCC/DC/ND/NIC/LT/REFIT WORK/058/ET-3458,05-Jun-2026 10:00 AM,05-Jun-2026 12:00 PM,https://eprocuregrse.co.in/nicgep/app?component=%24DirectLink&page=Home&service=direct&session=T&sp=SLDAlip9Sv%2F4m2mO8ZoN6%2Bw%3D%3D
GRSE,NCM/IMP/SM/ST/WATER PURIFYING SYS/ORV/ET-3457,NCM/IMP/SM/ST/WATER PURIFYING SYS/ORV/ET-3457,19-Jun-2026 12:00 PM,22-Jun-2026 02:00 PM,https://eprocuregrse.co.in/nicgep/app?component=%24DirectLink&page=Home&service=direct&session=T&sp=SsLhAovVc3twWj3ec27NYCA%3D%3D
GRSE,SCC/AJK/OT(W)/TOWER CRANE/KPDD/051/ET-3456,SCC/AJK/OT(W)/TOWER CRANE/KPDD/051/ET-3456,17-Jun-2026 12:00 PM,19-Jun-2026 02:00 PM,https://eprocuregrse.co.in/nicgep/app?component=%24DirectLink&page=Home&service=direct&session=T&sp=S0j4JN%2B6bfbkjGc1mnaVOgQ%3D%3D
GRSE,NCM/IMP/SM/LT/EPIBENTHIC SLEDGE SYS/ORV/ET-3455,NCM/IMP/SM/LT/EPIBENTHIC SLEDGE SYS/ORV/ET-3455,16-Jun-2026 12:00 PM,19-Jun-2026 02:00 PM,https://eprocuregrse.co.in/nicgep/app?component=%24DirectLink&page=Home&service=direct&session=T&sp=SifhSspBYorqEkoPgR8n%2BKA%3D%3D
GRSE,NCM/IMP/SM/LT/CORE SPLITTING MACHINE/ORV/ET-3454,NCM/IMP/SM/LT/CORE SPLITTING MACHINE/ORV/ET-3454,16-Jun-2026 12:00 PM,19-Jun-2026 02:00 PM,https://eprocuregrse.co.in/nicgep/app?component=%24DirectLink&page=Home&service=direct&session=T&sp=SOhM%2FqjQ1G71H4NvJkE8ljQ%3D%3D
GRSE,SCC/DC/ND/NIC/LT/REFIT WORK/045/ET-3453,SCC/DC/ND/NIC/LT/REFIT WORK/045/ET-3453,02-Jun-2026 12:00 PM,02-Jun-2026 02:00 PM,https://eprocuregrse.co.in/nicgep/app?component=%24DirectLink&page=Home&service=direct&session=T&sp=S4yPkok88WF%2F%2Bv5ln7b951Q%3D%3D
GRSE,NCM/AKB/LT/MPV/MHD GHD FITTINGS/RA-3452,NCM/AKB/LT/MPV/MHD GHD FITTINGS/RA-3452,03-Jun-2026 12:00 PM,03-Jun-2026 04:00 PM,https://eprocuregrse.co.in/nicgep/app?component=%24DirectLink&page=Home&service=direct&session=T&sp=SPZlZuWD95c60xKrvOQtczQ%3D%3D
GRSE,NCM/IMP/RKS/LT/ MICROSCOPE/ORV/ET-3450,NCM/IMP/RKS/LT/ MICROSCOPE/ORV/ET-3450,05-Jun-2026 12:00 PM,08-Jun-2026 02:00 PM,https://eprocuregrse.co.in/nicgep/app?component=%24DirectLink&page=Home&service=direct&session=T&sp=SQtBYA0lNN2E2wySJnnMrRA%3D%3D
GRSE,CSB/MM/MPV/IMP/OT/Elec Whistle/219/RA-3449,CSB/MM/MPV/IMP/OT/Elec Whistle/219/RA-3449,04-Jun-2026 12:00 PM,05-Jun-2026 02:00 PM,https://eprocuregrse.co.in/nicgep/app?component=%24DirectLink&page=Home&service=direct&session=T&sp=SrYQ8gz8z4oygc6BPuWjLgA%3D%3D
GSL,Construction of Roundabout High Mast Lighting and Beutification near Vaddem Railway Bridge,CIVIL/01/GSL/CE/ADS/ETN-266,05-Jun-2026 12:00 PM,05-Jun-2026 03:00 PM,https://eprocuregsl.nic.in/nicgep/app/nicgep/app?component=%24DirectLink&page=Home&service=direct&session=T&sp=SlkGm0kuc2TSoHjnkrEGQlQ%3D%3D
GSL,"Re-carpeting of road at Sharon Enclave near Vaddem lake, Vasco, under CSR 2026",CIVIL/01/GSL/CE/ADS/ETN-265,02-Jun-2026 12:00 PM,02-Jun-2026 03:00 PM,https://eprocuregsl.nic.in/nicgep/app/nicgep/app?component=%24DirectLink&page=Home&service=direct&session=T&sp=SGT7lWkI%2FEb5oUYh6taCxKA%3D%3D
HSL,Hiring of 2 MW Load bank along with operator for DG sets load trials on INS Dhruv,SR COMPLEX/PRODUCTION/OUT SOURCEREQUISITION/2026/144,04-Jun-2026 11:00 AM,04-Jun-2026 03:00 PM,https://eprocurehsl.nic.in/nicgep/app/nicgep/app?component=%24DirectLink&page=Home&service=direct&session=T&sp=SNAFKzONvMvSXyXhruv%2F%2Feg%3D%3D
HSL,"Supply of MS ANGLE, SS BOLT AND NUTS, SS WIRE MESS, NEOPRINE RUBBER SHEET, MS Round Rods, SS BOTTEL SCREW ONE SIDE TURN BUCKLES HOOK and SS NOSE DROP PIN WITH CHAIN PIN  for INS Project",3700002541 / 1300010062 / 1300010066 / 13000010075 / 1300010104,04-Jun-2026 11:00 AM,04-Jun-2026 03:00 PM,https://eprocurehsl.nic.in/nicgep/app/nicgep/app?component=%24DirectLink&page=Home&service=direct&session=T&sp=S3j2OOn%2Bd59umVKUXJzLxrw%3D%3D
HSL,INSTALLATION AND COMMISSIONING OF ALARM MONITORING SYSTEM,SR COMPLEX/PRODUCTION/OUT SOURCEREQUISITION/2025/330,03-Jun-2026 11:00 AM,03-Jun-2026 03:00 PM,https://eprocurehsl.nic.in/nicgep/app/nicgep/app?component=%24DirectLink&page=Home&service=direct&session=T&sp=SK8RCXO2fHVPzsS00Ddm8wA%3D%3D
HSL,Hiring of Dormitory services at MSME for ICGS VAIBHAV,SR COMPLEX/PRODUCTION/OUT SOURCEREQUISITION/2026/98,02-Jun-2026 11:00 AM,02-Jun-2026 03:00 PM,https://eprocurehsl.nic.in/nicgep/app/nicgep/app?component=%24DirectLink&page=Home&service=direct&session=T&sp=S3vXOufHCzYeC1rl5KC1voA%3D%3D
HSL,Renovation of Security Building,OS/CM/2027/13U dtd 26 May 2026,11-Jun-2026 03:00 PM,12-Jun-2026 03:00 PM,https://eprocurehsl.nic.in/nicgep/app/nicgep/app?component=%24DirectLink&page=Home&service=direct&session=T&sp=SjAkTYyHmyNj8T7Uk4PAUpQ%3D%3D
HSL,"Collection, shifting scrap and other wastes from various locations of yard, egregate the same at scrap yard, hand over the useful scrap to disposal section and shifting of debris, wastes from scrap yard to GVMC designated area",OS/CM/2026/12U dtd 26 May 2026,11-Jun-2026 03:00 PM,12-Jun-2026 03:00 PM,https://eprocurehsl.nic.in/nicgep/app/nicgep/app?component=%24DirectLink&page=Home&service=direct&session=T&sp=SYP7VwL2Al1gBDuxqH5zc3A%3D%3D
HSL,Repairs And Renovation Works of VP-3 Bungalow,OS/CM/2028/14U dtd 26 May 2026,02-Jun-2026 01:00 PM,02-Jun-2026 03:00 PM,https://eprocurehsl.nic.in/nicgep/app/nicgep/app?component=%24DirectLink&page=Home&service=direct&session=T&sp=SPHr3klR2S7lpdoy3PDqwFw%3D%3D
HSL,Supply of TEMPORARY PUBLIC ADDRESSING and  COMMUNICATION SYSTEM,MP/3600000078/2026,11-Jun-2026 11:00 AM,11-Jun-2026 03:00 PM,https://eprocurehsl.nic.in/nicgep/app/nicgep/app?component=%24DirectLink&page=Home&service=direct&session=T&sp=S%2B54rjuqgXJBnR6Zw3IaQJA%3D%3D
HSL,Repair Works to Submarine AC Store Located below Mold Loft at West Side,OS/CM/2024/10U,10-Jun-2026 03:00 PM,11-Jun-2026 03:00 PM,https://eprocurehsl.nic.in/nicgep/app/nicgep/app?component=%24DirectLink&page=Home&service=direct&session=T&sp=SRRqVKeZ5dA2Yq76el0rO5g%3D%3D
HSL,Procurement of Line throwing Appliance and Rocket Parachute Flares-VC11191.,M/P 3400001535 Dated 19.05.2026,04-Jun-2026 11:00 AM,04-Jun-2026 03:00 PM,https://eprocurehsl.nic.in/nicgep/app/nicgep/app?component=%24DirectLink&page=Home&service=direct&session=T&sp=SXZeQ%2BZhhHULvRCFk2xA9Vg%3D%3D
MDL,ADDITIONAL B AND D SPARE FOR CANNED MOTOR PUMPS-P17A (MDL-04 SHIPS AND GRSE-03 SHIPS).,1700000764,08-Jun-2026 02:00 PM,09-Jun-2026 02:00 PM,https://eprocuremdl.nic.in/nicgep/app/nicgep/app?component=%24DirectLink&page=Home&service=direct&session=T&sp=S2pz%2BcUVPe2WBRw%2FjT5QHNg%3D%3D
MDL,Supply of B and D Spare for Enclosed BASCCA Charging Stations with Filtration Unit along with Portable Compressor P17A,1700000765,08-Jun-2026 02:00 PM,10-Jun-2026 02:00 PM,https://eprocuremdl.nic.in/nicgep/app/nicgep/app?component=%24DirectLink&page=Home&service=direct&session=T&sp=SNKUJpnjgLrvEh1t5yu47NA%3D%3D
MDL,Biennial Rate contract for Plumbing or Masonry Carpentry or Painting and allied work for Residential Building or Qtrs in Navi Mumbai.,6000001721,09-Jun-2026 03:00 PM,10-Jun-2026 03:30 PM,https://eprocuremdl.nic.in/nicgep/app/nicgep/app?component=%24DirectLink&page=Home&service=direct&session=T&sp=SZBOXrCovSKIvUf%2BmxmE8sw%3D%3D
MDL,SUPPLY OF VISITING CARD,GM(M)/PS/BRC/VISITING CARD/2026-28,03-Jun-2026 02:00 PM,03-Jun-2026 03:00 PM,https://eprocuremdl.nic.in/nicgep/app/nicgep/app?component=%24DirectLink&page=Home&service=direct&session=T&sp=S7MDU0%2Fw1P7YaQW8g8TI4eQ%3D%3D
MDL,"Procurement of Power Distribution Boards, Relay Box, Eot System and Remote Push Buttons for Project 7500 Dwt Multi-Purpose Dry Cargo Vessel",1700000763,04-Jun-2026 02:00 PM,08-Jun-2026 02:00 PM,https://eprocuremdl.nic.in/nicgep/app/nicgep/app?component=%24DirectLink&page=Home&service=direct&session=T&sp=SG7D%2BZH9kaA0yioxJKj%2BwCA%3D%3D
MDL,"External Painting, Structural Repairs and  Terrace Water Proofing of Currie House  building at Residential Colony MDL",1900000254,08-Jun-2026 02:30 PM,09-Jun-2026 02:30 PM,https://eprocuremdl.nic.in/nicgep/app/nicgep/app?component=%24DirectLink&page=Home&service=direct&session=T&sp=SUTy8QDmr6u1INHGAuJ5ksQ%3D%3D
MDL,Design Manufacturing Supply Erection and Commissioning of Submarine Pressure Hull Manufacturing Workstations,EY/CD/P75-I/SSJ/1200003492,05-Jun-2026 12:00 PM,05-Jun-2026 03:00 PM,https://eprocuremdl.nic.in/nicgep/app/nicgep/app?component=%24DirectLink&page=Home&service=direct&session=T&sp=ShmTm624%2BAZ6QFv8nAj14%2FA%3D%3D
Midhani,Civil works for Construction of PNG station near MPHCC at Midhani Ground 5,AP20261006/ELT/030/26-27,08-Jun-2026 11:00 AM,09-Jun-2026 11:00 AM,https://eprocuremidhani.nic.in/nicgep/app/nicgep/app?component=%24DirectLink&page=Home&service=direct&session=T&sp=SkywW5NHIyAj0PB3CRP9eVg%3D%3D
Midhani,"Annual Maintenance Contract for Maintenance and Minor Works at plant, Corporate office, AMTL and Hostel - as per CPWD- DSR 2023 rates for MIDHANI",AP20261005//EADVT/098/26-27,22-Jun-2026 11:00 AM,23-Jun-2026 11:00 AM,https://eprocuremidhani.nic.in/nicgep/app/nicgep/app?component=%24DirectLink&page=Home&service=direct&session=T&sp=SLfFKi9izXsw%2BZtuw2V4wxA%3D%3D
Midhani,AMC and Calibration for Magnetic testing Instruments,AP17268012/EST/025/26-27,04-Jun-2026 11:00 AM,05-Jun-2026 11:00 AM,https://eprocuremidhani.nic.in/nicgep/app/nicgep/app?component=%24DirectLink&page=Home&service=direct&session=T&sp=SAGzhHvRBBDd8QoFgerOdRQ%3D%3D
Midhani,CHROMIUM METAL GRADE A UNWROUGHT,04261002/RM/EADVT/066/26-27,05-Jun-2026 11:30 AM,06-Jun-2026 11:30 AM,https://eprocuremidhani.nic.in/nicgep/app/nicgep/app?component=%24DirectLink&page=Home&service=direct&session=T&sp=SQlrdpM8KKibhj27IrT0POw%3D%3D
PMGSY NRRDA,Package No OR-20-573 (L151-Inchimetla to Metalguda) under PMGSY-IV (Batch-I),NCB-03/RWCSBD/2026-2027,17-Jun-2026 05:30 PM,18-Jun-2026 12:00 PM,https://www.pmgsytenders.gov.in/nicgep/app/nicgep/app?component=%24DirectLink&page=Home&service=direct&session=T&sp=S4RhpWo%2FT8kcppBu3RwJH8A%3D%3D
PMGSY NRRDA,Package No OR-20-560 L113-NH 326 to Alsiguda via Salbagan) under PMGSY-IV (Batch-I),NCB-03/RWCSBD/2026-2027,17-Jun-2026 05:30 PM,18-Jun-2026 12:00 PM,https://www.pmgsytenders.gov.in/nicgep/app/nicgep/app?component=%24DirectLink&page=Home&service=direct&session=T&sp=S0%2FUIit38mY7AZLnOfLn1gQ%3D%3D
PMGSY NRRDA,Package No OR-20-571 (L124-MV 79 to Nuaguda) under PMGSY-IV (Batch-I),NCB-03/RWCSBD/2026-2027,17-Jun-2026 05:30 PM,18-Jun-2026 12:00 PM,https://www.pmgsytenders.gov.in/nicgep/app/nicgep/app?component=%24DirectLink&page=Home&service=direct&session=T&sp=Sy%2BD7rxDkX64fHlvBCmZVUQ%3D%3D
PMGSY NRRDA,Package No OR-20-558 (L154-PWD road to MV 130) under PMGSY-IV (Batch-I),NCB-03/RWCSBD/2026-2027,17-Jun-2026 05:30 PM,18-Jun-2026 12:00 PM,https://www.pmgsytenders.gov.in/nicgep/app/nicgep/app?component=%24DirectLink&page=Home&service=direct&session=T&sp=SWS59bpJndz09wMoSqGHd0Q%3D%3D
PMGSY NRRDA,Package No OR-20-572 (L150-MPV 83 to Bandiniguda) under PMGSY-IV (Batch-I),NCB-03/RWCSBD/2026-2027,17-Jun-2026 05:30 PM,18-Jun-2026 12:00 PM,https://www.pmgsytenders.gov.in/nicgep/app/nicgep/app?component=%24DirectLink&page=Home&service=direct&session=T&sp=ShKEveXPe1HSyhIanz6JDjg%3D%3D
PMGSY NRRDA,Package No OR-20-559 (L110-RD road to Betuguda) under PMGSY-IV (Batch-I),NCB-03/RWCSBD/2026-2027,17-Jun-2026 05:30 PM,18-Jun-2026 12:00 PM,https://www.pmgsytenders.gov.in/nicgep/app/nicgep/app?component=%24DirectLink&page=Home&service=direct&session=T&sp=S5DBxIbOiW%2B62O5SSSluX%2Bg%3D%3D
PMGSY NRRDA,OR-27-633	 L133-RD Road to AP Boarder via Buduruguda         under PMGSY IV (Batch-I),NCB-06/RWCRGDA/2026-27,22-Jun-2026 05:30 PM,23-Jun-2026 12:00 PM,https://www.pmgsytenders.gov.in/nicgep/app/nicgep/app?component=%24DirectLink&page=Home&service=direct&session=T&sp=SOA9uYv8w8%2FJa%2FKD7bxTB%2Bw%3D%3D
PMGSY NRRDA,Package No OR-20-575 (L141-Phulkonkonda to Goudaguda) under PMGSY-IV (Batch-I),NCB-03/RWCSBD/2026-2027,17-Jun-2026 05:30 PM,18-Jun-2026 12:00 PM,https://www.pmgsytenders.gov.in/nicgep/app/nicgep/app?component=%24DirectLink&page=Home&service=direct&session=T&sp=SJNps6ovVqKYNY%2FJesQBpmg%3D%3D
PMGSY NRRDA,Package No OR-20-576 (L146-Tamanpalli to Kodelguda) under PMGSY-IV (Batch-I),NCB-03/RWCSBD/2026-2027,17-Jun-2026 05:30 PM,18-Jun-2026 12:00 PM,https://www.pmgsytenders.gov.in/nicgep/app/nicgep/app?component=%24DirectLink&page=Home&service=direct&session=T&sp=SMyJAz%2BP9sGzEaB3i0kX86w%3D%3D
PMGSY NRRDA,OR-27-632	L140-PWD Road to Mandaguda       under PMGSY IV (Batch-I),NCB-06/RWCRGDA/2026-27,22-Jun-2026 05:30 PM,23-Jun-2026 12:00 PM,https://www.pmgsytenders.gov.in/nicgep/app/nicgep/app?component=%24DirectLink&page=Home&service=direct&session=T&sp=Sg2qUUgByxRTakNVIXyN8mQ%3D%3D
PMGSY Andaman,Upgradation of rural road from SH connection (Krishna Biswas home ) to Ramkrishnapur Dam at Hut Bay(Revised Estimate),NIT No.78/NIT/SE/CC-I/26-27,03-Jun-2026 03:00 PM,03-Jun-2026 03:30 PM,https://pmgsytendersani.nic.in/nicgep/app/nicgep/app?component=%24DirectLink&page=Home&service=direct&session=T&sp=Sw1eUl1%2FspGxkHO2vj45Qmw%3D%3D
PMGSY Arunachal Pradesh,Construction of Bridge across Enjoh Nallah on Road from 17.2 Km Pt of PMGSY Road to Cheppe to Adane in Anelieh-Arzoo Block of Dibang Valley District (A.P) under VVP (Span 18.00m),AR0201010B,15-Jun-2026 04:00 PM,16-Jun-2026 10:00 AM,https://pmgsytendersarn.gov.in/nicgep/app/nicgep/app?component=%24DirectLink&page=Home&service=direct&session=T&sp=S12Lr5vu77n9AgJjeqcDIqg%3D%3D
PMGSY Arunachal Pradesh,Construction of Bridge across Eachi Nallah on Road from 17.2 Km Pt of PMGSY Road to Cheppe to Adane in Anelieh-Arzoo Block of Dibang Valley District (A.P) under VVP (Span 25.00m),AR0201010C,15-Jun-2026 04:00 PM,16-Jun-2026 10:00 AM,https://pmgsytendersarn.gov.in/nicgep/app/nicgep/app?component=%24DirectLink&page=Home&service=direct&session=T&sp=Stuaz4uCoHIsMcX1z5D2CIw%3D%3D
PMGSY Arunachal Pradesh,"Construction of Bridge across Eithu Nallah on Road from 17.2 Km Pt of PMGSY Road to Cheppe to Adane in Anelieh Arzoo Block of Dibang Valley District, A.P under VVP Span 18.00m",AR0201010A,15-Jun-2026 04:00 PM,16-Jun-2026 10:00 AM,https://pmgsytendersarn.gov.in/nicgep/app/nicgep/app?component=%24DirectLink&page=Home&service=direct&session=T&sp=SlAcyraQ0eRj7DupEWzeiyA%3D%3D
PMGSY Arunachal Pradesh,Construction of Bridge across Awa Pani on BRO Road to Achali in Anini-Mipi Block of Dibang Valley District (A.P) under VVP (Span 25.00m).,AR0202928A,15-Jun-2026 04:00 PM,16-Jun-2026 10:00 AM,https://pmgsytendersarn.gov.in/nicgep/app/nicgep/app?component=%24DirectLink&page=Home&service=direct&session=T&sp=S6BbYbu5Txt%2BmCvxEK1VJxA%3D%3D
PMGSY Arunachal Pradesh,Construction of Bridge across Iyee Nallah on Road from 17.2 Km Pt of PMGSY Road to Cheppe to Adane in Anelieh-Arzoo Block of Dibang Valley District (A.P) under VVP (Span-18.00m),AR0201010D,15-Jun-2026 04:00 PM,16-Jun-2026 10:00 AM,https://pmgsytendersarn.gov.in/nicgep/app/nicgep/app?component=%24DirectLink&page=Home&service=direct&session=T&sp=SkE6EVx5mhCpmACDhWY21SA%3D%3D
PMGSY Arunachal Pradesh,"C/o Bridge across Chombo Nallah on NH-313 to New Emali (Old Etalin) in Etalin-Malinye Block of Dibang Valley District (A.P), under VVP (Span-20.00m)",AR0203001A,15-Jun-2026 04:00 PM,16-Jun-2026 10:00 AM,https://pmgsytendersarn.gov.in/nicgep/app/nicgep/app?component=%24DirectLink&page=Home&service=direct&session=T&sp=Si5GX7JqAnp4M01gZnfGCuA%3D%3D
PMGSY Arunachal Pradesh,"C/o Steel Truss Bridge with BUG Span 40.00 m over MagoChu River on L023 Road from Thingbu-Mago PMGSY Road to Luguthang, Length- 40 Mtr.",AR0805611A,15-Jun-2026 09:00 AM,15-Jun-2026 10:00 AM,https://pmgsytendersarn.gov.in/nicgep/app/nicgep/app?component=%24DirectLink&page=Home&service=direct&session=T&sp=SdjYxViOzPTG2ny0F0Hh6AQ%3D%3D
PMGSY Arunachal Pradesh,"C/o RCC Bridge Span 20 m over Namet Rong River  on L021-Road from Tawang-Bomdila BRO Road to Khomten Gonpa, Length- 20 Mtr.",AR0803525A,15-Jun-2026 09:00 AM,15-Jun-2026 10:00 AM,https://pmgsytendersarn.gov.in/nicgep/app/nicgep/app?component=%24DirectLink&page=Home&service=direct&session=T&sp=SUYW1dszDzmlAEygXaG%2FQtA%3D%3D
PMGSY Arunachal Pradesh,Co Steel Bridge with BUG GRIDER span 35.00m over Goka Rong Rive,AR0803091B,15-Jun-2026 10:00 AM,15-Jun-2026 11:00 AM,https://pmgsytendersarn.gov.in/nicgep/app/nicgep/app?component=%24DirectLink&page=Home&service=direct&session=T&sp=Sws60qRbHh32AWQiWNDx7Dg%3D%3D
PMGSY Arunachal Pradesh,RCC Bridge BUG GRIDER Span 20 m over Kyarmateng Rong,AR0803091A,15-Jun-2026 10:00 AM,15-Jun-2026 11:00 AM,https://pmgsytendersarn.gov.in/nicgep/app/nicgep/app?component=%24DirectLink&page=Home&service=direct&session=T&sp=Sg4eU5VSXwuajC1fzeS1mgQ%3D%3D
PMGSY Assam,"Grp45 (AS13407, AS13445, AS13417, AS1315, AS13451, AS13461)",CE/PMGSY/01/2025-26/22,09-Jun-2026 04:00 PM,10-Jun-2026 11:00 AM,https://pmgsytendersasm.gov.in/nicgep/app/nicgep/app?component=%24DirectLink&page=Home&service=direct&session=T&sp=Sb94NjV6HlPcIUQ4trgKiVQ%3D%3D
PMGSY Assam,AS14247,ACE-51/PMGSY-IV/2025-26/10,08-Jun-2026 04:00 PM,09-Jun-2026 11:00 AM,https://pmgsytendersasm.gov.in/nicgep/app/nicgep/app?component=%24DirectLink&page=Home&service=direct&session=T&sp=S5otCnguRy4XZBJLKCVPslg%3D%3D
PMGSY Assam,AS14251,ACE-51/PMGSY-IV/2025-26/10,08-Jun-2026 04:00 PM,09-Jun-2026 11:00 AM,https://pmgsytendersasm.gov.in/nicgep/app/nicgep/app?component=%24DirectLink&page=Home&service=direct&session=T&sp=Sng7SSH1VB4CaJKewfgyeqA%3D%3D
PMGSY Assam,AS14297,ACE-51/PMGSY-IV/2025-26/10,08-Jun-2026 04:00 PM,09-Jun-2026 11:00 AM,https://pmgsytendersasm.gov.in/nicgep/app/nicgep/app?component=%24DirectLink&page=Home&service=direct&session=T&sp=SzTBGntqfSpv5aNvahgRaUQ%3D%3D
PMGSY Goa,RCC	Bridge	at Ch.2.670	Kms	of MDR23		 to Hathkhamba-Goa road	in North Goa District	under PMGSY-III(Re-Tender 3rd call),GA01213,03-Jun-2026 03:00 PM,05-Jun-2026 10:30 AM,https://pmgsytendersgoa.gov.in/nicgep/app/nicgep/app?component=%24DirectLink&page=Home&service=direct&session=T&sp=SPneQDT%2FSpVlflS4v4CPFaQ%3D%3D
PMGSY J&K,Stage Contract of roads under the jurisdiction of PMGSY Division Kupwara,02/EE/PMGSY/KUP/eNIT of 2026-27,05-Jun-2026 04:00 PM,06-Jun-2026 01:00 PM,https://pmgsytendersjk.gov.in/nicgep/app/nicgep/app?component=%24DirectLink&page=Home&service=direct&session=T&sp=S88Lz%2Fbgjz0AlzzrRuwnbGQ%3D%3D
PMGSY J&K,"Construction and Maintenance of  road L038-(link road) from Kallar to Nadyalla   Package No. JK12 - 4535, PMGSY-IV, Batch-I of 2026-27, Block -Planger , District Rajouri. (Using Waste Plastics 3.0Kms) Length-3.000 Kms",JK124535,22-Jun-2026 05:00 PM,23-Jun-2026 11:00 AM,https://pmgsytendersjk.gov.in/nicgep/app/nicgep/app?component=%24DirectLink&page=Home&service=direct&session=T&sp=SSmfFPkqhO32s5DC%2B5HVR%2BA%3D%3D
PMGSY J&K,Temporary restoration by way of Clearance Slip / Snow Bani Sub-Division Group C,10/EE/PMGSY/B OF 2026-27 DATED 29/05/2026,05-Jun-2026 02:00 PM,05-Jun-2026 04:00 PM,https://pmgsytendersjk.gov.in/nicgep/app/nicgep/app?component=%24DirectLink&page=Home&service=direct&session=T&sp=Sn7YcZio3MCmBbclEAdXKQg%3D%3D
PMGSY J&K,Temporary restoration by way of Clearance Slip / Snow Bani Sub-Division Group B,10/EE/PMGSY/B OF 2026-27 DATED 29/05/2026,05-Jun-2026 02:00 PM,05-Jun-2026 04:00 PM,https://pmgsytendersjk.gov.in/nicgep/app/nicgep/app?component=%24DirectLink&page=Home&service=direct&session=T&sp=Sze%2BEtUBzTDsjwPIK2IdGkQ%3D%3D
PMGSY J&K,"Permanent Restoration of road from Km 7th to Nah, Package No. JK12-423, Block Sunderbani District Rajouri under Capex Budget 2025-26 (2181-PMGSY Roads) under SASCI 2025-26",SE/PMGSY/J/16 OF 2026-27 DATED 29.05.2026,06-Jun-2026 05:00 PM,08-Jun-2026 11:00 AM,https://pmgsytendersjk.gov.in/nicgep/app/nicgep/app?component=%24DirectLink&page=Home&service=direct&session=T&sp=SneV7MtLDkYfT8JTgnsF41Q%3D%3D
PMGSY J&K,"Construction and Maintenance of Road from L076-(Link road)  Dodaj main road Palyarni to Patyari Package No. JK12-4566, PMGSY-IV, Batch-I of 2026-27, Block-Darhal, District Rajouri. Length 4.200 Kms",JK124566,19-Jun-2026 05:00 PM,22-Jun-2026 11:00 AM,https://pmgsytendersjk.gov.in/nicgep/app/nicgep/app?component=%24DirectLink&page=Home&service=direct&session=T&sp=S989Ft1L4rcA0tPsOWleFUQ%3D%3D
PMGSY J&K,"Construction and Maintenance of Road L056-Link from Prayali Katha Charuni to Galla Jabri (Ratanpir) Package No. JK12-4596, PMGSY-IV, Batch-I of 2026-27, Block-Thanamandi, District Rajouri Length 4.000 Kms",JK124596,19-Jun-2026 05:00 PM,22-Jun-2026 11:00 AM,https://pmgsytendersjk.gov.in/nicgep/app/nicgep/app?component=%24DirectLink&page=Home&service=direct&session=T&sp=Syn9GPKlwfYXtmpZXhSmc1w%3D%3D
PMGSY J&K,"Construction and Maintenance of Road from L075-(Link road)  L031 Bari Darhal road to Budhkhandari via Gandain vali Package No. JK12-4561, PMGSY-IV, Batch-I of 2026-27, Block-Darhal, District Rajouri. Length 7.000 Kms",JK124561,19-Jun-2026 05:00 PM,22-Jun-2026 11:00 AM,https://pmgsytendersjk.gov.in/nicgep/app/nicgep/app?component=%24DirectLink&page=Home&service=direct&session=T&sp=S6dficYOsTEbWn9UEbbrhXg%3D%3D
PMGSY J&K,"Construction and Maintenance of Road  L040-Link from KM 9th of Hasplote Pangai road to Thakra Package No. JK12-4544, PMGSY-IV, Batch-I of 2026-27, Block-Thanamandi, District Rajouri Length 5.000 Kms",JK124544,19-Jun-2026 05:00 PM,22-Jun-2026 11:00 AM,https://pmgsytendersjk.gov.in/nicgep/app/nicgep/app?component=%24DirectLink&page=Home&service=direct&session=T&sp=SyFTW82s18DV3839aVxzoLA%3D%3D
PMGSY J&K,"Construction and Maintenance of Road from L080-(Link road)  Dodaj main road to Rossi wala Package No. JK12-4557, PMGSY-IV, Batch-I of 2026-27, Block-Darhal, District Rajouri. Length 4.700 Kms",JK124557,19-Jun-2026 05:00 PM,22-Jun-2026 11:00 AM,https://pmgsytendersjk.gov.in/nicgep/app/nicgep/app?component=%24DirectLink&page=Home&service=direct&session=T&sp=S3wVeLXyMcCnL0ehziv4Sgw%3D%3D
PMGSY Jharkhand,JH-16-PMJANMAN-III-BR-PAK-05,NIT-10_PMJANMAN-BRIDGE,12-Jun-2026 05:00 PM,12-Jun-2026 05:30 PM,https://pmgsytendersjhr.gov.in/nicgep/app/nicgep/app?component=%24DirectLink&page=Home&service=direct&session=T&sp=SSIwnLY4aTpnZmRuTbyWVDw%3D%3D
PMGSY Jharkhand,JH-12-PMJANMAN-III-BR-JAM-01,NIT-10_PMJANMAN-BRIDGE,12-Jun-2026 05:00 PM,12-Jun-2026 05:30 PM,https://pmgsytendersjhr.gov.in/nicgep/app/nicgep/app?component=%24DirectLink&page=Home&service=direct&session=T&sp=SstNthzOd6fw0HPR1GsF69g%3D%3D
PMGSY Jharkhand,JH-09-PMJANMAN-III-BR-GOD-04,NIT-10_PMJANMAN-BRIDGE,12-Jun-2026 05:00 PM,12-Jun-2026 05:30 PM,https://pmgsytendersjhr.gov.in/nicgep/app/nicgep/app?component=%24DirectLink&page=Home&service=direct&session=T&sp=STmEppmTdjty9phMYKKgQww%3D%3D
PMGSY Jharkhand,JH-10-PMJANMAN-III-BR-GUM-02,NIT-10_PMJANMAN-BRIDGE,12-Jun-2026 05:00 PM,12-Jun-2026 05:30 PM,https://pmgsytendersjhr.gov.in/nicgep/app/nicgep/app?component=%24DirectLink&page=Home&service=direct&session=T&sp=SihozvPrzFZGP8%2F%2BVmRq%2FLw%3D%3D
PMGSY Jharkhand,JH-10-PMJANMAN-III-BR-GUM-01,NIT-10_PMJANMAN-BRIDGE,12-Jun-2026 05:00 PM,12-Jun-2026 05:30 PM,https://pmgsytendersjhr.gov.in/nicgep/app/nicgep/app?component=%24DirectLink&page=Home&service=direct&session=T&sp=SqhPQa7a2llNG53%2FUOx%2FtUQ%3D%3D
PMGSY Jharkhand,JH-14-PMJANMAN-III-BR-LAT-08,NIT-10_PMJANMAN-BRIDGE,12-Jun-2026 05:00 PM,12-Jun-2026 05:30 PM,https://pmgsytendersjhr.gov.in/nicgep/app/nicgep/app?component=%24DirectLink&page=Home&service=direct&session=T&sp=SOK1Q6w80EIowfywHtdzgtQ%3D%3D
PMGSY Jharkhand,JH-14-PMJANMAN-III-BR-LAT-05,NIT-10_PMJANMAN-BRIDGE,12-Jun-2026 05:00 PM,12-Jun-2026 05:30 PM,https://pmgsytendersjhr.gov.in/nicgep/app/nicgep/app?component=%24DirectLink&page=Home&service=direct&session=T&sp=SYhrgCms8hlKR6FB8ZfzHSg%3D%3D
PMGSY Jharkhand,JH-14-PMJANMAN-III-BR-LAT-02,NIT-10_PMJANMAN-BRIDGE,12-Jun-2026 05:00 PM,12-Jun-2026 05:30 PM,https://pmgsytendersjhr.gov.in/nicgep/app/nicgep/app?component=%24DirectLink&page=Home&service=direct&session=T&sp=SOfme0U3bHiyLQJYiNZj1Lw%3D%3D
PMGSY Jharkhand,JH-14-PMJANMAN-III-BR-LAT-01,NIT-10_PMJANMAN-BRIDGE,12-Jun-2026 05:00 PM,12-Jun-2026 05:30 PM,https://pmgsytendersjhr.gov.in/nicgep/app/nicgep/app?component=%24DirectLink&page=Home&service=direct&session=T&sp=S890J6H%2FD1aHTK0tZlpFu6Q%3D%3D
PMGSY Jharkhand,JH-14-PMJANMAN-III-BR-LAT-03,NIT-10_PMJANMAN-BRIDGE,12-Jun-2026 05:00 PM,12-Jun-2026 05:30 PM,https://pmgsytendersjhr.gov.in/nicgep/app/nicgep/app?component=%24DirectLink&page=Home&service=direct&session=T&sp=S2Rjz4krqi3rlooff4qSPIg%3D%3D
PMGSY Kerala,PREPARATION OF BRIDGE DPR INCLUDING INVESTIGATION DESIGN AND DRAWING CHEMBANTHODU KURUVAKKAYAM POOMALA BRIDGE Span 40mt - (Re-E-Tender),01/LSBS/PMGSY/DPR/IDK/26-27,09-Jun-2026 05:00 PM,11-Jun-2026 11:00 AM,https://pmgsytendersker.gov.in/nicgep/app/nicgep/app?component=%24DirectLink&page=Home&service=direct&session=T&sp=SHxhn6pb7HrRNHISMlRgTEw%3D%3D
PMGSY Kerala,PREPARATION OF BRIDGE DPR INCLUDING INVESTIGATION DESIGN AND DRAWING URUMBIKKARA PATTIKUNNU MELORAM BRIDGE Span 15mt-  (Re-E-Tender),01/LSBS/PMGSY/DPR/IDK/26-27,09-Jun-2026 05:00 PM,11-Jun-2026 11:00 AM,https://pmgsytendersker.gov.in/nicgep/app/nicgep/app?component=%24DirectLink&page=Home&service=direct&session=T&sp=SMVgv80oAEgbTHMw7aLJtjw%3D%3D
PMGSY Kerala,PREPARATION OF BRIDGE DPR INCLUDING INVESTIGATION DESIGN AND DRAWING KUTTIPLANGADU ST OLONY URUMBIKKARA BRIDGE Span 20mt-  (Re-E-Tender),01/LSBS/PMGSY/DPR/IDK/26-27,09-Jun-2026 05:00 PM,11-Jun-2026 11:00 AM,https://pmgsytendersker.gov.in/nicgep/app/nicgep/app?component=%24DirectLink&page=Home&service=direct&session=T&sp=ShkACZcMud2H0G28niKMo3g%3D%3D
PMGSY Kerala,PREPARATION OF BRIDGE DPR INCLUDING INVESTIGATION DESIGN AND DRAWING PULLIKKANAM BRIDGE Span 25mt- (Re-E-Tender),01/LSBS/PMGSY/DPR/IDK/26-27,09-Jun-2026 05:00 PM,11-Jun-2026 11:00 AM,https://pmgsytendersker.gov.in/nicgep/app/nicgep/app?component=%24DirectLink&page=Home&service=direct&session=T&sp=SDHj7lSF0SESAZgFsA3d%2BBw%3D%3D
PMGSY Kerala,PREPARATION OF BRIDGE DPR INCLUDING INVESTIGATION DESIGN AND DRAWING KOCHUKARUNTHARVI KOOTTAKKALLU BRIDGE Span 20mt- (E-Quotation),01/LSBS/PMGSY/DPR/IDK/26-27,09-Jun-2026 05:00 PM,11-Jun-2026 11:00 AM,https://pmgsytendersker.gov.in/nicgep/app/nicgep/app?component=%24DirectLink&page=Home&service=direct&session=T&sp=SrP8EQAsgVrNL64N2ozRmiA%3D%3D
PMGSY Kerala,PREPARATION OF BRIDGE DPR INCLUDING INVESTIGATION DESIGN AND DRAWING VAGAKKAD MADAM LINK BRIDGE Span 15mt- (Re-E-Tender),01/LSBS/PMGSY/DPR/IDK/26-27,09-Jun-2026 05:00 PM,11-Jun-2026 11:00 AM,https://pmgsytendersker.gov.in/nicgep/app/nicgep/app?component=%24DirectLink&page=Home&service=direct&session=T&sp=S77jgPqaPoJZKTJuHfQ%2Fveg%3D%3D
PMGSY Kerala,PREPARATION OF BRIDGE DPR INCLUDING INVESTIGATION DESIGN AND DRAWING GURUMANDIRAM PRIYADARSHINI MEDU Span 15.5mt- (E-Quotation),01/LSBS/PMGSY/DPR/IDK/26-27,09-Jun-2026 05:00 PM,11-Jun-2026 11:00 AM,https://pmgsytendersker.gov.in/nicgep/app/nicgep/app?component=%24DirectLink&page=Home&service=direct&session=T&sp=SdBsCbyfFt1MqsxBlfJ%2FhYg%3D%3D
PMGSY Kerala,PREPARATION OF BRIDGE DPR INCLUDING INVESTIGATION DESIGN AND DRAWING  MALACHINNAR KALLARMUKKU THOOVAL BRIDGE Span 18m- (E-Quotation),01/LSBS/PMGSY/DPR/IDK/26-27,09-Jun-2026 05:00 PM,11-Jun-2026 11:00 AM,https://pmgsytendersker.gov.in/nicgep/app/nicgep/app?component=%24DirectLink&page=Home&service=direct&session=T&sp=S2Iq4FN6ocd0a9gyMO5l1JA%3D%3D
PMGSY Kerala,PREPARATION OF BRIDGE DPR INCLUDING INVESTIGATION DESIGN AND DRAWING PORIKANNI MURUKKANPADI MP PALAM BRIDGE Span 45mt- (E-Quotation),01/LSBS/PMGSY/DPR/IDK/26-27,09-Jun-2026 05:00 PM,11-Jun-2026 11:00 AM,https://pmgsytendersker.gov.in/nicgep/app/nicgep/app?component=%24DirectLink&page=Home&service=direct&session=T&sp=SQJhIQXDJJ1wx6k09WvD37A%3D%3D
PMGSY Kerala,PREPARATION OF BRIDGE DPR INCLUDING INVESTIGATION DESIGN AND DRAWING UDUMBANNOOR KAITHAPARA BRIDGE Span 120mt- (Re-Tender),01/LSBS/PMGSY/DPR/IDK/26-27,09-Jun-2026 05:00 PM,11-Jun-2026 11:00 AM,https://pmgsytendersker.gov.in/nicgep/app/nicgep/app?component=%24DirectLink&page=Home&service=direct&session=T&sp=SM4dTPvlVqiYRm%2BeuYWuNMg%3D%3D
PMGSY Ladakh,Providing and Laying hume pipe for temporary restoration of saspotse and yangthang nallah crossing,EE/PMGSY/Leh/e tender/2026-27/DB//72-78,04-Jun-2026 02:00 PM,05-Jun-2026 01:00 PM,https://pmgsytendersla.nic.in/nicgep/app/nicgep/app?component=%24DirectLink&page=Home&service=direct&session=T&sp=SlxUZEuIPP7Nbh9Ur9b7Cvg%3D%3D
PMGSY Madhya Pradesh,1267/MP33713(BW)/Sagar-2 (Bina),MP33713 (BW),05-Jun-2026 05:00 PM,08-Jun-2026 11:00 AM,https://pmgsytendersmp.gov.in/nicgep/app/nicgep/app?component=%24DirectLink&page=Home&service=direct&session=T&sp=S4JBgbkKzR9bG17HOc3wvfA%3D%3D
PMGSY Madhya Pradesh,1266/MP07BR315(BW)/Pandhurna,MP07BR315 (BW),02-Jun-2026 05:00 PM,04-Jun-2026 11:00 AM,https://pmgsytendersmp.gov.in/nicgep/app/nicgep/app?component=%24DirectLink&page=Home&service=direct&session=T&sp=SjCZFgSmtyOEKEl5i65JY4A%3D%3D
PMGSY Maharashtra,MH28MP5Y-08,CE-MRRDA SE KONKAN EE-Sindhudurg SR 2023-24 3RD CALL,05-Jun-2026 05:00 PM,08-Jun-2026 05:00 PM,https://pmgsytendersmah.gov.in/nicgep/app/nicgep/app?component=%24DirectLink&page=Home&service=direct&session=T&sp=SzZbbhlrXEPTyy4h5O3rWTA%3D%3D
PMGSY Odisha,Package No OR-20-560 L113-NH 326 to Alsiguda via Salbagan) under PMGSY-IV (Batch-I),NCB-03/RWCSBD/2026-2027,17-Jun-2026 05:30 PM,18-Jun-2026 12:00 PM,https://pmgsytendersori.gov.in/nicgep/app/nicgep/app?component=%24DirectLink&page=Home&service=direct&session=T&sp=S0%2FUIit38mY7AZLnOfLn1gQ%3D%3D
PMGSY Odisha,Package No OR-20-558 (L154-PWD road to MV 130) under PMGSY-IV (Batch-I),NCB-03/RWCSBD/2026-2027,17-Jun-2026 05:30 PM,18-Jun-2026 12:00 PM,https://pmgsytendersori.gov.in/nicgep/app/nicgep/app?component=%24DirectLink&page=Home&service=direct&session=T&sp=SWS59bpJndz09wMoSqGHd0Q%3D%3D
PMGSY Odisha,Package No OR-20-572 (L150-MPV 83 to Bandiniguda) under PMGSY-IV (Batch-I),NCB-03/RWCSBD/2026-2027,17-Jun-2026 05:30 PM,18-Jun-2026 12:00 PM,https://pmgsytendersori.gov.in/nicgep/app/nicgep/app?component=%24DirectLink&page=Home&service=direct&session=T&sp=ShKEveXPe1HSyhIanz6JDjg%3D%3D
PMGSY Odisha,Package No OR-20-573 (L151-Inchimetla to Metalguda) under PMGSY-IV (Batch-I),NCB-03/RWCSBD/2026-2027,17-Jun-2026 05:30 PM,18-Jun-2026 12:00 PM,https://pmgsytendersori.gov.in/nicgep/app/nicgep/app?component=%24DirectLink&page=Home&service=direct&session=T&sp=S4RhpWo%2FT8kcppBu3RwJH8A%3D%3D
PMGSY Odisha,Package No OR-20-559 (L110-RD road to Betuguda) under PMGSY-IV (Batch-I),NCB-03/RWCSBD/2026-2027,17-Jun-2026 05:30 PM,18-Jun-2026 12:00 PM,https://pmgsytendersori.gov.in/nicgep/app/nicgep/app?component=%24DirectLink&page=Home&service=direct&session=T&sp=S5DBxIbOiW%2B62O5SSSluX%2Bg%3D%3D
PMGSY Odisha,Package No OR-20-571 (L124-MV 79 to Nuaguda) under PMGSY-IV (Batch-I),NCB-03/RWCSBD/2026-2027,17-Jun-2026 05:30 PM,18-Jun-2026 12:00 PM,https://pmgsytendersori.gov.in/nicgep/app/nicgep/app?component=%24DirectLink&page=Home&service=direct&session=T&sp=Sy%2BD7rxDkX64fHlvBCmZVUQ%3D%3D
PMGSY Odisha,Package No OR-20-576 (L146-Tamanpalli to Kodelguda) under PMGSY-IV (Batch-I),NCB-03/RWCSBD/2026-2027,17-Jun-2026 05:30 PM,18-Jun-2026 12:00 PM,https://pmgsytendersori.gov.in/nicgep/app/nicgep/app?component=%24DirectLink&page=Home&service=direct&session=T&sp=SMyJAz%2BP9sGzEaB3i0kX86w%3D%3D
PMGSY Odisha,OR-27-631	 L112-RD Road to Lakikai    under PMGSY IV (Batch-I),NCB-06/RWCRGDA/2026-27,22-Jun-2026 05:30 PM,23-Jun-2026 12:00 PM,https://pmgsytendersori.gov.in/nicgep/app/nicgep/app?component=%24DirectLink&page=Home&service=direct&session=T&sp=SWZ6bcB9fNZda4iQq0ft8BQ%3D%3D
PMGSY Odisha,Package No OR-20-575 (L141-Phulkonkonda to Goudaguda) under PMGSY-IV (Batch-I),NCB-03/RWCSBD/2026-2027,17-Jun-2026 05:30 PM,18-Jun-2026 12:00 PM,https://pmgsytendersori.gov.in/nicgep/app/nicgep/app?component=%24DirectLink&page=Home&service=direct&session=T&sp=SJNps6ovVqKYNY%2FJesQBpmg%3D%3D
PMGSY Odisha,Package No OR-20-596 (L121-Rd road to MUndaguda) under PMGSY-IV (Batch-I),NCB-03/RWCSBD/2026-2027,17-Jun-2026 05:30 PM,18-Jun-2026 12:00 PM,https://pmgsytendersori.gov.in/nicgep/app/nicgep/app?component=%24DirectLink&page=Home&service=direct&session=T&sp=Se%2B713VtyP9FzyoRDDc9BjQ%3D%3D
PMGSY Punjab,UPGRADATION OF  SUJANPUR TO SHAHPUR KANDI UNDER PMGSY III  BATCH-3 LENGTH  8.90 KM BLOCKSUJANPUR DISTT  PATHANKOT PB 21-007,PTK-2026-028,10-Jun-2026 05:00 PM,11-Jun-2026 11:00 AM,https://pmgsytenderspb.gov.in/nicgep/app/nicgep/app?component=%24DirectLink&page=Home&service=direct&session=T&sp=Su7ET9y5kiUH39%2BRKoyQOaQ%3D%3D
PMGSY Punjab,Upgradation of various link roads under PMGSY III Underd FDR Technology Block Talwara Mukerian Tanda,PMGSY III BATCH III under FDR Technology Block Tanda Mukerian Talwara,15-Jun-2026 05:00 PM,16-Jun-2026 11:00 AM,https://pmgsytenderspb.gov.in/nicgep/app/nicgep/app?component=%24DirectLink&page=Home&service=direct&session=T&sp=S0eUBJOamwTTOBrwVasjxRw%3D%3D
PMGSY Rajasthan,"Construction and maintenance of Rural roads under PMGSY-III, Batch-I, 2020-21, Package No. RJ23P301 (Remaining Work)",ACE PWD ZONE KOTA NITNO-05/2026-27,22-Jun-2026 12:00 PM,22-Jun-2026 03:00 PM,https://pmgsytendersraj.gov.in/nicgep/app/nicgep/app?component=%24DirectLink&page=Home&service=direct&session=T&sp=S%2Fbyya75D7gAfp%2BO88v1wog%3D%3D
PMGSY Uttarakhand,L052 SATYU TO RATHKHAN MOTOR ROAD STAGE I AND II WITH FIVE YEAR MAINTENANCE UNDER PBMC,UT01473,12-Jun-2026 01:00 PM,12-Jun-2026 03:00 PM,https://pmgsytendersuk.gov.in/nicgep/app/nicgep/app?component=%24DirectLink&page=Home&service=direct&session=T&sp=SCtgxVbCYUhWotqTrqtmzAA%3D%3D
PMGSY Uttarakhand,L056-DHARAMSHALA BEND- BAGHAR TO MALARI MOTOR ROAD STAGE I AND II WITH FIVE YEAR MAINTENANCE UNDER PBMC,UT01471,12-Jun-2026 01:00 PM,12-Jun-2026 03:00 PM,https://pmgsytendersuk.gov.in/nicgep/app/nicgep/app?component=%24DirectLink&page=Home&service=direct&session=T&sp=SPKEHtCv1WlDzSpaz5RbsfA%3D%3D
PMGSY Uttarakhand,L034- SH49 to Bhaldigaon Dandeli Silanigaon Motor Road Stage- I and II,UT114691,12-Jun-2026 01:00 PM,12-Jun-2026 03:00 PM,https://pmgsytendersuk.gov.in/nicgep/app/nicgep/app?component=%24DirectLink&page=Home&service=direct&session=T&sp=SwsSn3LB0bj02ZCIZU2gzgg%3D%3D
PMGSY Uttarakhand,L032-Saudu To Jakhi MR Stage- I and II,UT114721,12-Jun-2026 01:00 PM,12-Jun-2026 03:00 PM,https://pmgsytendersuk.gov.in/nicgep/app/nicgep/app?component=%24DirectLink&page=Home&service=direct&session=T&sp=SOShZawPVklSPQgH2MHBSLA%3D%3D
PMGSY Uttarakhand,"UT24131-Pandey Kharak to Dhyonai MR Stage- I and II, Length 2.000 Km",UT24131,12-Jun-2026 01:00 PM,12-Jun-2026 03:00 PM,https://pmgsytendersuk.gov.in/nicgep/app/nicgep/app?component=%24DirectLink&page=Home&service=direct&session=T&sp=S9PeD%2BA0%2FvwNFJ0kpcQKYfg%3D%3D
PMGSY Uttarakhand,L042 Mangtha to Dhaikhal Motor Road Stage I and II,UT084543,12-Jun-2026 01:00 PM,12-Jun-2026 03:00 PM,https://pmgsytendersuk.gov.in/nicgep/app/nicgep/app?component=%24DirectLink&page=Home&service=direct&session=T&sp=So7hOLlIeuIa33pXSdPcqXg%3D%3D
PMGSY Uttarakhand,"L034- Shitlakhet to Syahi Devi Bagich MR, Stage I and II with 5 Years Maintenance under PBMC",UT1465,12-Jun-2026 01:00 PM,12-Jun-2026 03:00 PM,https://pmgsytendersuk.gov.in/nicgep/app/nicgep/app?component=%24DirectLink&page=Home&service=direct&session=T&sp=S%2BK6uvSQvkZWkyL5Udmvwmw%3D%3D
PMGSY Uttarakhand,"L027- Daulaghat to Gurna MR, Stage I and II with 5 Years Maintenance under PBMC",UT1463,12-Jun-2026 01:00 PM,12-Jun-2026 03:00 PM,https://pmgsytendersuk.gov.in/nicgep/app/nicgep/app?component=%24DirectLink&page=Home&service=direct&session=T&sp=SQV9D0wxzo0DpVqx1Zx1YYA%3D%3D
PMGSY Uttarakhand,"L022- Almora Gwaldam Karnprayag MR Km 13 to Panchgaon Syura MR, Stage I and II with 5 Years Maintenance under PBMC",UT1464,12-Jun-2026 01:00 PM,12-Jun-2026 03:00 PM,https://pmgsytendersuk.gov.in/nicgep/app/nicgep/app?component=%24DirectLink&page=Home&service=direct&session=T&sp=SlEAQNCw8yrdxMb%2Fjd52KrQ%3D%3D
PMGSY Uttarakhand,"L033- Khairna Ranikhet MR to Tunakote MR, Stage I and II with 5 Years Maintenance under PBMC",UT014112,12-Jun-2026 01:00 PM,12-Jun-2026 03:00 PM,https://pmgsytendersuk.gov.in/nicgep/app/nicgep/app?component=%24DirectLink&page=Home&service=direct&session=T&sp=S%2FTqak0J1E%2FDMuC%2BdlsOI9Q%3D%3D
Arunachal Pradesh,"Canteen Services at Arunachal Niwas, Dheerpur",RCE/AN/CANTEENTENDER/2025-26,30-Jun-2026 05:00 PM,01-Jul-2026 11:30 AM,https://arunachaltenders.gov.in/nicgep/app/nicgep/app?component=%24DirectLink&page=Home&service=direct&session=T&sp=S495DP5fOjY2Nc7Eltv%2FCUQ%3D%3D
Arunachal Pradesh,Legacy Waste Remediation Services for Itanagar Capital Region      Dumpsite located at Chimpu.,IMC/RFP-LWRS/2026-27/02,02-Jun-2026 12:00 PM,02-Jun-2026 03:00 PM,https://arunachaltenders.gov.in/nicgep/app/nicgep/app?component=%24DirectLink&page=Home&service=direct&session=T&sp=SOz2oHwcNJqAe7TIW8gG3%2FQ%3D%3D
Arunachal Pradesh,SELECTION OF CONSULTANT FOR PREPRATION OF DESIGN OF SWM COLLECTION AND TRANSPORTATIONSYSTEM FOR ITANAGAR MUNICIPAL CORPORATION JURISDICTION AND CUM TRANSACTION ADVISOR (TA)and IEC FOR SOLID WASTE MANAGEMENT (SWM) PROJECT,IMC/C-257093/RFP-SWM-2/2026-27,08-Jun-2026 12:00 PM,08-Jun-2026 02:00 PM,https://arunachaltenders.gov.in/nicgep/app/nicgep/app?component=%24DirectLink&page=Home&service=direct&session=T&sp=SbiVxPP0OQa0IpEWkm8EwbQ%3D%3D
Arunachal Pradesh,C/o CC pavement road from Mazgaon pady field to Piyong Temple.,NRD/Engg/PV/2026-27,03-Jun-2026 01:00 PM,03-Jun-2026 03:00 PM,https://arunachaltenders.gov.in/nicgep/app/nicgep/app?component=%24DirectLink&page=Home&service=direct&session=T&sp=SXy%2BgaiItrQTLtinKaiGgQg%3D%3D
Arunachal Pradesh,Setting up of MRI machine at Bakin Pertin General Hospital Pasighat.,PA/CON-1/MRI-BPGH/25-26/421-32,08-Jun-2026 02:00 PM,10-Jun-2026 11:30 AM,https://arunachaltenders.gov.in/nicgep/app/nicgep/app?component=%24DirectLink&page=Home&service=direct&session=T&sp=SZwlCNwt6mclwhPRxTkR%2FJw%3D%3D
Assam,Supply of Panther Conductor and accessories for 132KV Kahilipara-Narengi and 132KV Narengi-Sonapur Transmission line,AEGCL/MD/Tech-400/ACSR Panther/BID,22-Jun-2026 12:00 PM,23-Jun-2026 02:00 PM,https://assamtenders.gov.in/nicgep/app/nicgep/app?component=%24DirectLink&page=Home&service=direct&session=T&sp=Stj9waUGlB3%2BhEGfIq0AO2Q%3D%3D
Assam,"Construction of 33 KV line for power supply to the proposed site envisaged for the project Redevelopment of Assam Police Reserve campus at AT Road, Paltan Bazar and HB Road, Panbazar, Guwahati-01 in favour of Executive Engineer, Guwahati Electrical",NIT No. CGM(DandS)/APDCL/LAR/ Police Reserve Retender/PESD/2026-27/16,08-Jun-2026 04:00 PM,09-Jun-2026 02:00 PM,https://assamtenders.gov.in/nicgep/app/nicgep/app?component=%24DirectLink&page=Home&service=direct&session=T&sp=S8rS5eoLdbzMXGxevDa1b5Q%3D%3D
Assam,"Construction and Shifting of Existing 33KV/11KV/LT OH/UG lines due to construction of new Railway track from Kamakhya Railway Station to Guwahati Railway Station in favour of The DCEE/Con-II/RE, NF Railway, Maligaon, Ghy under deposit work scheme und","NIT No. CGM(DandS)/APDCL/LAR/ NF Railway Shifting, GED(C)/2026-27/11",08-Jun-2026 04:00 PM,09-Jun-2026 02:30 PM,https://assamtenders.gov.in/nicgep/app/nicgep/app?component=%24DirectLink&page=Home&service=direct&session=T&sp=SUiuqK2F7O3icUmGFz2OS0w%3D%3D
Assam,"Construction of 33KV dedicated line and from 132/33KV Bilasipara GSS Udmari to the premise of M/s Adani Power Ltd., (Thermal Power Plant) at Chiraubakra Jungle Block, Dhubri, Assam under deposit work scheme under Bilasipara Electrical Sub-Division on","NIT No. CGM(DandS)/APDCL/LAR/ Adani Power Ltd, Thermal PP/Bilasipara/2026-27/19",08-Jun-2026 04:00 PM,09-Jun-2026 02:15 PM,https://assamtenders.gov.in/nicgep/app/nicgep/app?component=%24DirectLink&page=Home&service=direct&session=T&sp=S27T%2F4vAZwWA9582ztXF7aA%3D%3D
Assam,Const of Temp Pandal BarricadeShedsTemporary OffCamps at locationKamakhya RailwayStatMaligaonPandu PortNaharbari FieldSonaram FiledTemporary structure different locat from Foothill totheMainEntranceof MaaKamakhya via Bongshiroad in connectwithAmbubac,SE/BII/AMBUBACHI/2026,15-Jun-2026 02:00 PM,15-Jun-2026 02:30 PM,https://assamtenders.gov.in/nicgep/app/nicgep/app?component=%24DirectLink&page=Home&service=direct&session=T&sp=SI6frxXe8pjpWn6DLU9Wh7g%3D%3D
Assam,Procurement of 76923 pcs of Mosquito Nets Length 6ft Wide 4.5 ft Height 5.5 ft and 58823 pcs of Ladies 56179 pcs of Gents umbrella Mahindra Dutta to be distribute amongst the all categories of BPL families SHG poor families within BTC under the Award,DPRD/BTC/6thFC/Koj-179/2026/11,22-Jun-2026 02:30 PM,23-Jun-2026 02:30 PM,https://assamtenders.gov.in/nicgep/app/nicgep/app?component=%24DirectLink&page=Home&service=direct&session=T&sp=S6MXwau%2Fd8UxdY55TqFAjTQ%3D%3D
Assam,ANNUAL MAINTENANCE CONTRACT OF ONE YEAR FOR SERVICING AND OVERHAULING OF 6.6 kV VACCUM CIRCUIT BREAKER (VCB) MAKE LnT AND 415V AIR CIRCUIT BREAKER (ACB) MAKE LnT OF 500 TPD METHANOL PLANT AT APL NAMRUP,APL/CnP/Proj-Elect/2025-26/569,15-Jun-2026 03:00 PM,16-Jun-2026 03:00 PM,https://assamtenders.gov.in/nicgep/app/nicgep/app?component=%24DirectLink&page=Home&service=direct&session=T&sp=SeRHYtkvP1asYmLtMaChhyw%3D%3D
Assam,Supply and Installation of Laptop Desktop and peripherals,AEDC/SDC/2025-26/23,12-Jun-2026 01:00 PM,12-Jun-2026 03:00 PM,https://assamtenders.gov.in/nicgep/app/nicgep/app?component=%24DirectLink&page=Home&service=direct&session=T&sp=SHIbYMPC0b9JTVSBh01qsBQ%3D%3D
Assam,Jawahar Navodaya Vidyalaya PWSS,IFB NO 04 OF 2026-27,19-Jun-2026 02:00 PM,22-Jun-2026 11:00 AM,https://assamtenders.gov.in/nicgep/app/nicgep/app?component=%24DirectLink&page=Home&service=direct&session=T&sp=SZd8ukt2FyjdjsiG6etEt3g%3D%3D
Assam,Construction of Belguri tiniali to Bhakatabori road (ch. 0.00 m to 1147.00 m) under SOPD (SCSP) for the year 2018-19 under Morigaon Rural Road Division under Jagiroad LAC. (Balance work),TB/PWD/MDTRD/610/2025-26/14,06-Jun-2026 02:00 PM,08-Jun-2026 04:00 PM,https://assamtenders.gov.in/nicgep/app/nicgep/app?component=%24DirectLink&page=Home&service=direct&session=T&sp=SEZ1rmp9V54DuiGiqxNENzg%3D%3D
Chandigarh,"Construction of Bleacher Seating Arrangement for Spectators at Sports Stadium, Daddumajra, Chandigarh (MPLADS)",MCC/2026/ROADS-III/06-04,10-Jun-2026 12:00 PM,10-Jun-2026 03:00 PM,https://etenders.chd.nic.in/nicgep/app/nicgep/app?component=%24DirectLink&page=Home&service=direct&session=T&sp=Szi5epggLFbDN8EGQyuoBag%3D%3D
Chandigarh,"Repair of PCC tiles of footpath along roads in  Daddumajra Colony, Chandigarh.",MCC/2026/ROADS-III/06-03,09-Jun-2026 12:00 PM,09-Jun-2026 03:00 PM,https://etenders.chd.nic.in/nicgep/app/nicgep/app?component=%24DirectLink&page=Home&service=direct&session=T&sp=S%2FkuLeJZpZoFpuX%2Bo86O3PA%3D%3D
Chandigarh,"Cleaning of existing road gullies and manhole/ inspection chamber for SWD from Junction No. 18 to Transport Chowk, Madhya Marg (Both Sides) U.T., Chandigarh under SDE W/S-6 Chandigarh (for the period of 3 months Ch. to 2215 N.P Urban Water Supply)",PH3/2026/234,08-Jun-2026 11:00 AM,08-Jun-2026 12:00 PM,https://etenders.chd.nic.in/nicgep/app/nicgep/app?component=%24DirectLink&page=Home&service=direct&session=T&sp=SAxymIT4qPDCJFa%2F%2FEBBcSQ%3D%3D
Chandigarh,Cleaning of existing road gullies and manhole/ inspection chamber for SWD from Junction No. 32 to Tribune Chowk (Northern Side) (under SDE W/S-2 Chd) (for the period of 03 months) Ch. to  2215 (N.P Urban Water Supply,PH3/2026/233,08-Jun-2026 11:00 AM,08-Jun-2026 12:00 PM,https://etenders.chd.nic.in/nicgep/app/nicgep/app?component=%24DirectLink&page=Home&service=direct&session=T&sp=SgAbfJ8OxDCqWifi48lGq%2Fw%3D%3D
Chandigarh,"Operation maintenance and watch and ward of toilet at Sukhna Lake Regulatory End under SDE Water Supply Sub Division No. 2, Chandigarh (Period 01.06.2026 to 31.03.2027 ) (10 months) (Ch. to  2216 N.P Mtc. and repair",PH3/2026/232,08-Jun-2026 11:00 AM,08-Jun-2026 12:00 PM,https://etenders.chd.nic.in/nicgep/app/nicgep/app?component=%24DirectLink&page=Home&service=direct&session=T&sp=Sl%2Buy2HTYaFRZfmUHPjZceA%3D%3D
Chandigarh,"CONSTRUCTION OF MULTIPLAY COURTYARD FOR VARIOUS GAMES INSIDE COMMUNITY CENTER, SECTOR 21, CHANDIGARH",MCC/2026/ROADS-III/06-01,10-Jun-2026 09:00 AM,10-Jun-2026 09:00 AM,https://etenders.chd.nic.in/nicgep/app/nicgep/app?component=%24DirectLink&page=Home&service=direct&session=T&sp=SLYCFFBOXxAbN5D3sV4RfGQ%3D%3D
Chandigarh,"PROVIDING AND FIXING  60 MM PAVER BLOCKS IN INTERNAL BLOCKS AT REHABILITATION COLONY DHANAS, CHANDIGARH",MCC/2026/ROADS-III/06-02,09-Jun-2026 12:00 PM,09-Jun-2026 03:00 PM,https://etenders.chd.nic.in/nicgep/app/nicgep/app?component=%24DirectLink&page=Home&service=direct&session=T&sp=ScjimdeN8r3S2x%2BlfXRS3%2Bg%3D%3D
Chandigarh,"DRY CLEANING OF FLOOR MATS, REPAIR OF VENEER AND POLISHING IN THE HOUSE MEETING HALL IN NEW DELUXE BUILDING, SECTOR 17, CHANDIGARH.",MCC/2026/ROADS-III/QUOT/04-16,08-Jun-2026 12:00 PM,08-Jun-2026 03:00 PM,https://etenders.chd.nic.in/nicgep/app/nicgep/app?component=%24DirectLink&page=Home&service=direct&session=T&sp=Sv22VfTv0mqmZ4yRmZiMXTw%3D%3D
Chandigarh,"CONSTRUCTION OF ADDITIONAL ROOM OF HOUSE NO. 10, SECTOR 22, TYPE-9, CHANDIGARH.",CP3/2026/2847309,08-Jun-2026 11:00 AM,08-Jun-2026 02:00 PM,https://etenders.chd.nic.in/nicgep/app/nicgep/app?component=%24DirectLink&page=Home&service=direct&session=T&sp=SDAkANR6iQZe4dNMU6zxrLQ%3D%3D
Chandigarh,"ESTABLISHMENT OF CRECHE FOR THE CHILDERN OF EMPLOYEES OF LOK BHAWAN, PUNJAB, SECTOR -7 CHANDIGARH.",CP3/2026/2847314,08-Jun-2026 11:00 AM,08-Jun-2026 02:00 PM,https://etenders.chd.nic.in/nicgep/app/nicgep/app?component=%24DirectLink&page=Home&service=direct&session=T&sp=SApU9CHd44tCge3au%2BzvZjw%3D%3D
Dadra Nagar Haveli,"Construction of Retaining wall and Storm Water Drain for Nursing college at Sayli, Dadra and Nagar Haveli. (2nd Call)",E-TENDER NOTICE NO.19 OF 2025-26 (PC),17-Jun-2026 02:00 PM,17-Jun-2026 04:00 PM,https://dnhtenders.gov.in/nicgep/app/nicgep/app?component=%24DirectLink&page=Home&service=direct&session=T&sp=SsyyMvIhKqjj7iaU1e%2FUtgA%3D%3D
Dadra Nagar Haveli,Procurement of Furniture for Newly Constructed SP Complex at Sayli.,E-TENDER NOTICE NO.18 OF 2026-27 (BLDG),09-Jun-2026 02:00 PM,09-Jun-2026 04:00 PM,https://dnhtenders.gov.in/nicgep/app/nicgep/app?component=%24DirectLink&page=Home&service=direct&session=T&sp=ShwZdJg6bqs%2B42dFcKuZTlg%3D%3D
Dadra Nagar Haveli,Conversion from single bus arrangement to Double Bus arrangement at 66KV side of 220/66KV Khadoli Substation in UT of DNHDD (IInd Call),08/2026-27/401,12-Jun-2026 12:00 PM,12-Jun-2026 04:00 PM,https://dnhtenders.gov.in/nicgep/app/nicgep/app?component=%24DirectLink&page=Home&service=direct&session=T&sp=ScNrU39wjRAD%2BLKfyZUGORg%3D%3D
Dadra Nagar Haveli,"Selection of agency for operationalization and maintenance of 100- Bedded Ayurvedic Hospital at Pati, DNH",DMHS/NAM/OM/AYURVEDIC HOSPITAL-PATI/2026-27/98,16-Jun-2026 10:00 AM,16-Jun-2026 11:30 AM,https://dnhtenders.gov.in/nicgep/app/nicgep/app?component=%24DirectLink&page=Home&service=direct&session=T&sp=SVyBSpbY3FZEdaooAYJ5ZBw%3D%3D
Dadra Nagar Haveli,Repairs and maintenance work to existing Dhudhani boys hostel Toilet Block (5th   Call),E-TENDER NOTICE NO.17 OF 2026-27 (BLDG),03-Jun-2026 02:00 PM,03-Jun-2026 04:00 PM,https://dnhtenders.gov.in/nicgep/app/nicgep/app?component=%24DirectLink&page=Home&service=direct&session=T&sp=SeqycdXMvyNnWgww4xt%2B2pA%3D%3D
Dadra Nagar Haveli,"Re-Construction of Boundary Wall for High School at Village Surangi, DNH. (4th Call)",E-TENDER NOTICE NO.17 OF 2026-27 (BLDG),03-Jun-2026 02:00 PM,03-Jun-2026 04:00 PM,https://dnhtenders.gov.in/nicgep/app/nicgep/app?component=%24DirectLink&page=Home&service=direct&session=T&sp=SXFHyQjTaecky%2ForJ0LWPFQ%3D%3D
Dadra Nagar Haveli,Dismantling of Govt. Buildings/Structures in UT of DNH (6th Call),E-TENDER NOTICE NO.17 OF 2026-27 (BLDG),03-Jun-2026 02:00 PM,03-Jun-2026 04:00 PM,https://dnhtenders.gov.in/nicgep/app/nicgep/app?component=%24DirectLink&page=Home&service=direct&session=T&sp=SDcB8rQn8vAUpGM3i86LIpA%3D%3D
Dadra Nagar Haveli,Procurement of Furniture for New PHC at Naroli in UT of DNH.,TENDER NOTICE NO.16 OF 2026-27 (PC),02-Jun-2026 02:00 PM,02-Jun-2026 04:00 PM,https://dnhtenders.gov.in/nicgep/app/nicgep/app?component=%24DirectLink&page=Home&service=direct&session=T&sp=SMEMcBtl%2BcrARWBUV3H6Jiw%3D%3D
Dadra Nagar Haveli,Providing water supply connection to household not connected and within Design Network in North Zone Part 2 connection to Govt. Buildings in North Zone-2 (DNH) (2nd Call),E TENDER NOTICE NUMBER 06 OF 2026-2027,02-Jun-2026 02:30 PM,02-Jun-2026 04:00 PM,https://dnhtenders.gov.in/nicgep/app/nicgep/app?component=%24DirectLink&page=Home&service=direct&session=T&sp=S4M6SyMok3z2CMgnECaXbow%3D%3D
Dadra Nagar Haveli,Providing Water Supply Connection to household not connected and within Design Network area Part-2 and Connection to Govt. Buildings in South Zone (DNH) (2nd Call),E TENDER NOTICE NUMBER 06 OF 2026-2027,02-Jun-2026 02:30 PM,02-Jun-2026 04:00 PM,https://dnhtenders.gov.in/nicgep/app/nicgep/app?component=%24DirectLink&page=Home&service=direct&session=T&sp=Sk6ZjDIDHAsrpiIfA57ojwg%3D%3D
Daman Diu,"RFP for Selection of Agency for Providing, Arranging and Executing a Synchronized Fireworks Display in Daman district (ONLY FOR CREATIVE BRANDING AND ADVERTISEMENT AGENCIES EMPANELLED WITH SPOTAC, DEPARTMENT OF TOURISM, DNH AND DD)",3/146/DT/DNHDD/Fireworks/2627 /235,03-Jun-2026 12:00 PM,03-Jun-2026 01:00 PM,https://ddtenders.gov.in/nicgep/app/nicgep/app?component=%24DirectLink&page=Home&service=direct&session=T&sp=S%2FsKoO6sPTisp9KzWGZUexg%3D%3D
Daman Diu,"Purchase of Digital Stethoscopes for RBSK Mobile teams of UT of DNHDD under National Health Mission, DNH DD",CPB/DNHDD/Stetho/2026 27/120,22-Jun-2026 02:00 PM,22-Jun-2026 03:30 PM,https://ddtenders.gov.in/nicgep/app/nicgep/app?component=%24DirectLink&page=Home&service=direct&session=T&sp=SIoZ4dB3h3crftmZd7tHAyQ%3D%3D
Daman Diu,"Providing Composite Services for providing miscellaneous services and ancillary items for the Shala Praveshotsav at Government Upper Primary School, Kachigam in Daman District, UT Administration of DNH and DD.",05/2026-27,08-Jun-2026 05:00 PM,08-Jun-2026 05:30 PM,https://ddtenders.gov.in/nicgep/app/nicgep/app?component=%24DirectLink&page=Home&service=direct&session=T&sp=S5VEhBof3ppzSnlzZ9hZ2NA%3D%3D
Daman Diu,"Remaining work for the Swimming Pool, Filtration and Sauna Bath Steam Room with allied works of roof work, Badminton and Squash Court Floor, Interior Furnishing work with loose furniture for the Sports Complex at Moti Daman.",41/2026-27,16-Jun-2026 02:00 PM,16-Jun-2026 04:00 PM,https://ddtenders.gov.in/nicgep/app/nicgep/app?component=%24DirectLink&page=Home&service=direct&session=T&sp=SyINSGrRmDTS59zxRS77LEA%3D%3D
Daman Diu,Providing and supplying Luggage Trolley and Security Tray for newly construction Airport Terminal Building at Nani Daman. (2nd call),Tender Notice No.40/2026-27,02-Jun-2026 02:00 PM,02-Jun-2026 04:00 PM,https://ddtenders.gov.in/nicgep/app/nicgep/app?component=%24DirectLink&page=Home&service=direct&session=T&sp=SQHJKRD7Nvwt4seG6J6ilYg%3D%3D
Daman Diu,Request for Proposal for Providing daily meals to the students of Government Schools through Centralized kitchen system in Diu District,EDN/DP/DIU/PM POSHAN/Cent. Kitchen/2026-27/62,23-Jun-2026 04:00 PM,24-Jun-2026 09:00 AM,https://ddtenders.gov.in/nicgep/app/nicgep/app?component=%24DirectLink&page=Home&service=direct&session=T&sp=S4M20g%2FkYuUD4YQeR4MhOWw%3D%3D
Daman Diu,Operation and Maintenance of 18 KM Sewerage Network for Moti Daman Urban Area.,08/2026-27/DMC,08-Jun-2026 03:00 PM,10-Jun-2026 04:00 PM,https://ddtenders.gov.in/nicgep/app/nicgep/app?component=%24DirectLink&page=Home&service=direct&session=T&sp=SDBdLuqYrK6GSnMJvKckv0g%3D%3D
Daman Diu,Castration and Spaying on Stray Dogs in Daman Municipal area under rule ABC 2001 and 2010.,07/2026-27/DMC,05-Jun-2026 03:00 PM,08-Jun-2026 04:00 PM,https://ddtenders.gov.in/nicgep/app/nicgep/app?component=%24DirectLink&page=Home&service=direct&session=T&sp=SofdB0UFjbZxGbYS3onXzuQ%3D%3D
Daman Diu,"Providing and Supplying of Auxiliary Items for Old Collectorate, Daman.",Tender Notice No.39/2026-27,04-Jun-2026 02:00 PM,04-Jun-2026 04:00 PM,https://ddtenders.gov.in/nicgep/app/nicgep/app?component=%24DirectLink&page=Home&service=direct&session=T&sp=SCjgeWgfyC4W%2Bjg7GH973pQ%3D%3D
Daman Diu,Cleaning of storm water drain and cross drain works including cleaning of road side shoulder etc. for the PWD Roads in Diu District. (Pre-monsoon activities) (3rd Call),e-tender Notice No. 24/2026-27,03-Jun-2026 02:30 PM,03-Jun-2026 04:00 PM,https://ddtenders.gov.in/nicgep/app/nicgep/app?component=%24DirectLink&page=Home&service=direct&session=T&sp=SkagTe4%2FjiIVLKALcnPWTFw%3D%3D
Delhi,NIT No. 10/2/EE(C)-21(2026-27),NIT No. 10/2/EE(C)-21(2026-27),09-Jun-2026 03:00 PM,09-Jun-2026 03:30 PM,https://govtprocurement.delhi.gov.in/nicgep/app/nicgep/app?component=%24DirectLink&page=Home&service=direct&session=T&sp=SGSCuemjbXesjswXCX%2BLOaw%3D%3D
Delhi,NIT No. 10/1/EE(C)-21(2026-27),NIT No. 10/1/EE(C)-21(2026-27),09-Jun-2026 03:00 PM,09-Jun-2026 03:30 PM,https://govtprocurement.delhi.gov.in/nicgep/app/nicgep/app?component=%24DirectLink&page=Home&service=direct&session=T&sp=SM1FkforAOoQrVixAemkBsQ%3D%3D
Delhi,"A/R and M/O Roads under North Roads Division, PWD, Delhi during 2026-27  (SH- Patch repair work at various roads under  Sub Division NR-15)",09/EE/NR/PWD/26-27/Delhi,08-Jun-2026 03:00 PM,08-Jun-2026 03:30 PM,https://govtprocurement.delhi.gov.in/nicgep/app/nicgep/app?component=%24DirectLink&page=Home&service=direct&session=T&sp=SAfRU2pyUBisDeGo0TfBqNQ%3D%3D
Delhi,"Improvement of drainage system at M.B. Road under Division South Road-1 and South East Road-2, PWD, New Delhi. (SH- Construction of Precast RCC Box drain at M.B. Road from Lado Sarai to RUB Pul Prahladpur).",14/CE/South/PWD/2026-27,22-Jun-2026 03:00 PM,22-Jun-2026 03:30 PM,https://govtprocurement.delhi.gov.in/nicgep/app/nicgep/app?component=%24DirectLink&page=Home&service=direct&session=T&sp=SccIarz5wJXuGadU4moGKxg%3D%3D
Delhi,NIT No. 10/3/EE(C)-21(2026-27),NIT No. 10/3/EE(C)-21(2026-27),09-Jun-2026 03:00 PM,09-Jun-2026 03:30 PM,https://govtprocurement.delhi.gov.in/nicgep/app/nicgep/app?component=%24DirectLink&page=Home&service=direct&session=T&sp=SJoODVhqYwT%2Bo4xCoATGk%2Fw%3D%3D
Delhi,"R.M.O. Specialized  Electrical and Mechanical Services of Tis Hazari Court, Delhi. (SH Annual Comprehensive Maintenance of CP Plus Make CCTV System Installed at Tis Hazari Court Complex.)",52/EE(E)/JED-1/PWD/2026-27,08-Jun-2026 03:00 PM,08-Jun-2026 03:30 PM,https://govtprocurement.delhi.gov.in/nicgep/app/nicgep/app?component=%24DirectLink&page=Home&service=direct&session=T&sp=SYxKyqzKrSbUcCfwoyHJ7zQ%3D%3D
Delhi,"Improvement of Drain and road at Samalka  Village, in Bijwasan Assembly Constituency AC 36. (Regn No. 58 LOP) (Part -IV)",EE/CD-XII/2026-27/18,08-Jun-2026 03:00 PM,08-Jun-2026 03:05 PM,https://govtprocurement.delhi.gov.in/nicgep/app/nicgep/app?component=%24DirectLink&page=Home&service=direct&session=T&sp=SMdzbwG3UsUSl1cML6NDLbQ%3D%3D
Delhi,Improvement of Drain and road at Bijwashan  Extn. Bijwashan  Village in Bijwan Assembly Constituency AC 36. (Regn No. 117-(Eld),EE/CD-XII/2026-27/19,08-Jun-2026 03:00 PM,08-Jun-2026 03:05 PM,https://govtprocurement.delhi.gov.in/nicgep/app/nicgep/app?component=%24DirectLink&page=Home&service=direct&session=T&sp=SzipV%2FVvFXP5cx1Q8bsyr7g%3D%3D
Delhi,"Maintenance and Electrical consumption charges of street lighting on PWD Roads under NWED, Delhi.(SH Hiring of 320 KVA, 250 KVA and 125 KVA DG Set and Manpower for Operation Additional Pump House Storm Water Pumping Station under NWED, Delhi)",17/EE(E)/NWED/PWD/2026-27,11-Jun-2026 03:00 PM,11-Jun-2026 03:30 PM,https://govtprocurement.delhi.gov.in/nicgep/app/nicgep/app?component=%24DirectLink&page=Home&service=direct&session=T&sp=SDknVHLyZ2OIjpH3g9yi6JA%3D%3D
Delhi,R/M of Flood Fighting Pumps for the year 2026-27,EE/MD-I/06/2026-27/,09-Jun-2026 03:00 PM,09-Jun-2026 03:15 PM,https://govtprocurement.delhi.gov.in/nicgep/app/nicgep/app?component=%24DirectLink&page=Home&service=direct&session=T&sp=Sn8YWUXqJkBJCRrlrm2DiGQ%3D%3D
Goa,Improvement of road at Sonal Tar in V.P. Sanvordem in Valpoi Constituency in Sattari Taluka.(Re-Tender),PWD/WDXXIII/ASW/26-27/F10/S5/2,04-Jun-2026 03:00 PM,08-Jun-2026 10:30 AM,https://eprocure.goa.gov.in/nicgep/app/nicgep/app?component=%24DirectLink&page=Home&service=direct&session=T&sp=Sx4lxqcBbCe6oyUxLvbIkrQ%3D%3D
Goa,Improvement and widening of accident prone zone near KTC Bus Stand Bicholim in BMC in Bicholim Constituency of Bicholim Taluka (Re-Tender),PWD/WDXXIII/ASW/26-27/F10/S5/1,04-Jun-2026 03:00 PM,08-Jun-2026 10:30 AM,https://eprocure.goa.gov.in/nicgep/app/nicgep/app?component=%24DirectLink&page=Home&service=direct&session=T&sp=SXI1FNESUPFwcEFJj6bWgJw%3D%3D
Goa,Hotmixing and  Improvement of  rural road of  Ibrampur for length  of 7.7km in Pernem  Constituency of  Pernem Taluka.,6/4/PWD-WD-XIII (R)/ASW/06/2026-27L1,16-Jun-2026 03:00 PM,17-Jun-2026 09:30 AM,https://eprocure.goa.gov.in/nicgep/app/nicgep/app?component=%24DirectLink&page=Home&service=direct&session=T&sp=SXEBxG1%2FPDbtiuloyL%2B6%2Beg%3D%3D
Goa,Replacement of 100 mm AC pipeline with DI pipeline from Colva beach Junction to Bollywood road in Colva village of Benaulim Constituency    Retender 3rd Call,DDW IV/2062/04/2026-27    line1,12-Jun-2026 03:00 PM,15-Jun-2026 10:30 AM,https://eprocure.goa.gov.in/nicgep/app/nicgep/app?component=%24DirectLink&page=Home&service=direct&session=T&sp=SioNXTX5nAkf9IAbYADhPEA%3D%3D
Goa,Hotmixing and  improvement of  rural roads of  Hankhane for  length of 5.6km in  Pernem  Constituency of  Pernem Taluka.,6/4/PWD-WD-XIII (R)/ASW/06/2026-27L2,16-Jun-2026 03:00 PM,17-Jun-2026 09:30 AM,https://eprocure.goa.gov.in/nicgep/app/nicgep/app?component=%24DirectLink&page=Home&service=direct&session=T&sp=SxVp0xg9qvwEXrYnYWaseOA%3D%3D
Goa,Replacement of 200 mm AC pipeline with 200 mm DI pipeline from Colva circle to fish Market road Seraulim in Benaulim Constituency    Retender 3rd  Call,DDW IV/2062/04/2026-27    line2,12-Jun-2026 03:00 PM,15-Jun-2026 10:30 AM,https://eprocure.goa.gov.in/nicgep/app/nicgep/app?component=%24DirectLink&page=Home&service=direct&session=T&sp=SvQBL%2BRaKLC%2BJG9VKbUFaMg%3D%3D
Goa,"SASCI a Improvements Upgradation of Road, Storm drains, Footpath, Core Networking for underground utility corridor services, Illumination, Up-gradation of bus-transit stops, Signages and way finding for the core city of Vasco on F.L Gomes Road stretc",F40/3/GSUDA/RFP/08/2026-27/359,15-Jun-2026 05:00 PM,16-Jun-2026 11:00 AM,https://eprocure.goa.gov.in/nicgep/app/nicgep/app?component=%24DirectLink&page=Home&service=direct&session=T&sp=SuFA9hQbHsYs76Q%2FASou5DQ%3D%3D
Goa,"Integrated Infrastructure Development of Vasco Historic Core under Special Assistance to States for Capital Investment SASCI 2025-26 S.H Re development of existing Municipal Gardens, Open Spaces and Junction Improvements at various locations with",F40/3/GSUDA/RFP/07/2026-27/358,15-Jun-2026 05:00 PM,16-Jun-2026 11:00 AM,https://eprocure.goa.gov.in/nicgep/app/nicgep/app?component=%24DirectLink&page=Home&service=direct&session=T&sp=Szrweb91ER2b%2BezeW4jB75w%3D%3D
Goa,Balance work of children park constructed by RDA at Marcela in V.P. Tivrem Orgao in Priol constituency,DRDA-S/EW/GGSY/2026-2027/210,09-Jun-2026 11:00 AM,10-Jun-2026 12:00 PM,https://eprocure.goa.gov.in/nicgep/app/nicgep/app?component=%24DirectLink&page=Home&service=direct&session=T&sp=SdNA3bqPvdViqGfGGUKFUIA%3D%3D
Goa,Construction of new retaining wall in Sy No. 392/22 of Chinchinim village of Azmaddi in ward no. I in V.P. Chinchinim in Velim constituency,DRDA-S/EW/GGSY/2026-2027/210,09-Jun-2026 11:00 AM,10-Jun-2026 12:00 PM,https://eprocure.goa.gov.in/nicgep/app/nicgep/app?component=%24DirectLink&page=Home&service=direct&session=T&sp=SzdhCUyqP9rESFhDUtMXPFg%3D%3D
Haryana,"Hussani village, Installati...",202660336BAA 6F02 4F5C B576 FC049433A8EC546PUH,08-Jun-2026 12:00 PM,08-Jun-2026 12:00 PM,https://etenders.hry.nic.in/nicgep/app/nicgep/app?component=%24DirectLink&page=Home&service=direct&session=T&sp=S6IZ1zWOXzEksRQ0eXLKiXg%3D%3D
Haryana,BALANCE WORK FOR THE CONSTR...,20266D5A30CA 0651 4AA5 93B3 F3C2B3DC9B20640BAR,11-Jun-2026 05:00 PM,11-Jun-2026 05:10 PM,https://etenders.hry.nic.in/nicgep/app/nicgep/app?component=%24DirectLink&page=Home&service=direct&session=T&sp=SB83uCL6A5yo0n2NUXP3HJg%3D%3D
Haryana,"Katarwali 239 village, Inst...",202675D2F71C BBDA 43E0 B97A F5EAF3AF386A546PUH,08-Jun-2026 12:00 PM,08-Jun-2026 12:00 PM,https://etenders.hry.nic.in/nicgep/app/nicgep/app?component=%24DirectLink&page=Home&service=direct&session=T&sp=SUq3YeA5LuBrkXRix2FH2Fg%3D%3D
Haryana,"Construction of Various CC Streets from H/o Mahender singh to kosli road, H/o Rajesh to H/o Daya Mistri , H/o Naresh to H/o Munna and other street in ward no 15 MC Jhajjar",2026B3F5E3F2 3326 4105 8D83 DCDA1AB8FF7E323ULB,08-Jun-2026 06:00 PM,09-Jun-2026 09:00 AM,https://etenders.hry.nic.in/nicgep/app/nicgep/app?component=%24DirectLink&page=Home&service=direct&session=T&sp=S4yn0D9lplISrkdElbq9FCg%3D%3D
Haryana,Special Repair of bus stands Kharkhoda in Sonipat Distt.,202679A70639 2AAB 4193 B744 F2113D8DF2C5656BAR,08-Jun-2026 05:00 PM,08-Jun-2026 05:05 PM,https://etenders.hry.nic.in/nicgep/app/nicgep/app?component=%24DirectLink&page=Home&service=direct&session=T&sp=SpapleWskGnemWKS6P8N5pg%3D%3D
Haryana,Extending and Lowering of MS Pipe 80mm and 100mm and Submersible cable at TWell No. S 15  T 1  T 2  T 3  T 4 in Sector 3  Panchkula,202627EBC800 5A71 4AF9 BB60 0348A68B9770269HSV,08-Jun-2026 11:00 AM,09-Jun-2026 03:00 PM,https://etenders.hry.nic.in/nicgep/app/nicgep/app?component=%24DirectLink&page=Home&service=direct&session=T&sp=S%2FG4Lt%2FS0Wj%2BZp1nBZ%2FPkiQ%3D%3D
Haryana,"Construction of CC street from h/o Anil master to Randhir to h/o Ved parkash s/o gangaram, vijay pal house, h/o attar singh to h/o ramphool, h/o joginder JE to h/o sachin s/o suresh, h/o Dr. Naresh Dalal to h/o sunita chauhan other street ward no. 12",202641687B1E 23EC 4A83 96BA CDD549740DEC323ULB,08-Jun-2026 06:00 PM,09-Jun-2026 09:00 AM,https://etenders.hry.nic.in/nicgep/app/nicgep/app?component=%24DirectLink&page=Home&service=direct&session=T&sp=SKmoWFxwneTD5SdR5mfffMg%3D%3D
Haryana,"Construction of IPB Street and drain from h/o Surender singh to h/o suresh, h/o meena w/o rakesh to nawabi road, from nawabi road to church and other street in newly approved kalka colony ward no 15 MC Jhajjar.",202603966FDC 41FF 4B32 A65F 84CD7664AA67323ULB,08-Jun-2026 06:00 PM,09-Jun-2026 09:00 AM,https://etenders.hry.nic.in/nicgep/app/nicgep/app?component=%24DirectLink&page=Home&service=direct&session=T&sp=Sl36rXxgOI1m0l9wmTnmGZw%3D%3D
Haryana,Breaking of Saftey Ring  in bottom depth of Borewell for increasing the qty. of Lowering Pipe and Development of Borewell at various Installation of Borewells in Sec 3 Panchkula.,20260965D7B5 2156 422B B91F 2AD7691AE560269HSV,08-Jun-2026 11:00 AM,09-Jun-2026 03:00 PM,https://etenders.hry.nic.in/nicgep/app/nicgep/app?component=%24DirectLink&page=Home&service=direct&session=T&sp=SXGs1h5zKRWZxjsZO0oRRDQ%3D%3D
Haryana,Const. of CC street from h/o sahil Gupta toi H/o Chauhan Vakil in Ward no. 9 MC jhajjar,2026EF3E4CE4 11A6 41B0 9861 667684573D2D323ULB,08-Jun-2026 06:00 PM,09-Jun-2026 09:00 AM,https://etenders.hry.nic.in/nicgep/app/nicgep/app?component=%24DirectLink&page=Home&service=direct&session=T&sp=SnsoHGwtlczJL%2Fezd6VR8Jw%3D%3D
Himachal Pradesh,Providing Fecal Sludge and Septage Management Facility (FSSM) for Kangra Town in Tehsil and Distt. Kangra H.P.,No. EE/JSDK/EA-I/Tender/2026- 2020-70dated 01.06.2026,12-Jun-2026 11:00 AM,12-Jun-2026 11:30 AM,https://hptenders.gov.in/nicgep/app/nicgep/app?component=%24DirectLink&page=Home&service=direct&session=T&sp=SCQ5u9lR2Vd7L%2Bv%2FwMXy%2FJw%3D%3D
Himachal Pradesh,"Improvement , Extension  and Augmentation of water supply scheme in GP Dhelu, Nichla Garoroo Dart Bagla etc in Tehsil Joginder Nagar Distt Mandi H.P SH Preparation of plan proposal  detailed project report for replacement  old pumping machinery under",3450-99 DT 01.06.2026-2,10-Jun-2026 05:05 PM,11-Jun-2026 11:30 AM,https://hptenders.gov.in/nicgep/app/nicgep/app?component=%24DirectLink&page=Home&service=direct&session=T&sp=SISwVV%2B%2BEbcJDwloVa4JKMw%3D%3D
Himachal Pradesh,Restoration of rain damages to LWSS Mohanpur Baldiyan 1st Stage  in G.P. Baldain  Tehsil and Distt.Shimla.HP,Kasumpti/shimla/LWSS Mohanpur / Rs. 11.13,10-Jun-2026 05:00 PM,11-Jun-2026 11:30 AM,https://hptenders.gov.in/nicgep/app/nicgep/app?component=%24DirectLink&page=Home&service=direct&session=T&sp=S6QQX%2FXYg1zwo1e2j0OFjMg%3D%3D
Himachal Pradesh,PED-13/2026-27,PED-13/2026-27,08-Jun-2026 10:00 AM,09-Jun-2026 11:00 AM,https://hptenders.gov.in/nicgep/app/nicgep/app?component=%24DirectLink&page=Home&service=direct&session=T&sp=SJ%2BptbWqpzrv7Mn91KAtwbg%3D%3D
Himachal Pradesh,PED-12/2026-27,PED-12/2026-27,08-Jun-2026 10:00 AM,09-Jun-2026 11:00 AM,https://hptenders.gov.in/nicgep/app/nicgep/app?component=%24DirectLink&page=Home&service=direct&session=T&sp=SQbBtCdwgUWjebrDtakhRsg%3D%3D
Himachal Pradesh,"Restoration of rain damages and temporary shifting of circle office building, Shimla-9",Kasumpti/shimla/Circe Office Rs. 24.49,10-Jun-2026 05:00 PM,11-Jun-2026 11:30 AM,https://hptenders.gov.in/nicgep/app/nicgep/app?component=%24DirectLink&page=Home&service=direct&session=T&sp=SIV09hKUZaxm5UOT%2BahyjOQ%3D%3D
Himachal Pradesh,"Restoration of rain damages to LWSS Jharech Beolia in G.P. Pujarli  Tehsil and Distt.Shimla.HP..(SH- C/O RCC Nallah Intake, replacement of R/Main 125 mm dia, providing laying jointing of GI pipes of various dia in Distribution and dismentalling and",Kasumpti/shimla/LWSS /Jharech/22.79,10-Jun-2026 05:00 PM,11-Jun-2026 11:30 AM,https://hptenders.gov.in/nicgep/app/nicgep/app?component=%24DirectLink&page=Home&service=direct&session=T&sp=SbfCfrt%2B01ZoUS%2BcW8fm%2BdA%3D%3D
Himachal Pradesh,PED-18/2026-27,PED-18/2026-27,08-Jun-2026 10:00 AM,09-Jun-2026 11:00 AM,https://hptenders.gov.in/nicgep/app/nicgep/app?component=%24DirectLink&page=Home&service=direct&session=T&sp=SkLBLUZhHSSGxBthpkaDTHQ%3D%3D
Himachal Pradesh,"Providing water supply scheme Joginder Nagar Town in Tehsil Joginder Nagar District Mandi H.P SH Providing and Supplying of various dia of GI pipe 100 mm Medium PE , 80 MM dia Medium PE and 15 mm dia SS Light at JSV store Joginder Nagar  Under Amrut",3410-49 DT 01.06.2026,10-Jun-2026 05:00 PM,11-Jun-2026 11:30 AM,https://hptenders.gov.in/nicgep/app/nicgep/app?component=%24DirectLink&page=Home&service=direct&session=T&sp=SGufPU8On30NdQxqbh%2B3Yrg%3D%3D
Himachal Pradesh,HPSEBL/BPHDJ/09/2026-27,HPSEBL/BPHDJ/09/2026-27,08-Jun-2026 02:00 PM,09-Jun-2026 10:30 AM,https://hptenders.gov.in/nicgep/app/nicgep/app?component=%24DirectLink&page=Home&service=direct&session=T&sp=SGjDwxD4gstDdoNAQ0Q5Apw%3D%3D
Jammu Kashmir,REPAIR/RENOVATION OF CSC NEAR MIDDLE SCHOOL GANTALIPORA DUPATHYAR BLOCK BIJBEHARA,ENIT11of2026-27,06-Jun-2026 06:00 PM,06-Jun-2026 06:55 PM,https://jktenders.gov.in/nicgep/app/nicgep/app?component=%24DirectLink&page=Home&service=direct&session=T&sp=SJ2Bc7RLGXgeigsx%2F%2F14bWQ%3D%3D
Jammu Kashmir,"Reconstruction of  T/Road from Dadura to Badkli mohalla in ward no. 01, Dadura, Block - Panthal, Distt. Reasi, damaged due to recent heavy rains and flash floods under CDF for the year 2025-26.",e-NIT No. 14 of REW REASI of 2026-27,08-Jun-2026 06:00 PM,09-Jun-2026 02:00 PM,https://jktenders.gov.in/nicgep/app/nicgep/app?component=%24DirectLink&page=Home&service=direct&session=T&sp=SZ4SkurUZSzxzJLfXy08Dgg%3D%3D
Jammu Kashmir,"Grading of Kashmiri Mohalla,Lamerdar Mohalla link road from main road w.2 at Ahtishampora under(CDF) year 2026_27 P/H Ahtishampora.Block NOORKHA",e- NIT No. 35/Xen/Rew/Bla/2026-27 Dated 01-06--2026,22-Jun-2026 06:00 PM,23-Jun-2026 11:00 AM,https://jktenders.gov.in/nicgep/app/nicgep/app?component=%24DirectLink&page=Home&service=direct&session=T&sp=SjNixGXEDACwRJ6CcAQquzA%3D%3D
Jammu Kashmir,Constt. of diversion channel at w.no 3 in the land of ajit kumar and suneet singh,e-NIT No.42/REW/K of 2026-27 Dated  01/06/2026  3rd call,08-Jun-2026 04:00 PM,09-Jun-2026 12:00 PM,https://jktenders.gov.in/nicgep/app/nicgep/app?component=%24DirectLink&page=Home&service=direct&session=T&sp=Sv7XSL9zkdjJhopVBcYHKqg%3D%3D
Jammu Kashmir,Procurement of Key Materials for MGNREGA Works For Panchayat Halqa Arwani B,ENIT12of2026-27,08-Jun-2026 06:00 PM,09-Jun-2026 10:00 AM,https://jktenders.gov.in/nicgep/app/nicgep/app?component=%24DirectLink&page=Home&service=direct&session=T&sp=SFD4AQKJp95bK%2BM1q1yce6w%3D%3D
Jammu Kashmir,"Macdamisation of Interior Roads at Malibug, Kiloora Gratta Mohalla, baskuchan, Nowpora and Barbugh.",20/ZNP/RnB/e-Tendering/2026-27,17-Jun-2026 06:00 PM,18-Jun-2026 01:00 PM,https://jktenders.gov.in/nicgep/app/nicgep/app?component=%24DirectLink&page=Home&service=direct&session=T&sp=STR4twrVTO8tmxSiteIcztg%3D%3D
Jammu Kashmir,Procurement of Key Materials for MGNREGA Works For Panchayat Halqa pazalpora,ENIT12of2026-27,08-Jun-2026 06:00 PM,09-Jun-2026 10:00 AM,https://jktenders.gov.in/nicgep/app/nicgep/app?component=%24DirectLink&page=Home&service=direct&session=T&sp=Sv4sJIkfRa1DqRNRnwNaa%2BA%3D%3D
Jammu Kashmir,C/O Pcc Path with R/Wall from Road to H/O Bashir Ahmad and others at Ward No 6  Panchayat Garkote A Under CDF of Honble MLA Uri for the year 2026-27 Block Uri,e- NIT No. 35/Xen/Rew/Bla/2026-27 Dated 01-06--2026,22-Jun-2026 06:00 PM,23-Jun-2026 11:00 AM,https://jktenders.gov.in/nicgep/app/nicgep/app?component=%24DirectLink&page=Home&service=direct&session=T&sp=Skca9E1HI%2FOKEhEk0yQeyAQ%3D%3D
Jammu Kashmir,Procurement of Key Materials for MGNREGA Works For Panchayat Halqa waghama upper,ENIT12of2026-27,08-Jun-2026 06:00 PM,09-Jun-2026 10:00 AM,https://jktenders.gov.in/nicgep/app/nicgep/app?component=%24DirectLink&page=Home&service=direct&session=T&sp=SWg%2B2C6%2FgzO2rySMijrFQUA%3D%3D
Jammu Kashmir,Procurement of Key Materials for MGNREGA Works For Panchayat Halqa Marhama A,ENIT12of2026-27,08-Jun-2026 06:00 PM,09-Jun-2026 10:00 AM,https://jktenders.gov.in/nicgep/app/nicgep/app?component=%24DirectLink&page=Home&service=direct&session=T&sp=St63X4LF4f2xsNNX4xlFWyA%3D%3D
Jharkhand,1- Const of  11 ACR  in UPG. PLUS H.S. SILGARIYA  2- Const of 17 ACR in  ANCHI DEVI S.BALIKA PLUS 2 H.S MADHUPUR  3- Const of  05 ACR  in UPG. H.S SIRSA  in Deoghar District of Santhal Pargana Division of Jharkhand.,JEPC/CIV/03/2265/2026/2061,09-Jun-2026 02:00 PM,10-Jun-2026 02:00 PM,https://jharkhandtenders.gov.in/nicgep/app/nicgep/app?component=%24DirectLink&page=Home&service=direct&session=T&sp=SI4s%2F9tVcnoGiQ4sIonuM4w%3D%3D
Jharkhand,1- Construction of  8 ACR  in UPG. PLUS 2 H.S BASKUPI  2- Construction of 3 ACR in  UPG. PLUS 2 H.S.  SIMRAKHASH   3- Construction of  3 ACR  in UPG. PLUS 2 H.S MACHNATILHA  in Deoghar District of Santhal Pargana Division of Jharkhand.,JEPC/CIV/03/2265/2026/2061,09-Jun-2026 02:00 PM,10-Jun-2026 02:00 PM,https://jharkhandtenders.gov.in/nicgep/app/nicgep/app?component=%24DirectLink&page=Home&service=direct&session=T&sp=S5t5nbkEjGBtOFeasdj2n6w%3D%3D
Jharkhand,Construction of RCC Drain on both side of road at jayprakash nagar from jha ji hotel to khadgara under Ward No-29,276/eng  2026,08-Jun-2026 05:00 PM,09-Jun-2026 05:00 PM,https://jharkhandtenders.gov.in/nicgep/app/nicgep/app?component=%24DirectLink&page=Home&service=direct&session=T&sp=STtokFar3odXIiKopi0R38g%3D%3D
Jharkhand,1 Const of  03 ACR  in RAJKIKRIT H.S. JASIDIH    2 Const of 11 ACR in  R.L.SARRAF H.S DEOGHAR    3 Const of  03 ACR  in UPG. H.S  FULCHUWAN  in Deoghar District of Santhal Pargana Division of Jharkhand.,JEPC/CIV/03/2265/2026/2061,09-Jun-2026 02:00 PM,10-Jun-2026 02:00 PM,https://jharkhandtenders.gov.in/nicgep/app/nicgep/app?component=%24DirectLink&page=Home&service=direct&session=T&sp=ST4BWj9Lb2R4YBKTzDwEE7w%3D%3D
Jharkhand,"Construction of New Building  of S.S. Memorial College Ranchi under Ranchi University, Ranchi",JSBCCL/31/2026-27,29-Jun-2026 05:00 PM,01-Jul-2026 05:00 PM,https://jharkhandtenders.gov.in/nicgep/app/nicgep/app?component=%24DirectLink&page=Home&service=direct&session=T&sp=SVZrv%2Fu1zFcoS3CjP1eGcRg%3D%3D
Jharkhand,"Construction of New Building(Science Block(G Plus 6), Arts Block (B Plus G Plus6), Miscellaneous work of J.L.N. College, Chakradharpur under Kolhan University, Chaibasa (Part-A)",JSBCCL/28/2026-27,29-Jun-2026 05:00 PM,01-Jul-2026 05:00 PM,https://jharkhandtenders.gov.in/nicgep/app/nicgep/app?component=%24DirectLink&page=Home&service=direct&session=T&sp=Sbivn%2F8NA4h7HATcnlPYrnA%3D%3D
Jharkhand,"CONSTRUCTION OF PCC ROAD , BATHING GHAT , CHANGING ROOM AT VILLAGE- BADA KANKADA , PANCHYAT-AAMDIH AND COMMON TOILET , BLOCK -SERAIKELLA DIST- SERAIKELLA - KHARSAWAN",05/WRD/MID/SKL/F2/2026-27,08-Jun-2026 03:00 PM,09-Jun-2026 04:00 PM,https://jharkhandtenders.gov.in/nicgep/app/nicgep/app?component=%24DirectLink&page=Home&service=direct&session=T&sp=SctYg8n9J8pdaDa%2F8TeUfDw%3D%3D
Jharkhand,Group No SM-03,03/DWSD/DEO(SM)/ 2026-27,06-Jun-2026 05:00 PM,08-Jun-2026 10:30 AM,https://jharkhandtenders.gov.in/nicgep/app/nicgep/app?component=%24DirectLink&page=Home&service=direct&session=T&sp=S%2F7RNVbjbK5DrRysXrXguxw%3D%3D
Jharkhand,Group No SM-06,03/DWSD/DEO(SM)/ 2026-27,06-Jun-2026 05:00 PM,08-Jun-2026 10:30 AM,https://jharkhandtenders.gov.in/nicgep/app/nicgep/app?component=%24DirectLink&page=Home&service=direct&session=T&sp=ScdSaww8eT%2BRYB9aC6KxWkA%3D%3D
Jharkhand,Group No SM-04,03/DWSD/DEO(SM)/ 2026-27,06-Jun-2026 05:00 PM,08-Jun-2026 10:30 AM,https://jharkhandtenders.gov.in/nicgep/app/nicgep/app?component=%24DirectLink&page=Home&service=direct&session=T&sp=SQS1Hwe1AYbkXuDFiY3topA%3D%3D
Kerala,Annual contract for removal of sludge from drains inside TP unit 2026-2027,"EAF/CIV/1105/2026-2027, Dtd 13/05/2026",16-Jun-2026 03:00 PM,17-Jun-2026 03:00 PM,https://etenders.kerala.gov.in/nicgep/app/nicgep/app?component=%24DirectLink&page=Home&service=direct&session=T&sp=S9rmEXcutogsg1Yepw0tjlQ%3D%3D
Kerala,Cost of 2nd year eco- restoration activities at Chathamkode Eco Restoration Zone (2000 Chathamkode Eucalyptus Plantation) under Choolannur Section of Alathur Range during 2026-27,KFDDO/12700/2026-DFONMR/D,08-Jun-2026 06:15 PM,09-Jun-2026 06:15 PM,https://etenders.kerala.gov.in/nicgep/app/nicgep/app?component=%24DirectLink&page=Home&service=direct&session=T&sp=Sv6pvo8dfEHoGEcUlnmxsug%3D%3D
Kerala,"GENERAL-Pinarayi-Vengilott Thazhe Thodu-Construction  of VCB across vengilott thazhe thodu in ward 3 in  Pinarayi panchayath, Dharmadam constituency, Kannur  district.-General Civil Work-1",IRR/IA/TR/5577/2025_5_1_1/1,08-Jun-2026 06:00 PM,10-Jun-2026 12:30 PM,https://etenders.kerala.gov.in/nicgep/app/nicgep/app?component=%24DirectLink&page=Home&service=direct&session=T&sp=Sdr0U1FKbGlwEHcEtI2DlaQ%3D%3D
Kerala,"GENERAL- Servicing of 500KVA Indoor Transformer, 200 KVA DG set with AMF and LT make ACB in the Civil Station building at Kudappanakunnu, Thiruvananthapuram. Servicing of USS and DG.- General Electrical Work",PWD/BLDG/TR/19013/2025,08-Jun-2026 06:30 PM,09-Jun-2026 02:30 PM,https://etenders.kerala.gov.in/nicgep/app/nicgep/app?component=%24DirectLink&page=Home&service=direct&session=T&sp=ShtDSHHSSFXM3YkWJdqFLyg%3D%3D
Kerala,Re-Tender - MPLADS - Ambazhappara Edakkattil Road in Kayanna GP,3581022-25,09-Jun-2026 06:00 PM,11-Jun-2026 12:00 PM,https://etenders.kerala.gov.in/nicgep/app/nicgep/app?component=%24DirectLink&page=Home&service=direct&session=T&sp=S9LxdajpUv%2BmW8XPp9dKUqw%3D%3D
Kerala,"GENERAL-Pinarayi-Puthukkayil thodu-Renovation of Sluice and DR protection works near mouth of Puthukkayil thodu in ward 3 of Pinarayi Panchayath, Dharmadam Constituency, Kannur District. -General Civil Work-1",IRR/IA/EST/4888/2025_5_1_1,08-Jun-2026 06:00 PM,10-Jun-2026 12:00 PM,https://etenders.kerala.gov.in/nicgep/app/nicgep/app?component=%24DirectLink&page=Home&service=direct&session=T&sp=SR%2FZ7MThd3tVTibPYcwAA%2Bw%3D%3D
Kerala,GENERAL Running contract work for the emergency works to be done in DME flate type Quarters and COK Auditorium and DME Press building attached to Govt Medical College Thiruvananthapuram for the First half of 2026  Running contract work for the emerg,PWD/BLDG/TR/2019/2026_5_1_1/1,09-Jun-2026 11:00 AM,11-Jun-2026 11:30 AM,https://etenders.kerala.gov.in/nicgep/app/nicgep/app?component=%24DirectLink&page=Home&service=direct&session=T&sp=Sq4TjZCLEi6Tq60BkVC2D5w%3D%3D
Kerala,"GENERAL-Eranholi- Kolaprath thodu-Providing FRP Shutters and DR protection to u/s side of Kolaprath Thazhe thodu Cross bar in Ward 2 of Eranholi Panchayath, Kannur District.-General Civil Work",IRR/IA/EST/5925/2025_5_1_1,08-Jun-2026 06:00 PM,10-Jun-2026 02:00 PM,https://etenders.kerala.gov.in/nicgep/app/nicgep/app?component=%24DirectLink&page=Home&service=direct&session=T&sp=SjL5ko3yALaam1y7s3QdAmg%3D%3D
Kerala,ET-01-2026-27/AE/LSGD/CPYMUN 4. 108/27 - Old Bus Stand Demolition - Sheet Related Works,ET-01-2026-27/AE/LSGD/CPYMUN,09-Jun-2026 03:00 PM,10-Jun-2026 11:00 AM,https://etenders.kerala.gov.in/nicgep/app/nicgep/app?component=%24DirectLink&page=Home&service=direct&session=T&sp=SguVUfivH0yUZZG4yB8wbzw%3D%3D
Kerala,GENERAL MVIP CADWM Supplying of water to Kurumulloor padasekharam from ch.4300m of Kurumulloor distributary through field channel General Civil Work,IRR/PII/TR/3089/2024_5_1_1/RC 1/1,09-Jun-2026 05:00 PM,11-Jun-2026 11:00 AM,https://etenders.kerala.gov.in/nicgep/app/nicgep/app?component=%24DirectLink&page=Home&service=direct&session=T&sp=S%2B9X5DN3l7hvA6OdSL7xoog%3D%3D
Lakshadweep,"Supply, Installation, Testing and Commissioning of HT (11 kV) Metering Cubicles with ToD Meter, HT ToD Meter and HT Bi-Directional ToD Meter suitable for 250 kVA (11 kV/433 V) Transformers to the Lakshadweep Electricity Department",F.No. LD-42003/2/2024-LED-ELE,10-Jun-2026 03:00 PM,11-Jun-2026 11:00 AM,https://tendersutl.gov.in/nicgep/app/nicgep/app?component=%24DirectLink&page=Home&service=direct&session=T&sp=SZE4KIea%2BwY1%2B7WoMDi2yog%3D%3D
Lakshadweep,Request for Selection (RfS) Document for Selection of Solar Power Developers for Setting up of Grid-Connected Solar PV Projects with Battery Energy Storage System (BESS) in Lakshadweep Through Tariff Based Competitive Bidding,F.No.I/3/2026/NRSE-ELE,16-Jul-2026 12:00 PM,20-Jul-2026 12:00 PM,https://tendersutl.gov.in/nicgep/app/nicgep/app?component=%24DirectLink&page=Home&service=direct&session=T&sp=SitOA%2FtO5djb1MdyGtRvipw%3D%3D
Lakshadweep,Providing Third Party Quality Assurance (TPQA) Services for New Construction and On-going Construction works of various Buildings by Lakshadweep Public Works Department U T of Lakshadweep Administration,RFP No.01/RFP/EE Kvt/2025-26,05-Jun-2026 03:00 PM,05-Jun-2026 03:30 PM,https://tendersutl.gov.in/nicgep/app/nicgep/app?component=%24DirectLink&page=Home&service=direct&session=T&sp=STgZGR9Ubuo7YctNZuPOxfA%3D%3D
Lakshadweep,"Providing Housekeeping and Security Guard (Watch and Ward) Services for the Government Industrial Training Institute, Kavaratti",LD-08007(3)/4/2026-ITI,08-Jun-2026 05:00 PM,09-Jun-2026 11:00 AM,https://tendersutl.gov.in/nicgep/app/nicgep/app?component=%24DirectLink&page=Home&service=direct&session=T&sp=S66rK91JPJdmy2QqyDppKOg%3D%3D
Lakshadweep,"Providing Hospital Cleaning with Laundry Services at Indira Gandhi Hospital, Kavaratti for a period of one year with provision for extension.",F.No.9/2/2026-IGH,09-Jun-2026 03:30 PM,10-Jun-2026 04:00 PM,https://tendersutl.gov.in/nicgep/app/nicgep/app?component=%24DirectLink&page=Home&service=direct&session=T&sp=SyA984wWsZb8rr59GOR7Nyg%3D%3D
Lakshadweep,"Supply, installation, testing and  commissioning, of 1X160 KVA, 11KV/433V (Step down Transformers) Unitised Substations to Lakshadweep Electricity Department",LD-42002/29/2024-LED-UT-LKS (I/64117/2026),04-Jun-2026 12:00 PM,05-Jun-2026 11:00 AM,https://tendersutl.gov.in/nicgep/app/nicgep/app?component=%24DirectLink&page=Home&service=direct&session=T&sp=SZwRhUl4f3LMEbcvcztpvVg%3D%3D
Lakshadweep,"Providing services of round the clock security services at the Working Womens Hostel, Kavaratti for a period of 11 months with provision for extension subject to the satisfactory performance, terms and conditions in the tender document. (retender-2)",F.No.21/03/2025-WCD (WWH),06-Jun-2026 03:00 PM,06-Jun-2026 04:00 PM,https://tendersutl.gov.in/nicgep/app/nicgep/app?component=%24DirectLink&page=Home&service=direct&session=T&sp=SkHNXGDi7jY5IRd7RE7LTbg%3D%3D
Lakshadweep,"Annual Contract for Repairing, Servicing and maintenance of Cummins Engine Repairs",LD-42002/13/2021-ELEC DIVISION-UT-LKS/265   dated 12/05/2026,05-Jun-2026 03:00 PM,08-Jun-2026 04:00 PM,https://tendersutl.gov.in/nicgep/app/nicgep/app?component=%24DirectLink&page=Home&service=direct&session=T&sp=S5w9iXLxuwZ%2B8q3U58g28Eg%3D%3D
Lakshadweep,Annual Repair and Maintenance of Residential Building at Kadmat,69/EE/LPWD/AMN/2026,04-Jun-2026 05:00 PM,05-Jun-2026 11:00 AM,https://tendersutl.gov.in/nicgep/app/nicgep/app?component=%24DirectLink&page=Home&service=direct&session=T&sp=Sb%2FAga3qQGc4iK8b57mDBWg%3D%3D
Lakshadweep,"EOI FOR EMPANELMENT OF VENDORS AND RATE CONTRACT for Site Survey, Design, Engineering, SITC and Comprehensive Oand M for a period of Ten  Years of Distributed Hybrid GridConnected Rooftop Solar PV Power Plants with  Battery Energy Storage Systems",I/4/2022-LEDA,04-Jun-2026 11:00 AM,05-Jun-2026 04:00 PM,https://tendersutl.gov.in/nicgep/app/nicgep/app?component=%24DirectLink&page=Home&service=direct&session=T&sp=SWUlaC0StBZCmvnz%2BAyDl%2BA%3D%3D
Maharashtra,Survey Design Fabrication Supply Installation Testing AND Commissioning of Total 12.60 KW of On Grid Connected Rooftop Solar PV Power Plant Including Comprehensive Maintenance Contract CMC for 05 Years,SMART DIUAKOLA  krushibeej fpc solar unit 63 26-27,11-Jun-2026 03:00 PM,12-Jun-2026 11:00 AM,https://mahatenders.gov.in/nicgep/app/nicgep/app?component=%24DirectLink&page=Home&service=direct&session=T&sp=SHwAsO3eHpQm2FEinJN3GmA%3D%3D
Maharashtra,Repairs of passage and draiange at dandi in beat no 227 in A ward,ACA/504/maintdtd.01.06.2026,06-Jun-2026 06:55 PM,08-Jun-2026 06:55 PM,https://mahatenders.gov.in/nicgep/app/nicgep/app?component=%24DirectLink&page=Home&service=direct&session=T&sp=SQmQSAzIOlII4%2F9oM8VT1GQ%3D%3D
Maharashtra,"Improvement of passage and drainage system Near Vinod Bakal at Pada No.03 in Beat No.151 Chembur, M/West Ward.",MUN. SEC. SANCTION NO.6,08-Jun-2026 06:50 PM,09-Jun-2026 06:50 PM,https://mahatenders.gov.in/nicgep/app/nicgep/app?component=%24DirectLink&page=Home&service=direct&session=T&sp=SPSm8dhbLqjEHGbiNKXKlhQ%3D%3D
Maharashtra,C/O Of Wall Compound For Samaj Mandir At Village Moushikhamb,B-1/01/2026-27,08-Jun-2026 06:00 PM,09-Jun-2026 06:00 PM,https://mahatenders.gov.in/nicgep/app/nicgep/app?component=%24DirectLink&page=Home&service=direct&session=T&sp=Smw4Dcap428CrJL%2BTRnSuzQ%3D%3D
Maharashtra,Providing And Fixing Paving Block At Samaj Mandir Primises At Village Moushikhamb,B-1/01/2026-27,08-Jun-2026 06:00 PM,09-Jun-2026 06:00 PM,https://mahatenders.gov.in/nicgep/app/nicgep/app?component=%24DirectLink&page=Home&service=direct&session=T&sp=SVhmNsdAbPvZEXZpkWMxtyw%3D%3D
Maharashtra,CONSTRUCTION OF CEMENT CONCRETE ROAD AT DHAMANGAON TQ AKOT DIST AKOLA,E-TENDER/1/ Dhamangaon/ 2026-27,06-Jun-2026 06:55 PM,08-Jun-2026 09:00 AM,https://mahatenders.gov.in/nicgep/app/nicgep/app?component=%24DirectLink&page=Home&service=direct&session=T&sp=S%2FhuQnH2fa39pTBetrsx5Rg%3D%3D
Maharashtra,Minor Repairs to Toilet and Proving and Fixing FRP Door and AC Sheets at Various Locations Toilet,MDF/712 DT.21.05.2026,08-Jun-2026 10:00 AM,09-Jun-2026 10:00 AM,https://mahatenders.gov.in/nicgep/app/nicgep/app?component=%24DirectLink&page=Home&service=direct&session=T&sp=SLw8i84y1x0pNjJ3m%2FEc7TA%3D%3D
Maharashtra,"PROVIDING GITTA 80MM,GITTA 40MM AND MURUM AT. GRAMPANCHAYAT TAMSI TQ  DT WASHIM",TAMSI/2025-26/1-MAT,08-Jun-2026 10:00 AM,09-Jun-2026 10:00 AM,https://mahatenders.gov.in/nicgep/app/nicgep/app?component=%24DirectLink&page=Home&service=direct&session=T&sp=Sh0r1ISr%2FX6cM98jnGkk2tw%3D%3D
Maharashtra,C/O UG DRAIN GP WADGAON DIGHI   TQ NANDURA DIST BULDHANA,E_TENDER_ALLW_WDIGHI_25_26,06-Jun-2026 06:00 PM,08-Jun-2026 06:00 PM,https://mahatenders.gov.in/nicgep/app/nicgep/app?component=%24DirectLink&page=Home&service=direct&session=T&sp=SsR0LfquQvpZaWYmvBVvOkw%3D%3D
Maharashtra,ET No.02  2026-27,ET No 02 2026 27,15-Jun-2026 02:00 PM,17-Jun-2026 02:00 PM,https://mahatenders.gov.in/nicgep/app/nicgep/app?component=%24DirectLink&page=Home&service=direct&session=T&sp=SVtXfYxTMkI%2F9lSa8CIG9sQ%3D%3D
Madhya Pradesh,"Construction of Aanganwadi Bhavan near Eidgaah in Ward No. 08, Nagar Parishad, Katangi",669/e-Tender/2026-27/KTG/05,06-Jul-2026 05:30 PM,07-Jul-2026 05:30 PM,https://mptenders.gov.in/nicgep/app/nicgep/app?component=%24DirectLink&page=Home&service=direct&session=T&sp=SOaEgS1E2327jUWIx8IsciA%3D%3D
Madhya Pradesh,"Construction of Aanganwadi Bhavan in Ward No. 05 Mahaveer Ward, Nagar Parishad, Katangi",669/e-Tender/2026-27/KTG/03,06-Jul-2026 05:30 PM,07-Jul-2026 05:30 PM,https://mptenders.gov.in/nicgep/app/nicgep/app?component=%24DirectLink&page=Home&service=direct&session=T&sp=SEM6%2BsTm2sjykOfhmaaeB0g%3D%3D
Madhya Pradesh,"EXTERNAL ELECTRIFICATION (TRANSFORMER, HT LINE EXTENSION AND BUY BACK OF TRANSFORMER AND RMU) WORK OF SENIOR CITIZEN BUILDING (SNEH DHAM) AT SCHEME NO. 134 INDORE",IDA/ETENDER/2026-27/150,12-Jun-2026 06:00 PM,15-Jun-2026 11:30 AM,https://mptenders.gov.in/nicgep/app/nicgep/app?component=%24DirectLink&page=Home&service=direct&session=T&sp=SwQzN36ZfN8uush%2FVEr2NsA%3D%3D
Madhya Pradesh,"Construction of Aanganwadi Bhavan in Ward No. 01 Rani Durgavati Ward, Nagar Parishad, Katangi",669/e-Tender/2026-27/KTG/01,06-Jul-2026 05:30 PM,07-Jul-2026 05:30 PM,https://mptenders.gov.in/nicgep/app/nicgep/app?component=%24DirectLink&page=Home&service=direct&session=T&sp=SsIfGSWJ7FqozwtjY3wy%2Bhg%3D%3D
Madhya Pradesh,WARD 11 GOSHALA ME GAAY KE KHANOTE PAR AND EK GATE SE DOOSRE GATE TAK CC NIRMAN KARYA IN BILLOWA,441/GOSHALA CC/BILLOWA/29.05.2026,01-Jul-2026 05:30 PM,02-Jul-2026 05:30 PM,https://mptenders.gov.in/nicgep/app/nicgep/app?component=%24DirectLink&page=Home&service=direct&session=T&sp=Sj9Mzrxj3NQuUDkY2r8%2BhwA%3D%3D
Madhya Pradesh,BOUNDRYWALL PUTAI AND CEMENT PLASTER WORK IN DIFFERENT WARD IN BILLOWA,439/BOUNDRY PUTAI/BILLOWA/29.05.2026,16-Jun-2026 05:30 PM,17-Jun-2026 05:30 PM,https://mptenders.gov.in/nicgep/app/nicgep/app?component=%24DirectLink&page=Home&service=direct&session=T&sp=SAmIxY8YtIdLjyRiizfkG9w%3D%3D
Madhya Pradesh,WARD 02 BABA KI KHUTI ME CC PAVER BLOCK NIRMAN KARYA IN BILLOWA,440/BABA KHUTI PAVOR/BILLOWA/29.05.2026,16-Jun-2026 05:30 PM,17-Jun-2026 05:30 PM,https://mptenders.gov.in/nicgep/app/nicgep/app?component=%24DirectLink&page=Home&service=direct&session=T&sp=SNT9NFeXGRBdgh9ip%2Bw1Rlw%3D%3D
Madhya Pradesh,"Construction of Aanganwadi Bhavan in Ward No. 12 Tilak Ward, Nagar Parishad, Katangi",669/e-Tender/2026-27/KTG/06,06-Jul-2026 05:30 PM,07-Jul-2026 05:30 PM,https://mptenders.gov.in/nicgep/app/nicgep/app?component=%24DirectLink&page=Home&service=direct&session=T&sp=SOGl3ZHnxQQP5JC2DHtvSAw%3D%3D
Madhya Pradesh,HIRING OF VECHILE,32/2026 Dn.,08-Jun-2026 05:30 PM,10-Jun-2026 03:00 PM,https://mptenders.gov.in/nicgep/app/nicgep/app?component=%24DirectLink&page=Home&service=direct&session=T&sp=SLXF1ohO7wpg8c0ec29i87w%3D%3D
Madhya Pradesh,"Construction of Aanganwadi Bhavan in Ward No. 02 Mahatma Gandhi Ward, Nagar Parishad, Katangi",669/e-Tender/2026-27/KTG/02,06-Jul-2026 05:30 PM,07-Jul-2026 05:30 PM,https://mptenders.gov.in/nicgep/app/nicgep/app?component=%24DirectLink&page=Home&service=direct&session=T&sp=Snb1%2F4WZT067XOi6hnF%2FsXg%3D%3D
Manipur,"PROVIDING AND LAYING OF RAW WATER MAIN TO ANDRO TOWN, Project No.22 (A)",CE/PHE/AMRUT/2-286 (A)/IE/2026,02-Jun-2026 12:00 PM,02-Jun-2026 01:00 PM,https://manipurtenders.gov.in/nicgep/app/nicgep/app?component=%24DirectLink&page=Home&service=direct&session=T&sp=Sl2fmeB6w4l1CcPlvtro5ZA%3D%3D
Manipur,"24 x 7 Water Supply in identified DMAs of Imphal Municipal Corporation Area (Package B Chinga DMA), Project No. 20 (B).",CE/PHE/AMRUT-2/2-286(A)/M-I (C)/2026,02-Jun-2026 12:00 PM,02-Jun-2026 01:00 PM,https://manipurtenders.gov.in/nicgep/app/nicgep/app?component=%24DirectLink&page=Home&service=direct&session=T&sp=SfjIv6z5z7DuWODFJCWDujA%3D%3D
Manipur,Improvement of road from Keiphundai on NH 37 to tousem Phase II SH Portion 2 36.00 km to 56.65 km,EE/PWD/TML/E-Tender/25-26/4,15-Jun-2026 12:00 PM,15-Jun-2026 02:00 PM,https://manipurtenders.gov.in/nicgep/app/nicgep/app?component=%24DirectLink&page=Home&service=direct&session=T&sp=Spd52F7XLu%2Fkgu9CzoA693w%3D%3D
Manipur,Improvement of road from Keiphundai on NH 37 to tousem Phase II SH Portion 1 16.77 km to 36.00 km,EE/PWD/TML/E-Tender/25-26/3,15-Jun-2026 12:00 PM,15-Jun-2026 02:00 PM,https://manipurtenders.gov.in/nicgep/app/nicgep/app?component=%24DirectLink&page=Home&service=direct&session=T&sp=Sz6mA46wSoi1eYfml6ze2UA%3D%3D
Manipur,"Improvement of Building for usage of Milk Chilling Centre for Nachou, Bishnupur District.",MANIDCO/IDC/MMPCUL/TN/2026/08,06-Jun-2026 04:00 PM,06-Jun-2026 04:30 PM,https://manipurtenders.gov.in/nicgep/app/nicgep/app?component=%24DirectLink&page=Home&service=direct&session=T&sp=S9ocXTuSh1WAR1dbHxJceiA%3D%3D
Manipur,"Construction of Chilling Centre for Installation of BMC (2KL), Kha Sanjenbam, Bishnupur, District.",MANIDCO/IDC/MMPCUL/TN/2026/08,06-Jun-2026 04:00 PM,06-Jun-2026 04:30 PM,https://manipurtenders.gov.in/nicgep/app/nicgep/app?component=%24DirectLink&page=Home&service=direct&session=T&sp=SWUcpbxA2xwpwsVd109stbA%3D%3D
Manipur,Furniture and Internal Fit-Outs works at JNV East Khasi Hills (Meghalaya),108/TDC-JNV/KHASI-H /2025-26,05-Jun-2026 02:00 PM,05-Jun-2026 03:00 PM,https://manipurtenders.gov.in/nicgep/app/nicgep/app?component=%24DirectLink&page=Home&service=direct&session=T&sp=SdY6uFEh1pIbU4zjvGyI8iQ%3D%3D
Manipur,Furniture and Internal Fit-outs works and External water supply works at JNV Ukhrul-II (Manipur),108/TDC-JNV/U-II /2025-26,15-Jun-2026 02:00 PM,15-Jun-2026 03:00 PM,https://manipurtenders.gov.in/nicgep/app/nicgep/app?component=%24DirectLink&page=Home&service=direct&session=T&sp=Sl5uIC6EFW335AZMvTRCF5Q%3D%3D
Manipur,Furniture and Internal Fit-Outs at JNV Kiphire (Nagaland),108/TDC-JNV/KIPHIRE /2025-26,05-Jun-2026 02:00 PM,05-Jun-2026 03:00 PM,https://manipurtenders.gov.in/nicgep/app/nicgep/app?component=%24DirectLink&page=Home&service=direct&session=T&sp=S3uE6b9y9Wcj2By55pOIihg%3D%3D
Manipur,DEVELOPMENT OF SPORTS COMPLEX AT KAKCHING MANIPUR.,12/EE-3/MOBEDS/SASCI-SPORTS /TS/2025-26.,11-Jun-2026 12:00 PM,11-Jun-2026 12:00 PM,https://manipurtenders.gov.in/nicgep/app/nicgep/app?component=%24DirectLink&page=Home&service=direct&session=T&sp=S6ygD4naHBh4jkkh6Dka8lA%3D%3D
Meghalaya,Supply of 132kV and 33kV Indoor GIS and related services for Augmentation of 132/33kV Mawlai Substation from 3 x 20MVA to 3 x 50MVA alongwith Re-engineering of 132kV Bus bar  under NESIDS OTRI Scheme in Meghalaya.,MePTCL/CE(T)/TT-190/26-27/12,15-Jun-2026 11:00 AM,15-Jun-2026 01:00 PM,https://meghalayatenders.gov.in/nicgep/app/nicgep/app?component=%24DirectLink&page=Home&service=direct&session=T&sp=SAATZoktidIhKM4bOjP0htA%3D%3D
Meghalaya,UPGRADATION IMPROVEMENT OF DKHIAH SUTNGA SAIPUNG PALA UPTO SEMMASI ROAD FROM 30.100 KM TO 58.10 KM L 28.00 KM UNDER MLCIP FUNDED BY THE WORLD BANK,IN MLCIP DSSPS RD 08,29-Jun-2026 03:30 PM,29-Jun-2026 04:00 PM,https://meghalayatenders.gov.in/nicgep/app/nicgep/app?component=%24DirectLink&page=Home&service=direct&session=T&sp=S%2FUlnCgJ10TYtZw1Vh5Ev1Q%3D%3D
Meghalaya,UPGRADATION IMPROVEMENT OF DKHIAH -SUTNGA -SAIPUNG -PALA UPTO SEMMASI ROAD FROM 0.00 KM TO 30.100 KM L 30.1 KM UNDER MLCIP FUNDED BY THE WORLD BANK.,IN MLCIP DSSPS RD 07,29-Jun-2026 03:30 PM,29-Jun-2026 04:00 PM,https://meghalayatenders.gov.in/nicgep/app/nicgep/app?component=%24DirectLink&page=Home&service=direct&session=T&sp=Szs4sjr8qZL9Fcq5JL%2BrSUw%3D%3D
Meghalaya,"Upgradation Improvement of Ampati Purakhasia Road, AMP Km 19.000 to Km 26.770 in the state of Meghalaya, West Meghalaya. L  7.770 km under MLCIP funded by the World Bank",IN MLCIP AMP RD 06,29-Jun-2026 03:30 PM,29-Jun-2026 04:00 PM,https://meghalayatenders.gov.in/nicgep/app/nicgep/app?component=%24DirectLink&page=Home&service=direct&session=T&sp=SdttTRmPGxwBYk7Ic2ulQ3A%3D%3D
Meghalaya,"UPGRADATION IMPROVEMENT OF RONGSAI BORJHORA BAJENGDOBA ,RBB ROAD IN THE STATE OF MEGHALAYA FROM KM 0.000 TO KM 18.250 , L  18.250 KM UNDER MLCIP FUNDED BY THE WORLD BANK.",IN MLCIP RBB RD 02,29-Jun-2026 03:30 PM,29-Jun-2026 04:00 PM,https://meghalayatenders.gov.in/nicgep/app/nicgep/app?component=%24DirectLink&page=Home&service=direct&session=T&sp=SbYA2Y6lVqUeukdzE7jzxXw%3D%3D
Meghalaya,"UPGRADATION IMPROVEMENT OF ROAD RONGRENGGRE SIMSANGGRE NENGKHRA Road, RSN, KM 0.000 TO KM 20.565 IN THE STATE OF MEGHALAYA, WEST MEGHALAYA, L 20.565 KM UNDER MLCIP FUNDED BY THE WORLD BANK",IN MLCIP RSN RD 04,29-Jun-2026 03:30 PM,29-Jun-2026 04:00 PM,https://meghalayatenders.gov.in/nicgep/app/nicgep/app?component=%24DirectLink&page=Home&service=direct&session=T&sp=Sj5amjU5qSebZhNLfnbOaCA%3D%3D
Meghalaya,"UPGRADATION IMPROVEMENT OF ROAD FROM WEILOI MAWSYNRAM ROAD UP TO PHLANGWANBROI ROAD IN THE STATE OF MEGHALAYA KM 22.500 TO KM 48.811 WITH MAWSYNRAM BYPASS OF 1.547 KM, L 27.858 KM UNDER MLCIP FUNDED BY THE WORLD BANK",IN MLCIP WMP RD 01,29-Jun-2026 03:30 PM,29-Jun-2026 04:00 PM,https://meghalayatenders.gov.in/nicgep/app/nicgep/app?component=%24DirectLink&page=Home&service=direct&session=T&sp=SArwSeNcXGMh82yJxIfaR2Q%3D%3D
Meghalaya,"UPGRADATION IMPROVEMENT OF ROAD FROM IMPROVEMENT OF UMSNING JAGI ROAD, UJ ROAD KM 40.130 TO KM 77.615, L  37.485 KM UNDER MLCIP FUNDED BY THE WORLD BANK",IN MLCIP UJ RD 03,29-Jun-2026 03:30 PM,29-Jun-2026 04:00 PM,https://meghalayatenders.gov.in/nicgep/app/nicgep/app?component=%24DirectLink&page=Home&service=direct&session=T&sp=SUR37BxubnwTU4ZlVYkBu5A%3D%3D
Meghalaya,"Overhauling and refurbishing of Hydro generating Unit I  (30 MW) of 2x30 MW, Umiam Umtru Stage-IV Hydro Power  Station",CEGEN/T104(PtII)/26-27/75,19-Jun-2026 12:00 PM,19-Jun-2026 03:00 PM,https://meghalayatenders.gov.in/nicgep/app/nicgep/app?component=%24DirectLink&page=Home&service=direct&session=T&sp=SlVClpitIq2LV%2Bf6hTq9bhA%3D%3D
Meghalaya,Selection of Consulting Services for Design Monitoring and Supervision Consultant DMSC for Centre for Developing Child,MECDMS/DMSC/CDC/288/2025-26,02-Jun-2026 03:00 PM,02-Jun-2026 03:00 PM,https://meghalayatenders.gov.in/nicgep/app/nicgep/app?component=%24DirectLink&page=Home&service=direct&session=T&sp=SudQIa067jNKIZ5x5AD6tkg%3D%3D
Nagaland,DEVELOPMENT OF PASSENGER AMENITIES CENTRE AT BUS TERMINAL DIMAPUR NAGALAND,No.NST/B/370/2025-26/758,11-Jun-2026 12:00 PM,11-Jun-2026 01:00 PM,https://nagalandtenders.gov.in/nicgep/app/nicgep/app?component=%24DirectLink&page=Home&service=direct&session=T&sp=Soosd%2BbRWoGXZBTXx%2FZW3OA%3D%3D
Nagaland,"Selection of Irrigation Service Provider for the development of Pressurized Piped Irrigation Network  and provision of irrigation services in Command Area of Mongleu Cluster of Jalukie Block  at Beisumpuikam Village and Jalukiekam Village,Peren",WRD/JLK/MCAD/2026-27/W1,05-Jun-2026 12:00 PM,05-Jun-2026 12:30 PM,https://nagalandtenders.gov.in/nicgep/app/nicgep/app?component=%24DirectLink&page=Home&service=direct&session=T&sp=SX3541zLX%2FdRabey1PR68Hg%3D%3D
Nagaland,Selection of Design Management and Supervision Consultants AUGMENTATION OF WATER SUPPLY TO KOHIMA TOWN FROM TEUPUIKI DZUPFU RIVER,NO.CE PHE/TB/KMAWS/TEU-DZU/2018-19,10-Jun-2026 11:00 AM,10-Jun-2026 12:00 PM,https://nagalandtenders.gov.in/nicgep/app/nicgep/app?component=%24DirectLink&page=Home&service=direct&session=T&sp=StNF6IT5WHFWvR22BvoiQBA%3D%3D
Odisha,Construction of road from RD road to Padmakeswarpur under MMSY (Mission PoWaR) in the District of Keonjhar.,NCB-05/RWCKJR/2026-27,11-Jun-2026 05:00 PM,12-Jun-2026 11:00 AM,https://tendersodisha.gov.in/nicgep/app/nicgep/app?component=%24DirectLink&page=Home&service=direct&session=T&sp=SfvMwjZG1lofvNmW%2BoEhRPA%3D%3D
Odisha,Construction of road from RD road to Kantidiha road under MMSY (Mission PoWaR) in the District of Keonjhar.,NCB-05/RWCKJR/2026-27,11-Jun-2026 05:00 PM,12-Jun-2026 11:00 AM,https://tendersodisha.gov.in/nicgep/app/nicgep/app?component=%24DirectLink&page=Home&service=direct&session=T&sp=SIVGLEHFtjw50VFyO0m%2FmrQ%3D%3D
Odisha,Construction of RD Road to Kusumguda Chandrapadiguda in the District of Koraput under Mukhya Mantri Sadak Yojana (MMSY) for the year 2026-27.,CCERWCSBD-Online-11/2026-27,08-Jun-2026 05:00 PM,09-Jun-2026 11:00 AM,https://tendersodisha.gov.in/nicgep/app/nicgep/app?component=%24DirectLink&page=Home&service=direct&session=T&sp=SKc5Hus7pDZF%2FDw9RYRlbJA%3D%3D
Odisha,CONSTRUCTION OF HM QUARTER AT LAMTAPUT HS UNDER LAMTAPUT BLOCK.,ITDA KORAPUT 01(2026-27),18-Jun-2026 05:30 PM,19-Jun-2026 11:00 AM,https://tendersodisha.gov.in/nicgep/app/nicgep/app?component=%24DirectLink&page=Home&service=direct&session=T&sp=S6YunAy8Dto2GBrFoYfQEbQ%3D%3D
Odisha,Construction of PS Road to  B.Maliguda in the District of Koraput under Mukhya Mantri Sadak Yojana (MMSY) for the year 2026-27.,CCERWCSBD-Online-11/2026-27,08-Jun-2026 05:00 PM,09-Jun-2026 11:00 AM,https://tendersodisha.gov.in/nicgep/app/nicgep/app?component=%24DirectLink&page=Home&service=direct&session=T&sp=S%2BWIRo07GBHAp4R4b0Zpzqw%3D%3D
Odisha,Construction of road from RD road to Sunariposi road Road under MMSY (Mission PoWaR) in the District of Keonjhar.,NCB-05/RWCKJR/2026-27,11-Jun-2026 05:00 PM,12-Jun-2026 11:00 AM,https://tendersodisha.gov.in/nicgep/app/nicgep/app?component=%24DirectLink&page=Home&service=direct&session=T&sp=SiUUcDYnHYQKro3W8ZWgTdg%3D%3D
Odisha,CONSTRUCTION OF HM QUARTER AT DHEPAGUDA HS UNDER NARAYANPATNA BLOCK.,ITDA KORAPUT 01(2026-27),18-Jun-2026 05:30 PM,19-Jun-2026 11:00 AM,https://tendersodisha.gov.in/nicgep/app/nicgep/app?component=%24DirectLink&page=Home&service=direct&session=T&sp=SjE4M6ywbIfDXD8c%2BWGcu%2FA%3D%3D
Odisha,CONSTRUCTION OF APPROACH ROAD IN LAXMIPUR BLOCK 200 METER.,ITDA KORAPUT 01(2026-27),18-Jun-2026 05:30 PM,19-Jun-2026 11:00 AM,https://tendersodisha.gov.in/nicgep/app/nicgep/app?component=%24DirectLink&page=Home&service=direct&session=T&sp=S7MX5Sht7lnN9ZoLghpYR9g%3D%3D
Odisha,CONSTRUCTION OF STAFF QUARTER AT GOVT SSD HS DASAMANTHPUR UNDER DASAMANTHPUR BLOCK.,ITDA KORAPUT 01(2026-27),18-Jun-2026 05:30 PM,19-Jun-2026 11:00 AM,https://tendersodisha.gov.in/nicgep/app/nicgep/app?component=%24DirectLink&page=Home&service=direct&session=T&sp=S%2BjxmTUX6qWNI%2F66tYo6GoQ%3D%3D
Odisha,RFP for Setting Up a Transformation and PMU for CITIIS 2.0 under H_UD_Dept Government of Odisha,1,22-Jun-2026 11:00 AM,22-Jun-2026 04:00 PM,https://tendersodisha.gov.in/nicgep/app/nicgep/app?component=%24DirectLink&page=Home&service=direct&session=T&sp=SBQ58%2BFZmi%2FF%2BRysovFjCXA%3D%3D
Puducherry,LIS and RIS integration for tertiary hospitals in Ut of Puducherry,G-28011/86/2026,22-Jun-2026 05:00 PM,23-Jun-2026 11:00 AM,https://pudutenders.gov.in/nicgep/app/nicgep/app?component=%24DirectLink&page=Home&service=direct&session=T&sp=SZEFh3VcqND6MoW3Exo3Vbg%3D%3D
Puducherry,"Construction of drain wall in Gorimedu drain from Kokku park at ECR to Annai Theresa Nagar culvert at Gnanaprakasam Nagar, Puducherry - (II Call).",TN.02/PW/IRRN/2026-2027,16-Jun-2026 04:00 PM,17-Jun-2026 11:00 AM,https://pudutenders.gov.in/nicgep/app/nicgep/app?component=%24DirectLink&page=Home&service=direct&session=T&sp=SQgRrO9T1DrUGQwyxVXSVbA%3D%3D
Puducherry,Relining the Gorimedu drain from Annai Theressa Street to Venkateswara Nagar Road cross culvert in Thendral Nagar and widening of culverts in the Gorimedu drain at Thendral Nagar and Venkateswara Nagar Junctions in Puducherry -(II Call),TN.06/PW/IRRN/2026-2027,16-Jun-2026 04:00 PM,17-Jun-2026 11:00 AM,https://pudutenders.gov.in/nicgep/app/nicgep/app?component=%24DirectLink&page=Home&service=direct&session=T&sp=SaRa5fcNh64b44OdPj%2BCM%2FA%3D%3D
Puducherry,"Construction of Gorimedu drain at Annai Teresa Nagar in between Roja street to Samanthi street, Ganaprakasam Nagar, Kamaraj Nagar Constituency, Puducherry - (II Call).",TN.04/PW/IRRN/2026-2027,16-Jun-2026 04:00 PM,17-Jun-2026 11:00 AM,https://pudutenders.gov.in/nicgep/app/nicgep/app?component=%24DirectLink&page=Home&service=direct&session=T&sp=So73TYhQ85gzP9X1nDBBMaA%3D%3D
Puducherry,"Providing cover slab in the Krishna Nagar Phase-IV drain from Mariamman Koil Street to rear side of Jayaram Nagar at New Saram, Chinnaiyanpet, Thattanchavady Constituency, Puducherry - (II Call).",TN.05/PW/IRRN/2026-2027,16-Jun-2026 04:00 PM,17-Jun-2026 11:00 AM,https://pudutenders.gov.in/nicgep/app/nicgep/app?component=%24DirectLink&page=Home&service=direct&session=T&sp=SmulRRawTODMd31EjVyRn2A%3D%3D
Puducherry,"Construction of right side damaged drain wall in Gorimedu drain    from Vinoba Nagar pathway culvert at rear side of 1st        cross Gnanaprakasam Nagar, Puducherry - (II Call).",TN.03/PW/IRRN/2026-2027,16-Jun-2026 04:00 PM,17-Jun-2026 11:00 AM,https://pudutenders.gov.in/nicgep/app/nicgep/app?component=%24DirectLink&page=Home&service=direct&session=T&sp=S5AkkLuIM9dL5lFOoP0K2mw%3D%3D
Puducherry,Conducting of Water Audit for the PPCL Plant Area at T R Pattinam Karaikal,G-128 Conducting of Water Audit for PPCL plant area at T R Pattinam Karaikal,30-Jun-2026 03:00 PM,02-Jul-2026 11:00 AM,https://pudutenders.gov.in/nicgep/app/nicgep/app?component=%24DirectLink&page=Home&service=direct&session=T&sp=SD4z9kb8rEYycoDsRLIht%2Fw%3D%3D
Puducherry,AC-012 Procurement of 03 Nos. of Air Cooler Tube Bundles with end covers for Frame V Gas Turbine Generator Cooler,AC-012 PROCUREMENT OF TUBE BUNDLE FOR GTG AIR COOLER,30-Jun-2026 11:00 AM,02-Jul-2026 11:00 AM,https://pudutenders.gov.in/nicgep/app/nicgep/app?component=%24DirectLink&page=Home&service=direct&session=T&sp=SsWRHMwZJZmHmOlTN3t2esQ%3D%3D
Puducherry,"Providing Temporary Gravel Pathway Adjacent to Boat Club at Ousteri Lake Bund at Oussudu Revenue Village, Puducherry.",TN.01/PW/IRRN/2026-2027,09-Jun-2026 04:00 PM,10-Jun-2026 11:00 AM,https://pudutenders.gov.in/nicgep/app/nicgep/app?component=%24DirectLink&page=Home&service=direct&session=T&sp=SqLTrxhhnoyxxozX8ANGJ4w%3D%3D
Puducherry,"Formation of bituminous Internal road at ICAR  Krishi Vigyan Kendra campus,  Karaikal.",02/PW/BRK/2026-27,08-Jun-2026 04:00 PM,09-Jun-2026 10:00 AM,https://pudutenders.gov.in/nicgep/app/nicgep/app?component=%24DirectLink&page=Home&service=direct&session=T&sp=S1lVWMkOJ2j%2BpRVDtcmBrsA%3D%3D
Punjab,Repair of Flexible Apron downstream of Shah Nehar Barrage Gates.,16/2026-27,15-Jun-2026 12:00 PM,15-Jun-2026 02:00 PM,https://eproc.punjab.gov.in/nicgep/app/nicgep/app?component=%24DirectLink&page=Home&service=direct&session=T&sp=Sku8h6ZDEmLticgY3LTeqfQ%3D%3D
Punjab,DNIT for cuuting/removal of wild grass from non-yard area at various 09 no. substations as per clause 5(e) of PSTCL Horticulture policy 2016 under P and M Div Jamsher,TE 5/26-27,30-Jun-2026 11:00 AM,30-Jun-2026 12:00 PM,https://eproc.punjab.gov.in/nicgep/app/nicgep/app?component=%24DirectLink&page=Home&service=direct&session=T&sp=SC9iv0k7JmnR1CAZ9ipi5NQ%3D%3D
Punjab,"DNIT for supply/delivery and installation of 13no. 2 Ton Split ACs for various 220kv Substations under P and M Division, PSTCL Jamsher",TE 6/26-27,16-Jun-2026 11:00 AM,16-Jun-2026 12:00 PM,https://eproc.punjab.gov.in/nicgep/app/nicgep/app?component=%24DirectLink&page=Home&service=direct&session=T&sp=SfwXM0t38fLAQZqn2OU%2Fwww%3D%3D
Punjab,Estimate for Protection of Bridge and Pipeline at various RDs at Lift Samlah Pahadpur Lift Irrigation scheme at RD 28000/L of A.S.H.C,22/22A/2026-27,15-Jun-2026 10:00 AM,15-Jun-2026 01:00 PM,https://eproc.punjab.gov.in/nicgep/app/nicgep/app?component=%24DirectLink&page=Home&service=direct&session=T&sp=SdNfZWcfx78aUm5DDBpot7w%3D%3D
Punjab,LINING OF WATERCOURSES OF O/L RD  6919-TR OF UGGI MINOR VILLAGE RASULPUR KALAN UGGI DISTT. JALANDHAR,NITNO.34/2026/BDC-2/PWRMDC/DT 10-02-2026,08-Jun-2026 02:00 PM,08-Jun-2026 04:00 PM,https://eproc.punjab.gov.in/nicgep/app/nicgep/app?component=%24DirectLink&page=Home&service=direct&session=T&sp=Sh3vuXYLlIUw0K8CqEbOxIg%3D%3D
Punjab,Installation of RTRWH Project at DAC Complex Jalandhar and Laying of UGPL Pipeline RCC 200mm at Vill Khusropur tehsil Kartarpur District Jalandhar,DSWC/JAL/2026-2027/01,08-Jun-2026 10:00 AM,08-Jun-2026 11:00 AM,https://eproc.punjab.gov.in/nicgep/app/nicgep/app?component=%24DirectLink&page=Home&service=direct&session=T&sp=S23MqDEqv66C8plr2Kn2RuA%3D%3D
Punjab,Estimate for Lining/Relining by laying of w/c of O/L RD 4050-TF of Kotra Minor 6 of Village Khandebad of District Sangrur(Slice-III) (Laying and Jointing of RCC UGPL system and other allied works in construction watercourse),16 of 2026,11-Jun-2026 09:00 AM,11-Jun-2026 02:00 PM,https://eproc.punjab.gov.in/nicgep/app/nicgep/app?component=%24DirectLink&page=Home&service=direct&session=T&sp=SRNMlG5s9uWkm5BO7ofTtOQ%3D%3D
Punjab,Cattle Feed Ingredients,CFP/GKB/PUR/2025-26/Short term DORB,08-Jun-2026 12:00 PM,08-Jun-2026 12:30 PM,https://eproc.punjab.gov.in/nicgep/app/nicgep/app?component=%24DirectLink&page=Home&service=direct&session=T&sp=SVggsxjxoxNBRLHJZT6tsUQ%3D%3D
Punjab,LINING OF WATERCOURSES OF O/L RD 68000-R OF IBBAN MINOR VILLAGE SIDHWAN DONA DISTT. KAPURTHALA,NITNO.51/2026/BDC-2/PWRMDC/DT 12-02-2026,08-Jun-2026 02:00 PM,08-Jun-2026 04:00 PM,https://eproc.punjab.gov.in/nicgep/app/nicgep/app?component=%24DirectLink&page=Home&service=direct&session=T&sp=SCgTzA%2F7pvwqM0lxyapDucg%3D%3D
Punjab,RCC Pipe Laying Work,DSWC/MKS/2026-2027/02,12-Jun-2026 10:00 AM,12-Jun-2026 10:00 AM,https://eproc.punjab.gov.in/nicgep/app/nicgep/app?component=%24DirectLink&page=Home&service=direct&session=T&sp=SZY2IAi4LVb4fSXTZhKYZWQ%3D%3D
Rajasthan,"Construction work of 05 new classrooms at Government Girls Higher Secondary School Ramganj, Ajmer (221882).",7/2026-27 (5),11-Jun-2026 06:00 PM,12-Jun-2026 11:00 AM,https://eproc.rajasthan.gov.in/nicgep/app/nicgep/app?component=%24DirectLink&page=Home&service=direct&session=T&sp=SVVeFmofZbQslNo7jooLhTQ%3D%3D
Rajasthan,GSB WORK,MBG/2026-27/812,08-Jun-2026 03:00 PM,09-Jun-2026 11:00 AM,https://eproc.rajasthan.gov.in/nicgep/app/nicgep/app?component=%24DirectLink&page=Home&service=direct&session=T&sp=ScfVKpWZqBqV7D1YTLzJmQw%3D%3D
Rajasthan,ORDINARY REPAIR WORKS OF VARIOUS ROADS IN SIROHI BLOCK 2026-27,"NIT No. 02 of 2026-27 PWD Division, Sirohi",04-Jun-2026 06:00 PM,05-Jun-2026 11:00 AM,https://eproc.rajasthan.gov.in/nicgep/app/nicgep/app?component=%24DirectLink&page=Home&service=direct&session=T&sp=So0KQ2AfqH8eBbDK%2FpFwePA%3D%3D
Rajasthan,Supply Of Smart Class Room And Related Hardware,Supply Of Smart Class Room And Retated Hardwar 798/2026-27,11-Jun-2026 01:00 PM,11-Jun-2026 03:00 PM,https://eproc.rajasthan.gov.in/nicgep/app/nicgep/app?component=%24DirectLink&page=Home&service=direct&session=T&sp=SLVn0yHv1GK%2F3e4xeplodfw%3D%3D
Rajasthan,Annual Contract of Material Supply and Equipment Arrangement for Year 2026-27 for Gram Panchayat Loharra for MNREGA and All Other Schemes of Panchayati Raj Department,01/2026-27/LOHARRA,06-Jun-2026 06:00 PM,08-Jun-2026 02:00 PM,https://eproc.rajasthan.gov.in/nicgep/app/nicgep/app?component=%24DirectLink&page=Home&service=direct&session=T&sp=STZk8H%2BA%2BN7k9IVdfTzTcFg%3D%3D
Rajasthan,"Construction work of 06 new classrooms at Mahatma Gandhi Govt. School, Bhagwan Ganj, Ajmer (221861).",7/2026-27 (4),11-Jun-2026 06:00 PM,12-Jun-2026 11:00 AM,https://eproc.rajasthan.gov.in/nicgep/app/nicgep/app?component=%24DirectLink&page=Home&service=direct&session=T&sp=SwKTPecwij8ib8nGMqQftjg%3D%3D
Rajasthan,Hiring of computer with computer operator through service provider at Corporate office RSMML 4 Meera Marg Udaipur,Contract 07,24-Jun-2026 03:00 PM,25-Jun-2026 03:30 PM,https://eproc.rajasthan.gov.in/nicgep/app/nicgep/app?component=%24DirectLink&page=Home&service=direct&session=T&sp=SzKIrigGzD%2B4BL2C2UG84AA%3D%3D
Rajasthan,ORDINARY REPAIR WORKS OF VARIOUS ROADS IN REODAR BLOCK 2026-27,"NIT No. 02 of 2026-27 PWD Division, Sirohi",04-Jun-2026 06:00 PM,05-Jun-2026 11:00 AM,https://eproc.rajasthan.gov.in/nicgep/app/nicgep/app?component=%24DirectLink&page=Home&service=direct&session=T&sp=SnaIejbCtWBXtXbNihIoj1Q%3D%3D
Rajasthan,"SITC of Air conditioning work at Auditorium Building, Pandit Deen Dayal Shekhawati University, Sikar",RSRDCC NIT 135/2026-27 Dated 29.05.2026,22-Jun-2026 06:00 PM,23-Jun-2026 11:00 AM,https://eproc.rajasthan.gov.in/nicgep/app/nicgep/app?component=%24DirectLink&page=Home&service=direct&session=T&sp=SuCCKQJ7Bv9GfNrrp4lebOA%3D%3D
Rajasthan,GAURAV PATH BASERI ME MOTHER DAIRY SE TIRAHE TAK NALI NIRMAN KARYA,E-03,10-Jun-2026 06:00 PM,12-Jun-2026 09:00 AM,https://eproc.rajasthan.gov.in/nicgep/app/nicgep/app?component=%24DirectLink&page=Home&service=direct&session=T&sp=SJ77MrU24cuRlvvqvrYhbSQ%3D%3D
Sikkim,"Selection of agency for Design, Development and Implementation of the Integrated Investment and Entrepreneurial Portal (SPARK) under Sikkim Integrated Service Provision and Innovation for Reviving Economies (INSPIRES) Program",IN-SPARK-2026-1-QCBS,12-Jun-2026 03:00 PM,12-Jun-2026 03:30 PM,https://sikkimtender.gov.in/nicgep/app/nicgep/app?component=%24DirectLink&page=Home&service=direct&session=T&sp=SQ8LbcM1bsYAACwazuR7pzg%3D%3D
Sikkim,"Construction of multi-purpose hall at Government Degree College, Rhenock, in Pakyong District.",09/NIT/EDN/26-27,24-Jun-2026 04:30 PM,26-Jun-2026 11:30 AM,https://sikkimtender.gov.in/nicgep/app/nicgep/app?component=%24DirectLink&page=Home&service=direct&session=T&sp=SW4Ra0%2FUOySZAd5sCa2TErA%3D%3D
Sikkim,Selection of Authority Engineer for Sikkim Major District Roads upgradation Project.,121/GoS/RB/ADB Project/2025-26/01,09-Jun-2026 02:00 PM,09-Jun-2026 02:15 PM,https://sikkimtender.gov.in/nicgep/app/nicgep/app?component=%24DirectLink&page=Home&service=direct&session=T&sp=SsXNtdTwa82b6SmELlO%2Fvrw%3D%3D
Sikkim,Quotation for finalization of rates,PHE/3022/Gen/2021/350,15-Jun-2026 04:00 PM,16-Jun-2026 11:00 AM,https://sikkimtender.gov.in/nicgep/app/nicgep/app?component=%24DirectLink&page=Home&service=direct&session=T&sp=Sf2VHEhUKdmz6epqImLS31A%3D%3D
Sikkim,"Construction of Office and Residential Complex for BIP Rumtek, under SIB Gangtok",2446/SD/HQ-I/Bldgs/P/22,02-Jun-2026 04:00 PM,04-Jun-2026 11:00 AM,https://sikkimtender.gov.in/nicgep/app/nicgep/app?component=%24DirectLink&page=Home&service=direct&session=T&sp=SGBZmct%2FHhVC4SwkL9XnrXg%3D%3D
Sikkim,"EOI for Detailed Survey Investigation, Designing and Preparation of Detailed Project Report for setting up of Naya-Bazaar Jorethang Nagar Panchayat Sewerage System in Naya-Bazaar Jorethang Town and its surroundingareas, Namchi District, Sikkim.",08/DPR-NJNP/SEW/PHED/2025-26,02-Jun-2026 01:00 PM,05-Jun-2026 02:00 PM,https://sikkimtender.gov.in/nicgep/app/nicgep/app?component=%24DirectLink&page=Home&service=direct&session=T&sp=SXve8UIkk0HKgwXcb5v5%2BKw%3D%3D
Sikkim,Hiring of IT Service Provider for setting up the Integrated Management Information System under Sikkim Integrated Service Provision and Innovation for Reviving Economies INSPIRES Program,IN-PMU-260323-LS-RFP-IMIS-ITS,09-Jun-2026 11:00 AM,09-Jun-2026 11:30 AM,https://sikkimtender.gov.in/nicgep/app/nicgep/app?component=%24DirectLink&page=Home&service=direct&session=T&sp=Sf0MXu%2FLjiR8pA%2FGzUIWpcQ%3D%3D
Sikkim,Hiring of an Implementation Agency for Development Implementation and Maintenance of a Centralised Beneficiary Platform under Sikkim Integrated Service Provision and Innovation for Reviving Economies INSPIRES Program,IN-PMU-260320-LS-RFP-CBP-IA,09-Jun-2026 12:00 PM,09-Jun-2026 12:30 PM,https://sikkimtender.gov.in/nicgep/app/nicgep/app?component=%24DirectLink&page=Home&service=direct&session=T&sp=SBhgobbFfimLqCMuK75W5wA%3D%3D
Sikkim,"Hiring of IT Service Provider to Design, Develop and Maintain an Integrated Case Management System for Women, Child, Senior Citizen and Divyangjan Welfare Department, GoS under Sikkim Integrated Service Provision and Innovation for Reviving Economies",IN-PMU-260320-QCBS-LS-ICMS-ITS,08-Jun-2026 11:00 AM,08-Jun-2026 11:30 AM,https://sikkimtender.gov.in/nicgep/app/nicgep/app?component=%24DirectLink&page=Home&service=direct&session=T&sp=SXGFTR1p8AllKP5561RY61Q%3D%3D
Tamil Nadu,Supply and erection of Precast bus shelter at  GN Mills to Ganapathy Road Urymandamapalayam  in Ward No 13 North Zone,e36/2026-bus shelter,16-Jun-2026 03:00 PM,17-Jun-2026 04:00 PM,https://tntenders.gov.in/nicgep/app/nicgep/app?component=%24DirectLink&page=Home&service=direct&session=T&sp=S%2B0L1NjHSJfEopA7AX0ombg%3D%3D
Tamil Nadu,Supply and erection of Precast bus shelter at Ganapathy Managar  in Ward No 20 North Zone,e36/2026-bus shelter,16-Jun-2026 03:00 PM,17-Jun-2026 04:00 PM,https://tntenders.gov.in/nicgep/app/nicgep/app?component=%24DirectLink&page=Home&service=direct&session=T&sp=S3ZgB%2F5QQOXbYlPgGoHnsjA%3D%3D
Tamil Nadu,Supply and erection of Precast bus shelter near Uzhlavar Sandhai at Madhukkarai Main Road  in Ward No 94 South Zone,e36/2026-bus shelter,16-Jun-2026 03:00 PM,17-Jun-2026 04:00 PM,https://tntenders.gov.in/nicgep/app/nicgep/app?component=%24DirectLink&page=Home&service=direct&session=T&sp=SX7vRYkFN5vjWZ%2FzJo0LBwA%3D%3D
Tamil Nadu,Supply and erection of Precast bus shelter at Perur Main Road Near of D2 Police Station in Ward No 76 South Zone,e36/2026-bus shelter,16-Jun-2026 03:00 PM,17-Jun-2026 04:00 PM,https://tntenders.gov.in/nicgep/app/nicgep/app?component=%24DirectLink&page=Home&service=direct&session=T&sp=SZnbksNNsaHnGd31RvF8QKw%3D%3D
Tamil Nadu,Supply and erection of Precast bus shelter at  Thudiyalur to Saravanampatti Road Vellakinar City Bakery (S) in Ward No 02 North Zone,e36/2026-bus shelter,16-Jun-2026 03:00 PM,17-Jun-2026 04:00 PM,https://tntenders.gov.in/nicgep/app/nicgep/app?component=%24DirectLink&page=Home&service=direct&session=T&sp=Ss5TzdHB36sIaIojCXGBctQ%3D%3D
Tamil Nadu,Supply and erection of Precast bus shelter near at  Pothanur Rail Kaylana Mandapam West Side OF St. Joesph School Comppund Near in Ward No 99 South Zone,e36/2026-bus shelter,16-Jun-2026 03:00 PM,17-Jun-2026 04:00 PM,https://tntenders.gov.in/nicgep/app/nicgep/app?component=%24DirectLink&page=Home&service=direct&session=T&sp=S9pcwuk26wdsgvq6lkbxkVA%3D%3D
Tamil Nadu,Supply and erection of Precast bus shelter at Ellai Thottam in Ward No 26 North Zone,e36/2026-bus shelter,16-Jun-2026 03:00 PM,17-Jun-2026 04:00 PM,https://tntenders.gov.in/nicgep/app/nicgep/app?component=%24DirectLink&page=Home&service=direct&session=T&sp=SS9inQT9Zz%2BeofhnRLiZE7g%3D%3D
Tamil Nadu,"Supply and erection of Precast bus shelter at  Athupalam, Pollachi Main Road   in Ward No 86 South Zone",e36/2026-bus shelter,16-Jun-2026 03:00 PM,17-Jun-2026 04:00 PM,https://tntenders.gov.in/nicgep/app/nicgep/app?component=%24DirectLink&page=Home&service=direct&session=T&sp=Sh%2FGf%2F2berPHHlcKQ3dRcLQ%3D%3D
Tamil Nadu,Supply and erection of Precast bus shelter near at Sai Nagar Opposite (Pothanur Main Road)  in Ward No 95 South Zone,e36/2026-bus shelter,16-Jun-2026 03:00 PM,17-Jun-2026 04:00 PM,https://tntenders.gov.in/nicgep/app/nicgep/app?component=%24DirectLink&page=Home&service=direct&session=T&sp=SDbTsXJH%2Fb7ibRExl0NK78Q%3D%3D
Tamil Nadu,Supply and erection of Precast bus shelter at Gandhi Managar Main Road in Ward No 25 North Zone,e36/2026-bus shelter,16-Jun-2026 03:00 PM,17-Jun-2026 04:00 PM,https://tntenders.gov.in/nicgep/app/nicgep/app?component=%24DirectLink&page=Home&service=direct&session=T&sp=ScGAOSe%2Fb47eMwdgPGp4WmA%3D%3D
Tripura,"AR and MO Govt. Non-Residential buildings during the year 2026-27 SH  Maintenance of different Govt. Offices at Netaji Complex, Agartala and also Govt. quarters under the jurisdiction of Central-II Sub-Division, Agartala",08/EE-I/2026-27,10-Jun-2026 03:00 PM,10-Jun-2026 04:00 PM,https://tripuratenders.gov.in/nicgep/app/nicgep/app?component=%24DirectLink&page=Home&service=direct&session=T&sp=SqEmtMbMRDdsrN%2BCzPml6CQ%3D%3D
Tripura,Construction of Market at Kalibazar Market under Nalchar Block under Bishalgarh Agri Sub Division.,04/CE/AGRI/EE(WEST-I)/2026-27,15-Jun-2026 02:00 PM,15-Jun-2026 03:00 PM,https://tripuratenders.gov.in/nicgep/app/nicgep/app?component=%24DirectLink&page=Home&service=direct&session=T&sp=S7kT0Y5A8r%2FaRYkFiYtRnYw%3D%3D
Tripura,Construction of Composite Building for Accommodation of different offices of Public Works Department  at Capital Complex  Khejurbagan Agartala Ground Floor only SH Providing Conceal Internal Electrification thereof,ACE_PU_PWD Bldgs_Elect_DNIT_08_2026_27,10-Jun-2026 03:00 PM,10-Jun-2026 03:30 PM,https://tripuratenders.gov.in/nicgep/app/nicgep/app?component=%24DirectLink&page=Home&service=direct&session=T&sp=S3F24Y2W58AmC9IZp1Jqcvg%3D%3D
Tripura,Construction of Market at Sutarmura Bazar at Charilam under Bishalgarh Agri Sub Division.,03/CE/AGRI/EE(WEST-I)/2026-27,15-Jun-2026 02:00 PM,15-Jun-2026 03:00 PM,https://tripuratenders.gov.in/nicgep/app/nicgep/app?component=%24DirectLink&page=Home&service=direct&session=T&sp=SMNI4TiKxqJS7y06TnZ8mKw%3D%3D
Tripura,Construction of Market at Machima Bazar at Dhanpur under Sonamura Agri Sub Division.,02/CE/AGRI/EE(WEST-I)/2026-27,15-Jun-2026 02:00 PM,15-Jun-2026 03:00 PM,https://tripuratenders.gov.in/nicgep/app/nicgep/app?component=%24DirectLink&page=Home&service=direct&session=T&sp=SKZj4OYRM7uNDRIUlFW%2FNzw%3D%3D
Tripura,"Development of District Hospital, Dharmanagar,  North Tripura, during the year 2025-26",64/SE(I)/KGT/2025-26,10-Jun-2026 03:00 PM,10-Jun-2026 04:00 PM,https://tripuratenders.gov.in/nicgep/app/nicgep/app?component=%24DirectLink&page=Home&service=direct&session=T&sp=SHuBh8%2BCpmwFaAoJBn4WfUg%3D%3D
Tripura,"Construction of Boundary wall surrounding the District Hospital South, Santirbazar, South Tripura",04/NIT/SE-III/B/PWD R and B/2026-27,08-Jun-2026 03:00 PM,08-Jun-2026 04:00 PM,https://tripuratenders.gov.in/nicgep/app/nicgep/app?component=%24DirectLink&page=Home&service=direct&session=T&sp=S3nQuVqf9UMqMehRsedxyQA%3D%3D
Tripura,Urban Water Supply Scheme during the year 2025 26,07/CE/TJB/2026-27,12-Jun-2026 03:00 PM,12-Jun-2026 03:30 PM,https://tripuratenders.gov.in/nicgep/app/nicgep/app?component=%24DirectLink&page=Home&service=direct&session=T&sp=SFePU%2FG8VldOe8Vn5xxZaPQ%3D%3D
Tripura,Running Maintenance of Agartala Water Supply  Scheme within the jurisdiction of DWS Division No I during the year 2025 26,05/CE/TJB/2026-27,12-Jun-2026 03:00 PM,12-Jun-2026 03:30 PM,https://tripuratenders.gov.in/nicgep/app/nicgep/app?component=%24DirectLink&page=Home&service=direct&session=T&sp=ShHmau6O4c%2BTmBD3ml3DE%2Bg%3D%3D
Tripura,"Providing and Fitting and Fixing of Centrifugal pump -Motor set for the Alternative intake well pump house of SWTP(0.72 MGD capacity), Garadtilla, Kamalpur During the year 2025-26.",11/EE/PWD(DWS)/KMP/2026-27,10-Jun-2026 03:00 PM,10-Jun-2026 04:00 PM,https://tripuratenders.gov.in/nicgep/app/nicgep/app?component=%24DirectLink&page=Home&service=direct&session=T&sp=SyGHGrcasn%2FpeI31REl%2FR1g%3D%3D
Ladakh,Construction of First Aid ( Veterinary Centre ) at Satoo Kargyam ( Under VVP - I ),E Tender 25 of R and B Division Leh,22-Jun-2026 04:00 PM,24-Jun-2026 02:00 PM,https://tenders.ladakh.gov.in/nicgep/app/nicgep/app?component=%24DirectLink&page=Home&service=direct&session=T&sp=SZ%2BxxG8TEmOvl9Ze40aNprg%3D%3D
Ladakh,"SITC for Renovation and Modernization of Substation in Leh District under SDP (Ongoing) works for the financial year 2024-25 at City, Pologround and Upper section on full turnkey basis for the Financial Year 2026-27",e-NIT No. 11 of ED Leh of 2026-27 dated 01-06-2026,12-Jun-2026 02:00 PM,13-Jun-2026 02:00 PM,https://tenders.ladakh.gov.in/nicgep/app/nicgep/app?component=%24DirectLink&page=Home&service=direct&session=T&sp=S%2FU5vDAtPnfzR2%2B679sNeyA%3D%3D
Ladakh,Solar retrofitting of Main Building Police Check Post Upshi District Leh (Under SDP),CDL 13 of Leh of 2026-27,08-Jun-2026 04:00 PM,09-Jun-2026 02:00 PM,https://tenders.ladakh.gov.in/nicgep/app/nicgep/app?component=%24DirectLink&page=Home&service=direct&session=T&sp=SxdUqO7f%2F5%2F%2BlpURNtZSZDg%3D%3D
Ladakh,"Structural Design and vetting from competent authority like IIT, NIT for preparation of detailed project report for Establishment of new College for Nursing (Con) in Co-location with medical college at Spituk Farkha Leh",CDL 40 of Leh of 2026-27,05-Jun-2026 11:00 AM,06-Jun-2026 02:00 PM,https://tenders.ladakh.gov.in/nicgep/app/nicgep/app?component=%24DirectLink&page=Home&service=direct&session=T&sp=SRhyi11jjxGtKThISs2GWPA%3D%3D
Ladakh,Construction of AWC Sakti Hamil with landscaping of playing area and compound wall (Under SDP),CDL 43 of Leh of 2026-27,12-Jun-2026 04:00 PM,13-Jun-2026 02:00 PM,https://tenders.ladakh.gov.in/nicgep/app/nicgep/app?component=%24DirectLink&page=Home&service=direct&session=T&sp=SUhSnPbxELJEoSYQlPmJ5Vw%3D%3D
Ladakh,Construction of AWC Sakti Hamil main  with landscaping of playing area and compound wall (Under SDP ICDS ),CDL 43 of Leh of 2026-27,12-Jun-2026 04:00 PM,13-Jun-2026 02:00 PM,https://tenders.ladakh.gov.in/nicgep/app/nicgep/app?component=%24DirectLink&page=Home&service=direct&session=T&sp=SkKfIJ%2FyDUe9IoYAK%2FWCzHw%3D%3D
Ladakh,Construction of Retaining and breast wall for Towers in District Kargil,e-NIT No 03 of STD Kargil of 2026,12-Jun-2026 04:00 PM,13-Jun-2026 01:00 PM,https://tenders.ladakh.gov.in/nicgep/app/nicgep/app?component=%24DirectLink&page=Home&service=direct&session=T&sp=SE3jD9vNF%2Bds0R40l98m%2FeA%3D%3D
Ladakh,Planting of willow green cuttings and providing and laying of chain link fencing in cement concrete at panamik thang community area of Nubra Forest Range for the year 2026-27 under SDP scheme,E-NIT 01 of FDL 2026-27,08-Jun-2026 04:00 PM,09-Jun-2026 11:00 AM,https://tenders.ladakh.gov.in/nicgep/app/nicgep/app?component=%24DirectLink&page=Home&service=direct&session=T&sp=SseX3Nh%2BZ9qU63AseDMfHBg%3D%3D
Ladakh,Construction of Multipurpose Community Hall at Tingdo.(Capex).,E tender 11 of 2026-27 PW RnB Division 2nd Kargil,13-Jun-2026 04:00 PM,15-Jun-2026 11:00 AM,https://tenders.ladakh.gov.in/nicgep/app/nicgep/app?component=%24DirectLink&page=Home&service=direct&session=T&sp=SsqpfzL5HKvq3xA6SdqnT2g%3D%3D
Ladakh,Construction of road from Dandal Thang to Dongchik including Upgradation of Various links road Chokiyal area (balance work) Under CRIF,E tender 11 of 2026-27 PW RnB Division 2nd Kargil,13-Jun-2026 04:00 PM,15-Jun-2026 11:00 AM,https://tenders.ladakh.gov.in/nicgep/app/nicgep/app?component=%24DirectLink&page=Home&service=direct&session=T&sp=SrVJGgifqywdk1XEVORqZtA%3D%3D
Uttarakhand,Construction of On Grid Solar Plant at Jwalpa Devi Naugaonkhal water supply scheme funded by NABARD at in Block Ekashwar of District Pauri Garhwal,90/Nivida/22 dated 30.05.2026,15-Jun-2026 05:00 PM,17-Jun-2026 11:00 AM,https://uktenders.gov.in/nicgep/app/nicgep/app?component=%24DirectLink&page=Home&service=direct&session=T&sp=S6cggzoEYb6AkNP%2B4A0%2BBLA%3D%3D
Uttarakhand,Construction of On Grid Solar Plant at Kanda Maikhura water supply scheme funded by NABARD at in Block Karnprayag of District Chamoli,90/Nivida/22 dated 30.05.2026,15-Jun-2026 05:00 PM,17-Jun-2026 11:00 AM,https://uktenders.gov.in/nicgep/app/nicgep/app?component=%24DirectLink&page=Home&service=direct&session=T&sp=SzjgUDoVhhIbV%2By1dWeeQIg%3D%3D
Uttarakhand,Construction of On Grid Solar Plant at Bhairavgarhi water supply scheme funded by NABARD at in Block Dwarikhal or Jaiharikhal of District Pauri Garhwal,90/Nivida/22 dated 30.05.2026,15-Jun-2026 05:00 PM,17-Jun-2026 11:00 AM,https://uktenders.gov.in/nicgep/app/nicgep/app?component=%24DirectLink&page=Home&service=direct&session=T&sp=SkPGfMGuzzxO23nDDYcxfbQ%3D%3D
Uttarakhand,"Construction of On Grid Solar Plant at Mechanical Division Office, Kotdwar funded by NABARD at in Block Dugadda of District Pauri Garhwal",90/Nivida/22 dated 30.05.2026,15-Jun-2026 05:00 PM,17-Jun-2026 11:00 AM,https://uktenders.gov.in/nicgep/app/nicgep/app?component=%24DirectLink&page=Home&service=direct&session=T&sp=SMlTeDfWVIXT4%2B1m1ejuLnQ%3D%3D
Uttarakhand,Construction of On Grid Solar Plant at Jwalpa Devi Kafalsyun water supply scheme funded by NABARD at in Block Ekashwar of District Pauri Garhwal,90/Nivida/22 dated 30.05.2026,15-Jun-2026 05:00 PM,17-Jun-2026 11:00 AM,https://uktenders.gov.in/nicgep/app/nicgep/app?component=%24DirectLink&page=Home&service=direct&session=T&sp=SbzhipIGd6Txso4sClP831A%3D%3D
Uttarakhand,"Rajya Apda Nunikaran nidhi (SDMF) ke antargat Vikaskhand Pabo mai Pabo Santudhar Naugounkhal Chubattakhal damdewal Churikhal  Motor Marg ke Km 6 ke Cross section 5/7 to 5/11 mai Bhushkhalan se Prabhavit Bhag mai Surakshatmak Karya, ( Swikriti ke Prat",911/12AC Dated 29-05-2026,17-Jun-2026 12:00 PM,17-Jun-2026 03:00 PM,https://uktenders.gov.in/nicgep/app/nicgep/app?component=%24DirectLink&page=Home&service=direct&session=T&sp=SbgFLhFbRt%2BPCR%2FqMypO1hA%3D%3D
Uttarakhand,SITC of 13 Passenger MRL Lift for Admin and Academic Building at CIPET Doiwala Dehradun,844/BRIDCUL/844/26 Dated 26.05.2026,15-Jun-2026 03:00 PM,15-Jun-2026 03:30 PM,https://uktenders.gov.in/nicgep/app/nicgep/app?component=%24DirectLink&page=Home&service=direct&session=T&sp=S9EHTEOorKBZ9q9YLsvzOsg%3D%3D
Uttarakhand,Reconstruction of Garjiya (Ghugutidhar)- Bhateliya-Mukteshwar  Motor Road  S.H.-62  Km. 1 to 30 in Constituency Nainital District Nainital Under State Sector  Hon C.M. Announcement No. 311 2024,1165/41-M2/25-26 DAted 27-05-2026,15-Jun-2026 01:00 PM,15-Jun-2026 03:00 PM,https://uktenders.gov.in/nicgep/app/nicgep/app?component=%24DirectLink&page=Home&service=direct&session=T&sp=Sun3CO6cqa%2F7qILwFLH9C3A%3D%3D
Uttarakhand,"Annual maintenance work under the year 2026-27 in Badrinath assembly constituency of Chamoli district Renewal work using BC (30mm) on Rudraprayag-Pokhari-Gopeshwar motor road (SH-35) at km 53.00, 54(500m), 56(500m), 57.00 and 58.00.",1148/3AC date 30-05-2026,08-Jun-2026 11:00 AM,08-Jun-2026 03:00 PM,https://uktenders.gov.in/nicgep/app/nicgep/app?component=%24DirectLink&page=Home&service=direct&session=T&sp=S4UhF%2B%2FIJms6zMvO8%2FWMTeA%3D%3D
Uttarakhand,Supply of GI wire 5mm (6SWG),CCP-I/ 8/ 2026-2027,20-Jun-2026 05:00 PM,22-Jun-2026 03:45 PM,https://uktenders.gov.in/nicgep/app/nicgep/app?component=%24DirectLink&page=Home&service=direct&session=T&sp=SrKIy81L0kWhUukZLHbrv1A%3D%3D
Uttar Pradesh,"Resurfacing of Internal Roads in Sector Sigma III, Greater Noida.",SM/(E-TENDER CELL)/2026/755 DATED-27.05.2026,10-Jun-2026 05:00 PM,12-Jun-2026 11:00 AM,https://etender.up.nic.in/nicgep/app/nicgep/app?component=%24DirectLink&page=Home&service=direct&session=T&sp=SRIKBUGxACcrGQOT2BuBJUQ%3D%3D
Uttar Pradesh,"Cleaning work of Dasna Drain Chaprola Railway Crossing to Shahberi Culvert, Greater Noida.",SM/(E-TENDER CELL)/2026/755 DATED-27.05.2026,10-Jun-2026 05:00 PM,12-Jun-2026 11:00 AM,https://etender.up.nic.in/nicgep/app/nicgep/app?component=%24DirectLink&page=Home&service=direct&session=T&sp=Sq2wSLw0wb0yXuNHKh74PQg%3D%3D
Uttar Pradesh,"Providing and Fixing RCC Pre cast Boundary wall (Part-2) at Different Location in Jewar Vidhan Sabha Villages, Greater Noida.",SM/(E-TENDER CELL)/2026/755 DATED-27.05.2026,10-Jun-2026 05:00 PM,12-Jun-2026 11:00 AM,https://etender.up.nic.in/nicgep/app/nicgep/app?component=%24DirectLink&page=Home&service=direct&session=T&sp=Snd5mfdq3ewkQHf3llXazxg%3D%3D
Uttar Pradesh,"Under District Balrampur, Construction of the Non-Residential/Residential building of District Rural Development Institute in Balrampur District, Lot No 1",585/SE RED Devipatan/Balrampur/25-26 Dt 28/02/2026,24-Jun-2026 12:00 PM,25-Jun-2026 12:30 PM,https://etender.up.nic.in/nicgep/app/nicgep/app?component=%24DirectLink&page=Home&service=direct&session=T&sp=SUQ9NwkgPqONtBvUMisy4KA%3D%3D
Uttar Pradesh,"Construction of Science lab in Village Talda, Chachula, Dalelgarh, Atai Muradpur, Amarpur, Dadupur Dankaur, Nanua Ka Rajpur, Nawada, Pipalka Suratpur and Bulandkheda (10 Nos), Greater Noida.",SM/(E-TENDER CELL)/2026/755 DATED-27.05.2026,10-Jun-2026 05:00 PM,12-Jun-2026 11:00 AM,https://etender.up.nic.in/nicgep/app/nicgep/app?component=%24DirectLink&page=Home&service=direct&session=T&sp=SJnuTRFXTeFrTQrvMKk%2FhVA%3D%3D
Uttar Pradesh,6 vikaskhand jagner ki Gram Panchayat Dhani na ki Majra kachhpura mein road se badhai ki aur CC Nirman karya,346NIVIDA AGRA/2026-27 dt 22.5.2026,08-Jun-2026 12:00 PM,08-Jun-2026 12:30 PM,https://etender.up.nic.in/nicgep/app/nicgep/app?component=%24DirectLink&page=Home&service=direct&session=T&sp=SysfLI%2B24533wXLqG1d57pg%3D%3D
Uttar Pradesh,Repairing of link road tivarlal to lachamanpur,17/2026-27,10-Jun-2026 01:30 PM,10-Jun-2026 02:00 PM,https://etender.up.nic.in/nicgep/app/nicgep/app?component=%24DirectLink&page=Home&service=direct&session=T&sp=SzfwlthxR4xIAYTIJjkBDhA%3D%3D
Uttar Pradesh,"Providing and laying RCC Precast drain cover in Sector KP-3, Greater Noida.",SM/(E-TENDER CELL)/2026/755 DATED-27.05.2026,10-Jun-2026 05:00 PM,12-Jun-2026 11:00 AM,https://etender.up.nic.in/nicgep/app/nicgep/app?component=%24DirectLink&page=Home&service=direct&session=T&sp=S25f4Do1fC0OYVGknX0nl2w%3D%3D
Uttar Pradesh,Supply of Water Cooler and RO from Raibasera and Dump/ office in Zone 03,57/A.A.3/26-27,02-Jun-2026 03:00 PM,02-Jun-2026 04:00 PM,https://etender.up.nic.in/nicgep/app/nicgep/app?component=%24DirectLink&page=Home&service=direct&session=T&sp=S5X4UWTwDcfCdUA%2FS6mpYOw%3D%3D
Uttar Pradesh,"Providing and Fixing RCC Pre cast Boundary wall (Part-1) at Different Location in Jewar Vidhan Sabha Villages, Greater Noida.",SM/(E-TENDER CELL)/2026/755 DATED-27.05.2026,10-Jun-2026 05:00 PM,12-Jun-2026 11:00 AM,https://etender.up.nic.in/nicgep/app/nicgep/app?component=%24DirectLink&page=Home&service=direct&session=T&sp=SWcdQlUc8tjXH5gXptV8izA%3D%3D
West Bengal,CONSTRUCTION OF WATER PURIFIED SUPPLY SYSTEM WITH SOLAR ENERGY NEAR BAGJAN JR. SCHOOL IN THE PART OF 16/94 UNDER MAYNAGURI GRAM PANCHAYET,006/MNG/2025-26 (RE- CALL),12-Jun-2026 06:00 PM,16-Jun-2026 11:00 AM,https://wbtenders.gov.in/nicgep/app/nicgep/app?component=%24DirectLink&page=Home&service=direct&session=T&sp=SyXk2qYsGKklzIZB%2FLQv43Q%3D%3D
West Bengal,CONSTRUCTION OF CC DRAIN FROM THE LAND OF TAPAS ROY TO HARIMANDIR VIA DHARA RIVER AT PART NO 16/96 UNDER MAYNAGURI GRAM PANCHAYET,006/MNG/2025-26 (RE- CALL),12-Jun-2026 06:00 PM,16-Jun-2026 11:00 AM,https://wbtenders.gov.in/nicgep/app/nicgep/app?component=%24DirectLink&page=Home&service=direct&session=T&sp=SXyYfgIFsmgwqVpM8jKl7%2Fg%3D%3D
West Bengal,CONSTRUCTION OF WATER PURIFIED SUPPLY SYSTEM WITH SOLAR ENERGY NEAR HOUSE OF PANCHANAN ROY IN THE PART OF 16/99 UNDER MAYNAGURI GRAM PANCHAYET,006/MNG/2025-26 (RE- CALL),12-Jun-2026 06:00 PM,16-Jun-2026 11:00 AM,https://wbtenders.gov.in/nicgep/app/nicgep/app?component=%24DirectLink&page=Home&service=direct&session=T&sp=SDUREcvPAnbjbP%2B64minOIw%3D%3D
West Bengal,CONSTRUCTION OF CC ROAD FROM PUCCA ROAD TO GOPAL ROY IN THE PART OF 16/84 UNDER MAYNAGURI GRAM PANCHAYET,006/MNG/2025-26 (RE- CALL),12-Jun-2026 06:00 PM,16-Jun-2026 11:00 AM,https://wbtenders.gov.in/nicgep/app/nicgep/app?component=%24DirectLink&page=Home&service=direct&session=T&sp=SarNHxWgtB8zkJn3DXkE5fQ%3D%3D
West Bengal,CONSTRUCTION OF WATER PURIFIED SUPPLY SYSTEM WITH SOLAR ENERGY NEAR ICDS CENTRE IN THE PART OF 16/85 UNDER MAYNAGURI GRAM PANCHAYET,006/MNG/2025-26 (RE- CALL),12-Jun-2026 06:00 PM,16-Jun-2026 11:00 AM,https://wbtenders.gov.in/nicgep/app/nicgep/app?component=%24DirectLink&page=Home&service=direct&session=T&sp=S%2BZrBvhZjJyge7hfUm%2FVEkw%3D%3D
West Bengal,CONSTRUCTION OF WATER PURIFIED SUPPLY SYSTEM WITH SOLAR ENERGY NEAR ICDS CENTRE 471 IN THE PART OF 16/83 UNDER MAYNAGURI GRAM PANCHAYET,006/MNG/2025-26 (RE- CALL),12-Jun-2026 06:00 PM,16-Jun-2026 11:00 AM,https://wbtenders.gov.in/nicgep/app/nicgep/app?component=%24DirectLink&page=Home&service=direct&session=T&sp=S980j3i1zHLTxlWleds0wig%3D%3D
West Bengal,SE(FAWS)/W and S/KMDA/T-01 of 2026-27,SE(FAWS)/W and S/KMDA/T-01  of 2026-27,25-Jun-2026 06:30 PM,30-Jun-2026 04:30 PM,https://wbtenders.gov.in/nicgep/app/nicgep/app?component=%24DirectLink&page=Home&service=direct&session=T&sp=ShV8UVpfBHji0iiYbRIbmcg%3D%3D
West Bengal,NIET_WBPHE_01_ND_OF_26_27,WBPHE_01_ND_OF_26_27,22-Jun-2026 12:00 PM,24-Jun-2026 12:00 PM,https://wbtenders.gov.in/nicgep/app/nicgep/app?component=%24DirectLink&page=Home&service=direct&session=T&sp=SAWgH5G0KLAFdvF7Vl%2Fa7JQ%3D%3D
West Bengal,03/EE/KCMD/W and S/KMDA of 2026-2027,03/EE/KCMD/W and S/KMDA of 2026-2027,10-Jun-2026 03:00 PM,12-Jun-2026 03:00 PM,https://wbtenders.gov.in/nicgep/app/nicgep/app?component=%24DirectLink&page=Home&service=direct&session=T&sp=SS2Zw%2F8zfQ0D6KutaoBkHoA%3D%3D
West Bengal,"Construction of PCC road from Khairul Sk house to Samail Sk house at village Rampur,Sansad-12,JL No-104,Plot No-252-254,under Bara-II G.P. Activity ID- 112439435/2025-26",01/15th CFC(Untied)/BGP/2026-27,10-Jun-2026 06:00 PM,15-Jun-2026 09:00 AM,https://wbtenders.gov.in/nicgep/app/nicgep/app?component=%24DirectLink&page=Home&service=direct&session=T&sp=SMAhrO7xXYADN5vtNJzguHA%3D%3D
Defence,"REPAIRS/ MAINTENANCE TO SEWAGE SYSTEM BY CLEANING OF SEPTIC TANK, MANHOLES, SEWAGE LINES, GULLY TRAPS ETC AT SITE A2 OF NAVAL BASE AREA, KARWAR.",8532/E8,12-Sep-2026 06:00 PM,14-Sep-2026 09:00 AM,https://defproc.gov.in/nicgep/app?component=%24DirectLink&page=Home&service=direct&session=T&sp=StzQLLebI1SIf7nquMeRm1g%3D%3D
Defence,"RENOVATION OF DEPARTMENTAL CANTEEN, PROVN OF VISITOR ROOM ALONGWITH TOILET AT POST NO. 05, PROVN OF OVERHEAD COVERED PATHWAY FROM CEC BLDG TO ANTENNA AT RRC GHITORNI (RESTRICTED AREA) UNDER GE (SOUTH WEST) NEW DELHI-03",GE/SW-63/2026-2027,19-Sep-2026 06:00 PM,21-Sep-2026 12:00 PM,https://defproc.gov.in/nicgep/app?component=%24DirectLink&page=Home&service=direct&session=T&sp=S4i6tCG%2BT5Arky%2BlikmjLtQ%3D%3D
Defence,"REPAIR/ REPLACEMENT OF OLD UNSV WIRING, SUB MAIN WIRING, DBS, LED LIGHTS,  OTHER  FITTING FIXTURES  AT TAG LOCATION, REPAIR/ MAINT OF OLD UNSV WIRING, SUB MAIN WIRING, DBS, LED LIGHTS, REPAIR/ REPLACEMENT OF WATER SUPPLY LINE, PUMPS/ MOTORS, SLUICE",GE/SW-42/2026-2027,19-Sep-2026 06:00 PM,21-Sep-2026 12:00 PM,https://defproc.gov.in/nicgep/app?component=%24DirectLink&page=Home&service=direct&session=T&sp=SurUh%2FIB9YCh%2BxesnsE0E%2BA%3D%3D
Defence,REPAIRS TO CERTAIN BR WORKS OF CENTRAL AMINITIES AREA AND VARIOUS OTM ACCN AT NORTH OF RLY LINE UNDER GE MISSAMARI,8732/E8,12-Sep-2026 06:00 PM,14-Sep-2026 10:00 AM,https://defproc.gov.in/nicgep/app?component=%24DirectLink&page=Home&service=direct&session=T&sp=S4QwkY5%2FfujJ9TrV7VErmfw%3D%3D
Defence,"REPAIR/MAINTENANCE OF GEYSERS, CEILING FAN, EXHAUST FAN, WALL MOUNTED FAN, ELECT WIRING, DBS, FLAME PROOF LIGHTS, HIGH BAY LIGHTS AND CONNECTED ITEMS AT AIRFIELD AND HARNI CAMP AT AFS VADODARA",8217/E8,21-Sep-2026 06:00 PM,23-Sep-2026 09:00 AM,https://defproc.gov.in/nicgep/app?component=%24DirectLink&page=Home&service=direct&session=T&sp=SBbWOmA%2FEloRB5RRJVMqjdw%3D%3D
Defence,"REPAIR / REPLACEMENT OF INTERNAL ELECT WIRING, DB, SUB MAIN WIRING, AND CONNECTED ITEMS MD ACCN OF DARJIPURA AFS VADODARA",8220/E8,21-Sep-2026 06:00 PM,23-Sep-2026 09:00 AM,https://defproc.gov.in/nicgep/app?component=%24DirectLink&page=Home&service=direct&session=T&sp=STMiCNpVCyrvuiN4sbVfOjw%3D%3D
Defence,PROVISION OF SHED AT CERTAIN LICATIONS AT NAUSHAKTI NAGAR VISAKHAPATNAM,8676/GEND/E8,22-Sep-2026 06:00 PM,24-Sep-2026 11:00 AM,https://defproc.gov.in/nicgep/app?component=%24DirectLink&page=Home&service=direct&session=T&sp=SrC2lAvoOmjIa%2FOTMNj15Jg%3D%3D
Defence,REPAIR/ MAINT OF EOT CRANES INCLUDING FLAME PROOF WIRING AT CERTAIN BLDG AT AF STN BKT.,81671/E8,17-Sep-2026 06:00 PM,25-Sep-2026 10:00 AM,https://defproc.gov.in/nicgep/app?component=%24DirectLink&page=Home&service=direct&session=T&sp=SA7vJbfp3u4K4LquKvLOZPA%3D%3D
Defence,PROVISION OF OFFICE COMPLEX FOR CWE OFFICE AT PATIALA UNDER GE (N) PATIALA,CWE/PAT/T-48/2026-27,26-Sep-2026 06:00 PM,28-Sep-2026 10:00 AM,https://defproc.gov.in/nicgep/app?component=%24DirectLink&page=Home&service=direct&session=T&sp=SHVXCkYT2wcUujcZSOiBgoA%3D%3D
Defence,"REPAIR AND REPLACEMENT OF INTERNAL ELECTRICAL FITTINGS, FIXTURES, DBS AND SUB MAIN WIRING AND CONNECTED E/M WORKS AT A,B,C,D,E SECTOR ,35 RMA, OFFICERS INSTITUTE ,TS DOLPHIN AND CERTAIN MISCELLANEOUS/TECHNICAL BUILDINGS AT DILPHIN HILL AREA UNDER GE",C/8721/26-27/E8 TOKEN 54 OF 2026-27,12-Sep-2026 06:00 PM,15-Sep-2026 10:00 AM,https://defproc.gov.in/nicgep/app?component=%24DirectLink&page=Home&service=direct&session=T&sp=Sma3MdvNLPOXF2Hknm%2BvQdQ%3D%3D
BHEL,Fabrication and supply of HEADERS (Pressure Parts Items) with BHEL Materials (OSB),2026OSB058,14-Sep-2026 11:00 AM,14-Sep-2026 03:00 PM,https://eprocurebhel.co.in/nicgep/app?component=%24DirectLink&page=Home&service=direct&session=T&sp=SIsd7E4eTmESIHKlvRDxZMw%3D%3D
BHEL,"VITAMIN B1, VIT B6, VIT B12(3 ML AMP) INJ",349 H/ MDX/6/0349M3,11-Sep-2026 03:30 PM,11-Sep-2026 04:00 PM,https://eprocurebhel.co.in/nicgep/app?component=%24DirectLink&page=Home&service=direct&session=T&sp=Sok65bFNSF9NF2ru8naWXew%3D%3D
BHEL,METHOTREXATE 5 MG TAB,343 H/ MDX/5/0343M3,11-Sep-2026 03:30 PM,11-Sep-2026 04:00 PM,https://eprocurebhel.co.in/nicgep/app?component=%24DirectLink&page=Home&service=direct&session=T&sp=SkPfXr6kVz4%2FGwO6oo7JZ2g%3D%3D
BHEL,DEXTROSE 25 PERCENT  I.V (100ML/BOTTLE),842 H/ MDX/6/0842M2,11-Sep-2026 03:30 PM,11-Sep-2026 04:00 PM,https://eprocurebhel.co.in/nicgep/app?component=%24DirectLink&page=Home&service=direct&session=T&sp=SOsTH0HzJ%2FEp95IgwAvGzMg%3D%3D
BHEL,CIPROFLOXACIN I/V (200 mg/100 ml),755 H/ MDX/6/0755S2,11-Sep-2026 03:30 PM,11-Sep-2026 04:00 PM,https://eprocurebhel.co.in/nicgep/app?component=%24DirectLink&page=Home&service=direct&session=T&sp=SiLR13hkB3yh%2BzIhzs%2FFvzQ%3D%3D
BHEL,BLEACHING POWDER,E3163035,02-Sep-2026 02:00 PM,02-Sep-2026 04:00 PM,https://eprocurebhel.co.in/nicgep/app?component=%24DirectLink&page=Home&service=direct&session=T&sp=Sr8ksAz3V3bdirclDhHs%2FcA%3D%3D
BHEL,TONER FOR KIP 7970 PRINTING MACHINE,N5A1Z40191,10-Sep-2026 11:00 AM,11-Sep-2026 11:00 AM,https://eprocurebhel.co.in/nicgep/app?component=%24DirectLink&page=Home&service=direct&session=T&sp=S5zhgD7rYnX6ik520FLmwRQ%3D%3D
BHEL,FLOW INDICATOR,M1A1Z35531,03-Sep-2026 11:00 AM,03-Sep-2026 02:00 PM,https://eprocurebhel.co.in/nicgep/app?component=%24DirectLink&page=Home&service=direct&session=T&sp=SXVMqIDSCUgi7dkTsijOX3g%3D%3D
BHEL,TONER FOR KIP 7970 PRINTING MACHINE,N5A1Z40191,10-Sep-2026 11:00 AM,11-Sep-2026 11:00 AM,https://eprocurebhel.co.in/nicgep/app?component=%24DirectLink&page=Home&service=direct&session=T&sp=SVB7YYN2ogD8eONTqFOa00A%3D%3D
BHEL,LM GUIDE WAY,M1A1Z35454,03-Sep-2026 11:00 AM,03-Sep-2026 02:00 PM,https://eprocurebhel.co.in/nicgep/app?component=%24DirectLink&page=Home&service=direct&session=T&sp=Sfh0a0yfxO15MLG92bL4VNg%3D%3D
Coal India,"Repairing of MLA -5 Pump make KBL along with  fabrication of base plate, foundation and supply and fixing of couling bolt,gland packing etc. of 02 nos pump under Sarubera Project under Kuju Area.",GM (K)/EnM/eTender/26-27/79,09-Sep-2026 06:55 PM,10-Sep-2026 11:00 AM,https://coalindiatenders.nic.in/nicgep/app/nicgep/app?component=%24DirectLink&page=Home&service=direct&session=T&sp=S%2FBKMxBrqf%2FmgrEJb2Qp3Lg%3D%3D
Coal India,Repairing of Vehicle no. MP53J0105 of Khadia Project.,KHD/EM/E-Tender/26-27/257 Date-25.08.2026,09-Sep-2026 06:55 PM,10-Sep-2026 10:55 AM,https://coalindiatenders.nic.in/nicgep/app/nicgep/app?component=%24DirectLink&page=Home&service=direct&session=T&sp=SaiA0uUG5V15GTiMuYpiALw%3D%3D
Coal India,"Repairing/servicing of engine, radiator,clutch system,center braking and brake sstem etc. of Tata make Fire tender bearing registration no. JH24N-2769 plying at Karma Project under Kuju Area.",GM (K)/EnM/eTender/26-27/80,09-Sep-2026 06:55 PM,10-Sep-2026 11:00 AM,https://coalindiatenders.nic.in/nicgep/app/nicgep/app?component=%24DirectLink&page=Home&service=direct&session=T&sp=S%2BLk5CrcdhC8B08ZM1drrAg%3D%3D
Coal India,"Replacement and fitting of load cell AD card , control card , insulation pad , mounting sets and stainless steel flexible conduit pipe all load cell to junction box to digitizer 60t capacity Global Make electronic Road Weighbridge installed at AADOCM",GM(D)/SO(EnM)/NIT/2026-27/35 dtd- 29.08.2026,10-Sep-2026 09:00 AM,11-Sep-2026 09:00 AM,https://coalindiatenders.nic.in/nicgep/app/nicgep/app?component=%24DirectLink&page=Home&service=direct&session=T&sp=SlGQfIlyHu3Vg47BHKJEmiA%3D%3D
Coal India,Repairing of 03 Nos. Lincoln Make Power Master Air Operated Pump Assemblies for Lubrication System of Hydraulic Shovels at Khadia Project.,KHD/G.M. (Excv)/E-Tender/26-27/ 455,12-Sep-2026 11:00 AM,14-Sep-2026 11:00 AM,https://coalindiatenders.nic.in/nicgep/app/nicgep/app?component=%24DirectLink&page=Home&service=direct&session=T&sp=SlsEvFs%2BYKzWCtc9Dc8tqaw%3D%3D
Coal India,"Repairing of Blade Arm , Brace Arm, Carrier Roller mounting stand, Track frame , Chassis , Engine mounting base support,Hanger and Hyrdraulic oil cooler of BD155 Dozer sl.no. 13738 deployed at Topa OCP, Kuju Area.",GM(K)/Excv-61/26-27/T-60,10-Sep-2026 09:00 AM,11-Sep-2026 09:00 AM,https://coalindiatenders.nic.in/nicgep/app/nicgep/app?component=%24DirectLink&page=Home&service=direct&session=T&sp=SAUMjArg82hhTZzlafkh3YQ%3D%3D
Coal India,"Day to day HT overheadline maintenance work of 3.3kV feeders along with providing assistance to cope up the daily emergency work in backshift hours at Samleswari open cast project, IB Valley Area",MCL/GM/IBV/ENM/etender/112349 Dated 29.08.2026,16-Sep-2026 05:00 PM,18-Sep-2026 11:00 AM,https://coalindiatenders.nic.in/nicgep/app/nicgep/app?component=%24DirectLink&page=Home&service=direct&session=T&sp=SGDzJhHtz%2Bc80iRfXkIJPDA%3D%3D
Coal India,Replacement of cabin door floor mat in all the machines tabulated in Annexure- B working at  Dipka Expansion Project,SECL/DA/SO(EXCV)/ E-Tender/26-27/13 Dt. 29.08.2026,10-Sep-2026 05:00 PM,12-Sep-2026 11:00 AM,https://coalindiatenders.nic.in/nicgep/app/nicgep/app?component=%24DirectLink&page=Home&service=direct&session=T&sp=SHpitOnjSANsDQtyPZOwVqA%3D%3D
Coal India,Rewinding and Repairing of 40 KVA 6.6 KV/3.3 KV 230 V. 3 Phase Transformer at Kujama libra Pump Sub-Station of Kujama Colliery under Lodna Area.,BCCL/LA/EnM/F-19/26-27/052,10-Sep-2026 10:00 AM,11-Sep-2026 11:00 AM,https://coalindiatenders.nic.in/nicgep/app/nicgep/app?component=%24DirectLink&page=Home&service=direct&session=T&sp=S1p2NsUhcTd3XfXRJCVwFFA%3D%3D
Coal India,Development of land area at Vishnupuri mine II and I under Shivpuri sub area of Pench Area.,pe3350-civ-s-e034-2026-27,09-Sep-2026 06:00 PM,10-Sep-2026 11:00 AM,https://coalindiatenders.nic.in/nicgep/app/nicgep/app?component=%24DirectLink&page=Home&service=direct&session=T&sp=SHUgh%2BzJkic%2F%2FSQEvMWv0Ow%3D%3D
CPCL,Procurement of Reformer Burner Assembly Spares,C23M26R261,09-Sep-2026 11:00 AM,09-Sep-2026 02:00 PM,https://cpcletenders.nic.in/nicgep/app/nicgep/app?component=%24DirectLink&page=Home&service=direct&session=T&sp=Sv6vR6Opk%2FqB3uOIJZiBlTg%3D%3D
CPCL,Procurement of electrical fuses for CPCL,C18M26R275,31-Aug-2026 03:00 PM,31-Aug-2026 04:00 PM,https://cpcletenders.nic.in/nicgep/app/nicgep/app?component=%24DirectLink&page=Home&service=direct&session=T&sp=S9ZbIE2uaxw8JFg8px0w%2BKA%3D%3D
CPCL,"MKP/B649-095-VV-MR-6009/04 PRESSURE VESSEL-CS/LAS-SS CLAD GROUP-II/III LOBS PROJECT AT MANALI REFINERY, CHENNAI",MKP/B649-095-VV-MR-6009/04,17-Sep-2026 12:00 PM,18-Sep-2026 02:00 PM,https://cpcletenders.nic.in/nicgep/app/nicgep/app?component=%24DirectLink&page=Home&service=direct&session=T&sp=SHj%2Fcg5LxWh3Xn6H7NOmFMA%3D%3D
CPCL,Procurement of IR Fixed CCTV Cameras,C17M26R269,31-Aug-2026 11:00 AM,31-Aug-2026 02:00 PM,https://cpcletenders.nic.in/nicgep/app/nicgep/app?component=%24DirectLink&page=Home&service=direct&session=T&sp=SoWXzaMzfJdUGXlyANgLuTA%3D%3D
CPCL,Procurement of Double seal and API seal plan for 01-G-09A/B,C17M26R254,31-Aug-2026 11:00 AM,31-Aug-2026 02:00 PM,https://cpcletenders.nic.in/nicgep/app/nicgep/app?component=%24DirectLink&page=Home&service=direct&session=T&sp=SeKhiEgiFSi7NcY%2Fad3fmIA%3D%3D
CPCL,"Concrete lining over bunds in OM and S - I and II in CPCL, Manali",CPCLV26300,09-Sep-2026 11:00 AM,09-Sep-2026 02:00 PM,https://cpcletenders.nic.in/nicgep/app/nicgep/app?component=%24DirectLink&page=Home&service=direct&session=T&sp=SmcAsjH6lnxLJWHadGDp1Aw%3D%3D
CPCL,"JP/B649-000-CI-T-8101/1003 - PILING, CIVIL AND STRUCTURAL, UG PIPING AND BARRICADING WORKS",JP/B649-000-CI-T-8101/1003,21-Sep-2026 12:00 PM,22-Sep-2026 02:00 PM,https://cpcletenders.nic.in/nicgep/app/nicgep/app?component=%24DirectLink&page=Home&service=direct&session=T&sp=SJFoIwAWX7XV6eoRKOCfwVA%3D%3D
NTPC,Portable flue gas analyzer repairing onsite calibration and issuing calibration certificate,NTPC/USSC-CPG3/9900332095,03-Sep-2026 03:00 PM,04-Sep-2026 04:00 PM,https://eprocurentpc.nic.in/nicgep/app/nicgep/app?component=%24DirectLink&page=Home&service=direct&session=T&sp=Slm%2BEoBQEWWyM%2F4ShdWtKpw%3D%3D
NTPC,BMC FOR HP BYPASS SYSTEM OF NTPC BONGAIGAON,NTPC/USSC-CPG3/9900332395,03-Sep-2026 03:30 PM,04-Sep-2026 04:30 PM,https://eprocurentpc.nic.in/nicgep/app/nicgep/app?component=%24DirectLink&page=Home&service=direct&session=T&sp=SZgQCtYfOIDUrbeG3U%2FddKg%3D%3D
NTPC,Providing Safety management services along with manpower for Development,PVUNL/Patratu/9900332451,01-Sep-2026 03:00 PM,02-Sep-2026 03:00 PM,https://eprocurentpc.nic.in/nicgep/app/nicgep/app?component=%24DirectLink&page=Home&service=direct&session=T&sp=SSqjKUBqEfgBoVeIgTvYTPA%3D%3D
NTPC,Biennial Maintenance Contract for Rubber Lining Works (DM Plant  AND CPURegeneration Plant ) for NTPC Solapur,NTPC/USSC-CPG2/9900332208,09-Sep-2026 11:00 AM,10-Sep-2026 11:00 AM,https://eprocurentpc.nic.in/nicgep/app/nicgep/app?component=%24DirectLink&page=Home&service=direct&session=T&sp=SrqXlpvReK2OXAwDyXG%2B%2BcA%3D%3D
NTPC,Procurement of Spares for Hosch Make Scrappers for Conveyors of CHP,NTPC/USSC-CPG3/9900332202,02-Sep-2026 04:00 PM,03-Sep-2026 04:00 PM,https://eprocurentpc.nic.in/nicgep/app/nicgep/app?component=%24DirectLink&page=Home&service=direct&session=T&sp=SFKYBkoLlEHIBu9a5uoT3Fg%3D%3D
NTPC,Supply and ETC of 12 No 30 M Lighting Mast - NTPC Farakka,NTPC/USSC-CPG2/9900332178,10-Sep-2026 04:00 PM,11-Sep-2026 06:00 PM,https://eprocurentpc.nic.in/nicgep/app/nicgep/app?component=%24DirectLink&page=Home&service=direct&session=T&sp=SUwVrXH%2BuT6l3gW62ZZDY%2Bg%3D%3D
NTPC,PROCUREMENT OF Ms TEMA MAKE HPH and LPH SOFT SPARES ON SINGLE TENDER OEM,NTPC/USSC-CPG3/9900332100,03-Sep-2026 03:00 PM,04-Sep-2026 04:00 PM,https://eprocurentpc.nic.in/nicgep/app/nicgep/app?component=%24DirectLink&page=Home&service=direct&session=T&sp=Sg7OAuPz18lkFK0ze7SLUUg%3D%3D
NTPC,Biennial Work for Maintenance of Barrage and Reservoir at NKSTPP,NTPC/USSC-CPG2/9900330329,10-Sep-2026 03:00 PM,12-Sep-2026 03:00 PM,https://eprocurentpc.nic.in/nicgep/app/nicgep/app?component=%24DirectLink&page=Home&service=direct&session=T&sp=S64WdgheuGDBx3Ffa9CRCcg%3D%3D
NTPC,PROCUREMENT OF REAGENTS FOR ELECTROLYTE ANALYZER FOR YEAR 2026-27 FOR NTPC SINGRAULI,NTPC/USSC-CPG3/9900332291,05-Sep-2026 03:00 PM,08-Sep-2026 03:00 PM,https://eprocurentpc.nic.in/nicgep/app/nicgep/app?component=%24DirectLink&page=Home&service=direct&session=T&sp=Sb97AUuvqAE2Lc4YiQn1oLA%3D%3D
NTPC,Procurement of Tricycles Motorised under CSR for distribution to Physically challenged person NTPC Auraiya.,NTPC/USSC-CPG3/9900332229,04-Sep-2026 03:00 PM,08-Sep-2026 03:00 PM,https://eprocurentpc.nic.in/nicgep/app/nicgep/app?component=%24DirectLink&page=Home&service=direct&session=T&sp=ShO5O1CfaLlB6ZguVGmopmQ%3D%3D
IOCL,"Construction of new A site KSK Retail Outlet with facilities like Sales Building, Canopy, Paver block driveway and other allied civil electrical works at location Between Pinarayi and Mambaram Juma Masjid, District Kannur under Kozhikode DO Kerala SO",MnC/SR/RSR/LT/101/KESO/2026-27,05-Sep-2026 06:55 PM,07-Sep-2026 10:00 AM,https://iocletenders.nic.in/nicgep/app/nicgep/app?component=%24DirectLink&page=Home&service=direct&session=T&sp=Sx1d%2F8fL71FQm2e%2FUAUeMiw%3D%3D
IOCL,Procurement of 1 no. of rebuild kit for overhauling of BUD installed in DCU at IOCL Paradip Refinery,9070M26G19,05-Sep-2026 03:00 PM,07-Sep-2026 03:00 PM,https://iocletenders.nic.in/nicgep/app/nicgep/app?component=%24DirectLink&page=Home&service=direct&session=T&sp=StlHtRBgrFQOhqptCK2V7Ow%3D%3D
IOCL,Repair of drip irrigation and sprinkler system at  Gujarat  Refinery Township IOCL Vadodara,9030C26D39,12-Sep-2026 03:00 PM,14-Sep-2026 03:00 PM,https://iocletenders.nic.in/nicgep/app/nicgep/app?component=%24DirectLink&page=Home&service=direct&session=T&sp=SuY6KphUmfA10Gwd7H6T7Yw%3D%3D
IOCL,Procurement of spares of Reciprocating Compressor 103-K-02A/B and  103-K-04 A/B,9040M26C17,07-Sep-2026 03:00 PM,08-Sep-2026 03:00 PM,https://iocletenders.nic.in/nicgep/app/nicgep/app?component=%24DirectLink&page=Home&service=direct&session=T&sp=StuTsHZ8a3GqKx60A1Czu3w%3D%3D
IOCL,Spares of 23-K-101,9040M26D81,07-Sep-2026 03:00 PM,08-Sep-2026 03:00 PM,https://iocletenders.nic.in/nicgep/app/nicgep/app?component=%24DirectLink&page=Home&service=direct&session=T&sp=S8paoBGIwTPrxhbiehX54fA%3D%3D
IOCL,"ARC for  Repair and Maintenance  of cold Insulation in various units of PNC, Panipat.",RPNC265035,12-Sep-2026 02:30 PM,14-Sep-2026 03:00 PM,https://iocletenders.nic.in/nicgep/app/nicgep/app?component=%24DirectLink&page=Home&service=direct&session=T&sp=SupEqHus405%2BbjbN7FtdVNA%3D%3D
IOCL,"Provision of FRP and MS gratings and allied Civil jobs in Units and Offsite areas of Haldia Refinery,Haldia,West Bengal",9040C26C59,11-Sep-2026 03:00 PM,14-Sep-2026 03:30 PM,https://iocletenders.nic.in/nicgep/app/nicgep/app?component=%24DirectLink&page=Home&service=direct&session=T&sp=Sl%2Bj%2Fyszw9Gki%2FIw8RGY02w%3D%3D
IOCL,"DRE226B076 Annual rate contract for Servicing and overhauling of Transformers at AOD Refinery, Digboi and IOCL DR Township",DRE226B076,12-Sep-2026 12:00 PM,14-Sep-2026 03:00 PM,https://iocletenders.nic.in/nicgep/app/nicgep/app?component=%24DirectLink&page=Home&service=direct&session=T&sp=S%2F3KDGpZezR3nXOBOEBPEPg%3D%3D
IOCL,"Repair and maintenance of Drains at IOCL, Haldia Refinery,West Bengal, Haldia.",9040C26C60,11-Sep-2026 03:00 PM,14-Sep-2026 03:30 PM,https://iocletenders.nic.in/nicgep/app/nicgep/app?component=%24DirectLink&page=Home&service=direct&session=T&sp=S%2BAkmInH6qa7QYvc7glwr0Q%3D%3D
IOCL,"Development of new A site Retail Outlet from Rangia SDO Civil Office to Khandikar High School on Rangia Latibari PWD Road, District- Baksa, State- Assam under Guwahati Divisional office",ER-MAC/2026-27/LT/275,05-Sep-2026 10:00 AM,07-Sep-2026 10:00 AM,https://iocletenders.nic.in/nicgep/app/nicgep/app?component=%24DirectLink&page=Home&service=direct&session=T&sp=S14YoX9xqaWW90Te2JcE8hg%3D%3D
BEL,"Proposed Bore works at Dialysis center, CHC Badvel,Y.S.R Kadapa District,Andhra Pradesh",MC/ES/2026/CSR/MSCF/220,07-Sep-2026 11:00 AM,07-Sep-2026 04:00 PM,https://eprocurebel.co.in/nicgep/app?component=%24DirectLink&page=Home&service=direct&session=T&sp=Suf03hLE7zu4fCfbTcLusAQ%3D%3D
BEL,Procurement of Spares for Fire Alarm System,BG/ES9/2026/2104591569/A18,08-Sep-2026 02:00 PM,09-Sep-2026 02:00 PM,https://eprocurebel.co.in/nicgep/app?component=%24DirectLink&page=Home&service=direct&session=T&sp=SaYfgOvipxi9R1ixmCTjc5Q%3D%3D
BEL,UPGRADATION OF SUB STATION LT PANELS AND ASSOCIATED WORKS AT BEL NAVI MUMBAI,NAMU/CS/2026/01,07-Sep-2026 09:00 AM,07-Sep-2026 02:00 PM,https://eprocurebel.co.in/nicgep/app?component=%24DirectLink&page=Home&service=direct&session=T&sp=Spz4aG6KX8KOACMyTk%2BfMqw%3D%3D
BEL,"Construction of Building for IKS Centre at Bharatiya Vichara Kendram, Thiruvananthapuram, Kerala under CSR Project.",08/900024/5026,04-Sep-2026 11:00 AM,04-Sep-2026 03:00 PM,https://eprocurebel.co.in/nicgep/app?component=%24DirectLink&page=Home&service=direct&session=T&sp=SGWLt%2FHQoaIPrcykqxaXnbQ%3D%3D
BEL,"Roof Sheet Replacement for Plating and Painting Workshop for NS(R and FCS) SBU, BE-BG.",08/000026/2026,02-Sep-2026 03:00 PM,03-Sep-2026 11:00 AM,https://eprocurebel.co.in/nicgep/app?component=%24DirectLink&page=Home&service=direct&session=T&sp=SfcK42f15iNFfDdqtoktgpw%3D%3D
BEL,"Procurement of Climatic Chamber, Qty. 01 No.",BEL_KOT/PUR/NIC/2026-27/06,03-Sep-2026 05:00 PM,04-Sep-2026 02:00 PM,https://eprocurebel.co.in/nicgep/app?component=%24DirectLink&page=Home&service=direct&session=T&sp=SaxUH6tUYh7lb3h7RR8sGxg%3D%3D
BEL,LASER TRIMMER,2104561188/HMC/2026,14-Sep-2026 02:00 PM,15-Sep-2026 02:30 PM,https://eprocurebel.co.in/nicgep/app?component=%24DirectLink&page=Home&service=direct&session=T&sp=SDhLg%2FearvfuFkvGylPGc4g%3D%3D
BEL,RENOVATION WORKS AT FINANCE HALL AND DIVISIONAL HEAD MM AND SC -NCS OFFICE LOCATED AT NCS SBU FIRST FLOOR,2026_BELGAD_ES_24082026_001,31-Aug-2026 10:00 AM,31-Aug-2026 02:00 PM,https://eprocurebel.co.in/nicgep/app?component=%24DirectLink&page=Home&service=direct&session=T&sp=SRCExmJNBjWqMw1Zzzpc9UQ%3D%3D
BEL,Conveyorised Double Sided Etching Machine,2104604781 - Conveyorised Double Sided Etching Machine,07-Sep-2026 06:00 PM,08-Sep-2026 12:00 PM,https://eprocurebel.co.in/nicgep/app?component=%24DirectLink&page=Home&service=direct&session=T&sp=S2TeuUyoNB9%2FUqQiWetg1tA%3D%3D
BEL,Term Contract for carrying out Miscellaneous Civil Works in BEL Factory and Colony Pune for the Year 2026-2028.,01/000035/2026/BEL PN,31-Aug-2026 02:00 PM,01-Sep-2026 02:00 PM,https://eprocurebel.co.in/nicgep/app?component=%24DirectLink&page=Home&service=direct&session=T&sp=SSX4XXtAVKSKnanFcLkAuGg%3D%3D
GRSE,NCM/IMP/SM/LT/GAS SAFETY BURNER/ORV/ET-3516,NCM/IMP/SM/LT/GAS SAFETY BURNER/ORV/ET-3516,21-Sep-2026 12:00 PM,23-Sep-2026 02:00 PM,https://eprocuregrse.co.in/nicgep/app?component=%24DirectLink&page=Home&service=direct&session=T&sp=SNRAqM5htzYpdTBwTcm%2FnSw%3D%3D
GRSE,PUR/BM/OT/ CCTV/C-1274/2026/01/RA-3517,PUR/BM/OT/ CCTV/C-1274/2026/01/RA-3517,18-Sep-2026 12:00 PM,21-Sep-2026 02:00 PM,https://eprocuregrse.co.in/nicgep/app?component=%24DirectLink&page=Home&service=direct&session=T&sp=SyHjWyJ0Sj9ld54eo0Pk%2Bkg%3D%3D
GRSE,NCM/IMP/RKS/LT/ SPECTROPHOTOMETER/ORV/ET-3515,NCM/IMP/RKS/LT/ SPECTROPHOTOMETER/ORV/ET-3515,07-Sep-2026 12:00 PM,08-Sep-2026 02:00 PM,https://eprocuregrse.co.in/nicgep/app?component=%24DirectLink&page=Home&service=direct&session=T&sp=SkOA%2FPv8e%2BYRECV7DtFWBsw%3D%3D
GRSE,NCM/IMP/SM/LT/ROCK SAW/ORV/ET-3514,NCM/IMP/SM/LT/ROCK SAW/ORV/ET-3514,07-Sep-2026 12:00 PM,08-Sep-2026 02:00 PM,https://eprocuregrse.co.in/nicgep/app?component=%24DirectLink&page=Home&service=direct&session=T&sp=SGu9q1Owcie4fIgqD0smAPg%3D%3D
GRSE,SCC/DC/ND/NIC/LT/REFIT WORK/133/ET-3512,SCC/DC/ND/NIC/LT/REFIT WORK/133/ET-3512,01-Sep-2026 12:00 PM,01-Sep-2026 02:00 PM,https://eprocuregrse.co.in/nicgep/app?component=%24DirectLink&page=Home&service=direct&session=T&sp=S5vIz8IhF8zHcmAeBAdC9AQ%3D%3D
GRSE,SCC/AKD/ND/NIC/ST/Crafts /129/ET-3510,SCC/AKD/ND/NIC/ST/Crafts /129/ET-3510,31-Aug-2026 12:00 PM,31-Aug-2026 04:00 PM,https://eprocuregrse.co.in/nicgep/app?component=%24DirectLink&page=Home&service=direct&session=T&sp=SnGc4XbadzcB82mwYxLoo4Q%3D%3D
GRSE,NCM/IMP/SM/LT/AUTOCLAVE BENCH TOP/ORV/ET-3508,NCM/IMP/SM/LT/AUTOCLAVE BENCH TOP/ORV/ET-3508,03-Sep-2026 12:00 PM,03-Sep-2026 04:00 PM,https://eprocuregrse.co.in/nicgep/app?component=%24DirectLink&page=Home&service=direct&session=T&sp=ShUe7vdTcdOLeLkF8iA2Dew%3D%3D
GRSE,NCM/IMP/SM/LT/GAS CHROMATOGRAPH/ORV/ET-3499,NCM/IMP/SM/LT/GAS CHROMATOGRAPH/ORV/ET-3499,04-Sep-2026 12:00 PM,07-Sep-2026 02:00 PM,https://eprocuregrse.co.in/nicgep/app?component=%24DirectLink&page=Home&service=direct&session=T&sp=SUP8wUR%2BRfR%2BODTjBj30UYQ%3D%3D
GRSE,NCM/SM/ST/GROWTH OF WORK FOR MESS/P17A/ET-3491,NCM/SM/ST/GROWTH OF WORK FOR MESS/P17A/ET-3491,31-Aug-2026 12:00 PM,02-Sep-2026 02:00 PM,https://eprocuregrse.co.in/nicgep/app?component=%24DirectLink&page=Home&service=direct&session=T&sp=SpXrpiZfIixkOHw96M91GGg%3D%3D
GRSE,NCM/IMP/SM/LT/PH METER SENSOR/ORV/ET-3485,NCM/IMP/SM/LT/PH METER SENSOR/ORV/ET-3485,03-Sep-2026 12:00 PM,07-Sep-2026 02:00 PM,https://eprocuregrse.co.in/nicgep/app?component=%24DirectLink&page=Home&service=direct&session=T&sp=S9T9U5jXWiJdMFH8pmyDQKg%3D%3D
GSL,"Levelling of Ground at Govt High school, Mangor Hill Under CSR 2026.",CIVIL/01/GSL/CE/ADS/ETN-273,04-Sep-2026 12:00 PM,04-Sep-2026 03:00 PM,https://eprocuregsl.nic.in/nicgep/app/nicgep/app?component=%24DirectLink&page=Home&service=direct&session=T&sp=SBqzb5750OqjjSs9g0djDHQ%3D%3D
GSL,EXPRESSION OF INTEREST FOR SHORTLISTING OF MSME MANUFACTURERS START UPS FOR SUPPLY OF ELECTRICAL ITEMS FOR MDL GRSE HSL AND GSL UNDER RATE CONTRACT,G22/MSS/Intg-Proc/EoI/2026/04,10-Sep-2026 03:00 PM,11-Sep-2026 03:00 PM,https://eprocuregsl.nic.in/nicgep/app/nicgep/app?component=%24DirectLink&page=Home&service=direct&session=T&sp=SvzS71x79tTkpTmZ%2FhyvOlA%3D%3D
HSL,Establishing the fresh Rate Contract for Hiring of AUTO Loaders/ Trailers for various departments of HSL for a duration of two years with option to extend for another one year,CD/OS/1727/RC for Hiring of AUTO/2026  dated 28-08-2026,07-Sep-2026 11:00 AM,07-Sep-2026 03:00 PM,https://eprocurehsl.nic.in/nicgep/app/nicgep/app?component=%24DirectLink&page=Home&service=direct&session=T&sp=S8SzA4vxgiOG1oRE2TXkASw%3D%3D
HSL,SERVICING OF OIL WATER SEPERATOR ON TURNKEY BASIS ON ORV SAMUDRA RATNAKAR,SR COMPLEX/PRODUCTION/OUT SOURCE REQUISITION/2026/337,02-Sep-2026 11:00 AM,02-Sep-2026 03:00 PM,https://eprocurehsl.nic.in/nicgep/app/nicgep/app?component=%24DirectLink&page=Home&service=direct&session=T&sp=S03GNApmtIiuUqMfe1rbdpA%3D%3D
HSL,SERVICING OF AIR BOTTLES ON ORV SAMUDRA RATNAKAR,SR COMPLEX/PRODUCTION/OUT SOURCE REQUISITION/2026/336,02-Sep-2026 11:00 AM,02-Sep-2026 03:00 PM,https://eprocurehsl.nic.in/nicgep/app/nicgep/app?component=%24DirectLink&page=Home&service=direct&session=T&sp=SyB0BOq9jihy61zQb%2F%2BhF9A%3D%3D
HSL,"OVERHAULING OF VARIOUS SEA CHEST, OVERBOARD AND STORM VALVES ON ORV SAMUDRA RATNAKAR",SR COMPLEX/PRODUCTION/OUT SOURCE REQUISITION/2026/335,02-Sep-2026 11:00 AM,02-Sep-2026 03:00 PM,https://eprocurehsl.nic.in/nicgep/app/nicgep/app?component=%24DirectLink&page=Home&service=direct&session=T&sp=StAeYEq4bGMARONJVeQpKXA%3D%3D
HSL,OVERHAULING OF SEA WATER VALVES INTERMEDIATE VALVES AND FLAP VALVES AS PER ANNEXURE ON ORV SAMUDRA RATNAKAR,SR COMPLEX/PRODUCTION/OUT SOURCE REQUISITION/2026/334,02-Sep-2026 11:00 AM,02-Sep-2026 03:00 PM,https://eprocurehsl.nic.in/nicgep/app/nicgep/app?component=%24DirectLink&page=Home&service=direct&session=T&sp=S3KzVwWHqTRBsSEX25zYRAw%3D%3D
HSL,OVERHAULING OF ANCHOR WINDLASS ON ORV SAMUDRA RATNAKAR,SR COMPLEX/PRODUCTION/OUT SOURCE REQUISITION/2026/322,02-Sep-2026 11:00 AM,02-Sep-2026 03:00 PM,https://eprocurehsl.nic.in/nicgep/app/nicgep/app?component=%24DirectLink&page=Home&service=direct&session=T&sp=SmMu4ycF%2BYMZnzO557u5qKA%3D%3D
HSL,Overhauling of pumps and replacement of defective parts on ORV Samudra Ratnakar,SR COMPLEX/PRODUCTION/OUT SOURCE REQUISITION/2026/319,02-Sep-2026 11:00 AM,02-Sep-2026 03:00 PM,https://eprocurehsl.nic.in/nicgep/app/nicgep/app?component=%24DirectLink&page=Home&service=direct&session=T&sp=SelVTiRI6wvcd7yCVFHuu3g%3D%3D
HSL,"Refurbishment New C, M and K type Quarters at HSL Residential Colony",OS/CM/2044/30U dated 11 Aug 26,10-Sep-2026 03:00 PM,11-Sep-2026 03:00 PM,https://eprocurehsl.nic.in/nicgep/app/nicgep/app?component=%24DirectLink&page=Home&service=direct&session=T&sp=SxjfhogsfahFKsu9DTQVEXA%3D%3D
HSL,"Procurement of Line Valves for Bilge, Ballast, Fire, Dirty Oil systems of 11206",MP/3400001551/26-27,05-Sep-2026 11:00 AM,05-Sep-2026 03:00 PM,https://eprocurehsl.nic.in/nicgep/app/nicgep/app?component=%24DirectLink&page=Home&service=direct&session=T&sp=SKxS6E4DHtFT%2B5YoyRZrGCQ%3D%3D
HSL,Procurement of CC Cameras for ORV Samudra Ratnakar,3700002667/1300010471,01-Sep-2026 11:00 AM,01-Sep-2026 03:00 PM,https://eprocurehsl.nic.in/nicgep/app/nicgep/app?component=%24DirectLink&page=Home&service=direct&session=T&sp=SdwDEyq9L1NLcD8riTULr0g%3D%3D
MDL,Procurement of Special tools for SM6,EY/CD/SSB/1200003519,08-Sep-2026 12:00 PM,08-Sep-2026 03:00 PM,https://eprocuremdl.nic.in/nicgep/app/nicgep/app?component=%24DirectLink&page=Home&service=direct&session=T&sp=ScQudvwEB7HsTEU3qv3bxQw%3D%3D
MDL,Construction of Storm Water Drain from Fitting Shop to SB-Pipe Shop to RDD Drain,1900000270,17-Sep-2026 03:30 PM,18-Sep-2026 02:30 PM,https://eprocuremdl.nic.in/nicgep/app/nicgep/app?component=%24DirectLink&page=Home&service=direct&session=T&sp=SxIUx7QJARsYLaHWIumwdyA%3D%3D
MDL,Supply of spares for IAC MOD C System for Y12652 of Project17A,1700000776,02-Sep-2026 02:00 PM,04-Sep-2026 02:00 PM,https://eprocuremdl.nic.in/nicgep/app/nicgep/app?component=%24DirectLink&page=Home&service=direct&session=T&sp=S5Curn3iHyCRbT%2FUWictydQ%3D%3D
MDL,PROCUREMENT OF 13 TYPES OF SPARES FOR P-75,Project Commercial/MPM/GLF/1200003525,08-Sep-2026 12:00 PM,08-Sep-2026 03:00 PM,https://eprocuremdl.nic.in/nicgep/app/nicgep/app?component=%24DirectLink&page=Home&service=direct&session=T&sp=SDP5iTPvKLhDuuHUhIj%2FjJw%3D%3D
MDL,"Repairs of Kanhoji Angre Wet Basin gate at  south Yard, MDL, Mumbai",1900000271,15-Sep-2026 03:00 PM,16-Sep-2026 03:30 PM,https://eprocuremdl.nic.in/nicgep/app/nicgep/app?component=%24DirectLink&page=Home&service=direct&session=T&sp=SMhVTH8r9hbbkElwxZ%2FPNdg%3D%3D
MDL,Supply of Metal Cutting Gas,GM (M)/MTI/BRC/Metal Cutting Gas/2026-28,01-Sep-2026 02:00 PM,01-Sep-2026 03:00 PM,https://eprocuremdl.nic.in/nicgep/app/nicgep/app?component=%24DirectLink&page=Home&service=direct&session=T&sp=STBHqQC8H4N2V%2FgCP57o9%2BA%3D%3D
MDL,"Upgrading including Civil, Mechanical, Electrical and Furniture Works of 6th Floor, Reclamation Building P and PC, East Yard, MDL.",1900000269,03-Sep-2026 03:30 PM,04-Sep-2026 03:30 PM,https://eprocuremdl.nic.in/nicgep/app/nicgep/app?component=%24DirectLink&page=Home&service=direct&session=T&sp=SmaII%2F7DG8eKL0vbVynRjcQ%3D%3D
MDL,PROCURMENT OF LI ION BATTERY GAS DETECTION SYSTEM FOR PROJECT 7500 DWT MULTI PURPOSE DRY CARGO VESSEL,1700000768,31-Aug-2026 02:00 PM,02-Sep-2026 02:00 PM,https://eprocuremdl.nic.in/nicgep/app/nicgep/app?component=%24DirectLink&page=Home&service=direct&session=T&sp=SSVihj8bWz7G3hyqRz9woHA%3D%3D
MDL,SUPPLY OF EBXL CABLES,GM(M)/Intg-Proc/EoI/2026/03,11-Sep-2026 02:00 PM,11-Sep-2026 03:00 PM,https://eprocuremdl.nic.in/nicgep/app/nicgep/app?component=%24DirectLink&page=Home&service=direct&session=T&sp=SvoIXZ1lNC0jl9YbEi8T%2BWg%3D%3D
Midhani,Waterjet Cutting of Titanium Slabs,MDN/PUR/46267036/ELT/106/26-27,07-Sep-2026 11:30 AM,08-Sep-2026 11:30 AM,https://eprocuremidhani.nic.in/nicgep/app/nicgep/app?component=%24DirectLink&page=Home&service=direct&session=T&sp=SyR2RyaAya9CrbgQRcZ%2Fg%2Fw%3D%3D
Midhani,Corrosion Tests of PT-3B Grade Material,MDN/PUR/18268010/ELT/105/26-27,07-Sep-2026 11:30 AM,08-Sep-2026 11:30 AM,https://eprocuremidhani.nic.in/nicgep/app/nicgep/app?component=%24DirectLink&page=Home&service=direct&session=T&sp=SnCszUJ%2BehG8NS%2Byy6KnifQ%3D%3D
Midhani,PURE IRON,04261026/RM/EADVT/305/26-27,17-Sep-2026 02:30 PM,18-Sep-2026 11:30 AM,https://eprocuremidhani.nic.in/nicgep/app/nicgep/app?component=%24DirectLink&page=Home&service=direct&session=T&sp=SrvrZUs5TEBxwTdbREBsHcg%3D%3D
Midhani,COBALT METAL UNWROUGHT,042610129/RM/EADVT/306/26-27,15-Sep-2026 11:30 AM,16-Sep-2026 11:30 AM,https://eprocuremidhani.nic.in/nicgep/app/nicgep/app?component=%24DirectLink&page=Home&service=direct&session=T&sp=SNUWpzbJ7IKbiV1LOdc7CsA%3D%3D
Midhani,Machining of 316L Tubes,MDN/PUR/46267034/ELT/098/26-27,31-Aug-2026 11:30 AM,01-Sep-2026 11:30 AM,https://eprocuremidhani.nic.in/nicgep/app/nicgep/app?component=%24DirectLink&page=Home&service=direct&session=T&sp=SMa5qv5IK%2FAhdWgO48xwIoA%3D%3D
Midhani,Machining of Special Steel Slabs,MDNPUR46267032/EAdvt/284/26-27,01-Sep-2026 11:30 AM,01-Sep-2026 03:30 PM,https://eprocuremidhani.nic.in/nicgep/app/nicgep/app?component=%24DirectLink&page=Home&service=direct&session=T&sp=SSanhg9ff5M35M0hSRllDlw%3D%3D
Midhani,Conversion and Copper Coating of Low Alloy Steel,MDN/PUR/15267028/ELT/092/26-27,04-Sep-2026 11:30 AM,04-Sep-2026 03:30 PM,https://eprocuremidhani.nic.in/nicgep/app/nicgep/app?component=%24DirectLink&page=Home&service=direct&session=T&sp=SHCb%2FAx15mODwAV%2Fl0j5Wng%3D%3D
PMGSY NRRDA,"Restoration L038-Kharwar to Tulran..   road  ,Package No.JK10-188","E-NIT No.12 EE/PMGSY-Pulwama/e-tendering of 2026-27, Dated 29/08/2026",05-Sep-2026 12:00 PM,05-Sep-2026 01:00 PM,https://www.pmgsytenders.gov.in/nicgep/app/nicgep/app?component=%24DirectLink&page=Home&service=direct&session=T&sp=SWM7J59%2FwNFJA1QrNIlLy1Q%3D%3D
PMGSY NRRDA,"Restoration Shopian to Aglar road  ,Package No.JK10-159","E-NIT No.12 EE/PMGSY-Pulwama/e-tendering of 2026-27, Dated 29/08/2026",05-Sep-2026 12:00 PM,05-Sep-2026 01:00 PM,https://www.pmgsytenders.gov.in/nicgep/app/nicgep/app?component=%24DirectLink&page=Home&service=direct&session=T&sp=SPZ%2F0UbqnZsYfFfgTzqyz4w%3D%3D
PMGSY NRRDA,"Restoration L064-Sadipora to Sadew.   road  ,Package No.JK10-186","E-NIT No.12 EE/PMGSY-Pulwama/e-tendering of 2026-27, Dated 29/08/2026",05-Sep-2026 12:00 PM,05-Sep-2026 01:00 PM,https://www.pmgsytenders.gov.in/nicgep/app/nicgep/app?component=%24DirectLink&page=Home&service=direct&session=T&sp=SOcBGTsEgADc7R4b2Hy1u8g%3D%3D
PMGSY NRRDA,MRL32-Zilpa Sigh laya Bridge to Jaypur under Binpur-II Block,MBL/PMGSY-IV/Jhargram/01 OF 2026-27,21-Sep-2026 05:00 PM,22-Sep-2026 11:00 AM,https://www.pmgsytenders.gov.in/nicgep/app/nicgep/app?component=%24DirectLink&page=Home&service=direct&session=T&sp=SANIORRy6bI%2FMNkzuUwyh%2FQ%3D%3D
PMGSY NRRDA,MRL09-Barighyati More to Khandarani under Binpur-II Block,MBL/PMGSY-IV/Jhargram/01 OF 2026-27,21-Sep-2026 05:00 PM,22-Sep-2026 11:00 AM,https://www.pmgsytenders.gov.in/nicgep/app/nicgep/app?component=%24DirectLink&page=Home&service=direct&session=T&sp=SmGiUlBxGLrFVB0%2BL8YD8bg%3D%3D
PMGSY NRRDA,MRL07-Banksol More to Banksol Muslimpara under Binpur-II Block,MBL/PMGSY-IV/Jhargram/01 OF 2026-27,21-Sep-2026 05:00 PM,22-Sep-2026 11:00 AM,https://www.pmgsytenders.gov.in/nicgep/app/nicgep/app?component=%24DirectLink&page=Home&service=direct&session=T&sp=S3AxqGnzelZVjnrS1ID7OEw%3D%3D
PMGSY NRRDA,MRL08-SOKHISOL NEW BUS STAND TO SOKHISOL FOOTBALL GROUND under Binpur I Block,MBL/PMGSY-IV/Jhargram/01 OF 2026-27,21-Sep-2026 05:00 PM,22-Sep-2026 11:00 AM,https://www.pmgsytenders.gov.in/nicgep/app/nicgep/app?component=%24DirectLink&page=Home&service=direct&session=T&sp=SYRHRH9uFjTIA1v4vl%2Fh9oA%3D%3D
PMGSY NRRDA,MRL20-Master Para More to Dakai under Binpur-II Block,MBL/PMGSY-IV/Jhargram/01 OF 2026-27,21-Sep-2026 05:00 PM,22-Sep-2026 11:00 AM,https://www.pmgsytenders.gov.in/nicgep/app/nicgep/app?component=%24DirectLink&page=Home&service=direct&session=T&sp=S0tWLkY5CENZBfM0kK0CTUA%3D%3D
PMGSY NRRDA,MRL12-Dogerya More to Dogerya Village under Jhargram Block,MBL/PMGSY-IV/Jhargram/01 OF 2026-27,21-Sep-2026 05:00 PM,22-Sep-2026 11:00 AM,https://www.pmgsytenders.gov.in/nicgep/app/nicgep/app?component=%24DirectLink&page=Home&service=direct&session=T&sp=SQXrvs2Bsd3eDZiczL2zftQ%3D%3D
PMGSY NRRDA,MRL23-Nunia Kundari Purba to Nutandihi under Jhargram Block,MBL/PMGSY-IV/Jhargram/01 OF 2026-27,21-Sep-2026 05:00 PM,22-Sep-2026 11:00 AM,https://www.pmgsytenders.gov.in/nicgep/app/nicgep/app?component=%24DirectLink&page=Home&service=direct&session=T&sp=SFxdvo2YjdVLICMSqKj6YZg%3D%3D
PMGSY Andaman,Upgradation of rural road from NH-84 to 193 Rangat to Dhalikheti NH-04 to Rasadpur Anganwadi at Rangat North and Middle Andaman under PMGSY-III.,04/NIT/SE/CC-I/25-26,07-Sep-2026 03:00 PM,08-Sep-2026 03:30 PM,https://pmgsytendersani.nic.in/nicgep/app/nicgep/app?component=%24DirectLink&page=Home&service=direct&session=T&sp=SVM7INSfFGInrcGqbewdVFw%3D%3D
PMGSY Andaman,Upgradation of rural road from NH-04 to Kalsi village ward No. 1 at Rangat North and Middle Andaman under PMGSY-III.,05/NIT/SE/CC-I/25-26,07-Sep-2026 03:00 PM,08-Sep-2026 03:30 PM,https://pmgsytendersani.nic.in/nicgep/app/nicgep/app?component=%24DirectLink&page=Home&service=direct&session=T&sp=S9Qf0CFkEmzRS2N9UkXsecw%3D%3D
PMGSY Andaman,"Upgradation of rural road from NH-04 to Nimbutala Ward No. 3 at Rangat, North and Middle Andaman under PMGSY-III, Batch-I, 2024-25",02/NIT/SE/CC-I/25-26,07-Sep-2026 03:00 PM,08-Sep-2026 03:30 PM,https://pmgsytendersani.nic.in/nicgep/app/nicgep/app?component=%24DirectLink&page=Home&service=direct&session=T&sp=SMNxSPWXS0T1lxM4AaFodHw%3D%3D
PMGSY Andaman,Upgradation of rural road from NH-04 to Nimbutala village at Rangat North and Middle Andaman under PMGSY-III,01/NIT/SE/CC-I/25-26,07-Sep-2026 03:00 PM,08-Sep-2026 03:30 PM,https://pmgsytendersani.nic.in/nicgep/app/nicgep/app?component=%24DirectLink&page=Home&service=direct&session=T&sp=SL2cjoeatcW7KkTDKPTxo3w%3D%3D
PMGSY Andaman,"Up-gradation of Rural Road Connect from Subcenter to Monimohan Biswas House Gandinagar ward 3 to Old Jetty 17 family to 8 family Sea Beach via sub center Starting from Sagardeep old jetty to Smith village sea shore under PMGSY-III, Batch-I, 2024-25",Pacage No AN03DP306,04-Sep-2026 03:00 PM,04-Sep-2026 03:30 PM,https://pmgsytendersani.nic.in/nicgep/app/nicgep/app?component=%24DirectLink&page=Home&service=direct&session=T&sp=SGC7QR5X%2F2a6VjKvxDD4zyQ%3D%3D
PMGSY Andaman,"Upgradation of Rural Road from Forest Check Post to Govt. Primary School, Sabari Old at Rangat North and Middle Andaman under PMGSY-III.",09/NIT/SE/CC-I/25-26,31-Aug-2026 03:00 PM,01-Sep-2026 03:30 PM,https://pmgsytendersani.nic.in/nicgep/app/nicgep/app?component=%24DirectLink&page=Home&service=direct&session=T&sp=S55DkxFz69pQ7cnvth7xSyw%3D%3D
PMGSY Andaman,"Upgradation of Rural Road from Bakultala Junction to Shyamkund, at Rangat North and Middle Andaman under PMGSY-III Batch-I, 2024-25",79/NIT/SE/CC-I/24-25,31-Aug-2026 03:00 PM,01-Sep-2026 03:30 PM,https://pmgsytendersani.nic.in/nicgep/app/nicgep/app?component=%24DirectLink&page=Home&service=direct&session=T&sp=SbGsD%2FO6uIRSQ73OANfI7TA%3D%3D
PMGSY Andaman,Upgradation of Rural Road from NH-04 to Khatta Khari at Rangat North and Middle Andaman under PMGSY-III.,12/NIT/SE/CC-I/25-26,31-Aug-2026 03:00 PM,01-Sep-2026 03:30 PM,https://pmgsytendersani.nic.in/nicgep/app/nicgep/app?component=%24DirectLink&page=Home&service=direct&session=T&sp=SzIPcqp7qnOC4G6aVIYg6mQ%3D%3D
PMGSY Andhra Pradesh,"NIT No.27/ATO/26-27, dt. 19.08.26 of SE PR Elr (4th Call)","NIT No. 27/ATO/26-27, dt. 19.08.26 of the SE PR Elr (4th Call)",10-Sep-2026 05:00 PM,14-Sep-2026 11:00 AM,https://pmgsytendersap.gov.in/nicgep/app/nicgep/app?component=%24DirectLink&page=Home&service=direct&session=T&sp=Sfa2RoYAZy2SFCepcrufxUw%3D%3D
PMGSY Andhra Pradesh,Package No.AP3202-L021-Tada-Satyavedu  road to  Vanellore Village in Sathyavedu Mandal of Tirupati Dist. Estt. Cost Rs.104.00 Lakhs,"Nit No.141/2026-27 dt.7.8.2026of the Engineer-in-Chief PR,PMGSY,Vijayawada (1st Call)",05-Sep-2026 05:30 PM,10-Sep-2026 11:00 AM,https://pmgsytendersap.gov.in/nicgep/app/nicgep/app?component=%24DirectLink&page=Home&service=direct&session=T&sp=SjjzLIySHa2SO3z%2BKBf0cvg%3D%3D
PMGSY Andhra Pradesh,Package No.AP3201-T06-SKHT-Musalipedu Road to Vedam Peddamitta Kandriga in Srikalahasti Mandal of Tirupati Dist. Est.. Cost Rs.105.00 Lakhs and Maintenance Cost Rs.8.06 lakhs,"Nit No.142/2026-27 dt.7.8.2026of the Engineer-in-Chief PR,PMGSY,Vijayawada (1st Call)",05-Sep-2026 05:30 PM,10-Sep-2026 11:00 AM,https://pmgsytendersap.gov.in/nicgep/app/nicgep/app?component=%24DirectLink&page=Home&service=direct&session=T&sp=SyYd2KqBquzdnPixGo8Pyhg%3D%3D
PMGSY Andhra Pradesh,"Package No.AP20PIVM01, L023-18 by 2 Andra R and B Road to  Chakivalasa via Lakshmipuram in Mentada Mandal of Vizianagaram Dist.(First Call)","NIT No.143/2026-27, Dt.07.08.2026 of the Engineer-in-Chief, PR, PMGSY, Vijayawada.",03-Sep-2026 05:00 PM,05-Sep-2026 04:00 PM,https://pmgsytendersap.gov.in/nicgep/app/nicgep/app?component=%24DirectLink&page=Home&service=direct&session=T&sp=SVrMJBKBl%2FwSZk2mzicMxqQ%3D%3D
PMGSY Andhra Pradesh,"NIT No. 90/26-27, dt. 07.08.26 of the ENC, PR, Vijayawada","NIT No. 90/26-27, dt. 07.08.26 of ENC, PR, Vijayawada",02-Sep-2026 05:00 PM,05-Sep-2026 11:00 AM,https://pmgsytendersap.gov.in/nicgep/app/nicgep/app?component=%24DirectLink&page=Home&service=direct&session=T&sp=SqG9JbaCPmC5GGdpAuZWhVA%3D%3D
PMGSY Andhra Pradesh,"Package No.AP20PIVS01, L021-K.R.Puram road 1 by 7 km to  Jawam in  Santhakaviti Mandal of Vizianagaram Dist.(First Call)","NIT No.146/2026-27, Dt.07.08.2026 of the Engineer-in-Chief, PR, PMGSY, Vijayawada.",03-Sep-2026 05:00 PM,05-Sep-2026 04:00 PM,https://pmgsytendersap.gov.in/nicgep/app/nicgep/app?component=%24DirectLink&page=Home&service=direct&session=T&sp=SlYW7iwYgKiiN6Usl88Zd9w%3D%3D
PMGSY Andhra Pradesh,"Package No.AP20PIVRA01, L021-Venkampeta 5 by 0 km to Kandisa Via Meesalapeta, Dolapeta in Regidiamadalavalasa Mandal of Vizianagaram Dist. (First Call)","NIT No.145/2026-27, Dt.07.08.2026 of the Engineer-in-Chief, PR, PMGSY, Vijayawada.",03-Sep-2026 05:00 PM,05-Sep-2026 04:00 PM,https://pmgsytendersap.gov.in/nicgep/app/nicgep/app?component=%24DirectLink&page=Home&service=direct&session=T&sp=SDJBWgPnrQ30yyuYIN7gWog%3D%3D
PMGSY Andhra Pradesh,Package No AP26PIV037 L028 Sudimetta BT road to Jamulaveedhi in G.Madugula Mandal of Alluri Sitharamaraju District,"40/2026-27,Dt.07.08.2026 of the Engineer-in-Chief, PR, PMGSY, Vijayawada",02-Sep-2026 05:00 PM,07-Sep-2026 11:00 AM,https://pmgsytendersap.gov.in/nicgep/app/nicgep/app?component=%24DirectLink&page=Home&service=direct&session=T&sp=SaC0%2FuxVbbwH88a1ErLuF0g%3D%3D
PMGSY Andhra Pradesh,Package No. AP03 PIV 001  - MRL03-Daasarlapalle road to Kothur and Alapalle in Baireddipalle (M) of Chittoor District.Est.cost  Rs 167.00 Lakhs and maitenance for 5 years Est.cost Rs 13.00 lakhs,"NIT No. 88/ 2026-27, Dt  07.08.2026  of the Engineer-In- Chief, PR, PMGSY, Vijayawada. ( 1st Call)",02-Sep-2026 05:30 PM,07-Sep-2026 11:00 AM,https://pmgsytendersap.gov.in/nicgep/app/nicgep/app?component=%24DirectLink&page=Home&service=direct&session=T&sp=SHe%2BdgGO5PCV2ZHiDsud63A%3D%3D
PMGSY Andhra Pradesh,Package No. AP3301  - MRL01-Road from Sompalle to Konetivaripalle in Mulakalacheruvu (M) of Annamayya District.Est.cost  Rs 320.00 Lakhs and maitenance for 5 years Est.cost Rs 20.80 lakhs,"NIT No. 87/ 2026-27, Dt  07.08.2026  of the Engineer-In- Chief, PR, PMGSY, Vijayawada. ( 1st Call)",02-Sep-2026 05:30 PM,07-Sep-2026 11:00 AM,https://pmgsytendersap.gov.in/nicgep/app/nicgep/app?component=%24DirectLink&page=Home&service=direct&session=T&sp=SfEkMZbPqMb1%2BNADe14R%2BOA%3D%3D
PMGSY Arunachal Pradesh,Construction of Long Span Bridge across APAW River on Road from PWD Road to Glotong in Hayuliang-Goiliang Block of Anjaw District (A.P) under VVP (Span-50.00m),AR/16/02/788 (E),04-Sep-2026 04:00 PM,07-Sep-2026 10:00 AM,https://pmgsytendersarn.gov.in/nicgep/app/nicgep/app?component=%24DirectLink&page=Home&service=direct&session=T&sp=SIZPSL%2B06aNjbVMxhrcWDuQ%3D%3D
PMGSY Bihar,Dharampura Baraw Path SE NH-30,SSY/HQ/ET/26/2026-27 SASARAM-1/05,08-Sep-2026 03:00 PM,08-Sep-2026 03:30 PM,https://pmgsytendersbih.gov.in/nicgep/app/nicgep/app?component=%24DirectLink&page=Home&service=direct&session=T&sp=SpHLQYfw7nGW2E1D5Ctq4wQ%3D%3D
PMGSY Bihar,AMBA BAJRANJBALI MANDIR SE SH-78 VIA KADIBIGHA,SSY/HQ/ET/26/2026-27 BIHARSHARIF/01,08-Sep-2026 03:00 PM,08-Sep-2026 03:30 PM,https://pmgsytendersbih.gov.in/nicgep/app/nicgep/app?component=%24DirectLink&page=Home&service=direct&session=T&sp=S1%2Bc8uOd4avqOtziOuJ8iJA%3D%3D
PMGSY Bihar,BARANDI BYPASS VIA JAGATNANDPUR SE SH-78 SE NH-82 TAK,SSY/HQ/ET/26/2026-27 BIHARSHARIF/02,08-Sep-2026 03:00 PM,08-Sep-2026 03:30 PM,https://pmgsytendersbih.gov.in/nicgep/app/nicgep/app?component=%24DirectLink&page=Home&service=direct&session=T&sp=SG8jU8I5Ysk%2F45z8G7eOC8w%3D%3D
PMGSY Bihar,Banka Jamdaha road to Madhaya nishedh office,SSY/HQ/ET/26/2026-27 BANKA-1/04,08-Sep-2026 03:00 PM,08-Sep-2026 03:30 PM,https://pmgsytendersbih.gov.in/nicgep/app/nicgep/app?component=%24DirectLink&page=Home&service=direct&session=T&sp=SuJPeb8P%2F7EriGyPuspfthw%3D%3D
PMGSY Bihar,PMGSY-PDLP/25-26 Sikharna-Dhaka/01,PMGSY-PDLP/25-26 Sikharna-Dhaka/01,31-Aug-2026 10:25 AM,31-Aug-2026 03:30 PM,https://pmgsytendersbih.gov.in/nicgep/app/nicgep/app?component=%24DirectLink&page=Home&service=direct&session=T&sp=StFQgXj5VHOxdbXy6Dx%2Fc%2BA%3D%3D
PMGSY Gujarat,PMGSY-4 ROAD PKG NO. GJ-03-P1 7th call,GJ-03-P1,01-Sep-2026 06:00 PM,02-Sep-2026 12:00 PM,https://pmgsytendersguj.gov.in/nicgep/app/nicgep/app?component=%24DirectLink&page=Home&service=direct&session=T&sp=S8ouRGy%2FaFxk3IeYL4ZW7KQ%3D%3D
PMGSY Himachal Pradesh,"Construction of Link road to village Jhalwas Km 0/000 to 3/540 (Package No HP-02-45)  under PMGSY-IV (Batch-I, 2025-26) in Distt Chamba (H.P.)",KILLAR TENDER,07-Sep-2026 10:00 AM,08-Sep-2026 11:30 AM,https://pmgsytendershp.gov.in/nicgep/app/nicgep/app?component=%24DirectLink&page=Home&service=direct&session=T&sp=S55wipblF5bBByRr%2Bei8Zkg%3D%3D
PMGSY Himachal Pradesh,Construction of Link road Shelag to Devjubber road Km 0.000 to 2.025  HP09756,5665-80 dated 21.08.2026,31-Aug-2026 03:00 PM,31-Aug-2026 03:30 PM,https://pmgsytendershp.gov.in/nicgep/app/nicgep/app?component=%24DirectLink&page=Home&service=direct&session=T&sp=S6leY%2BJCZCb7R8vJ1MMEgmg%3D%3D
PMGSY J&K,"Restoration L038-Kharwar to Tulran..   road  ,Package No.JK10-188","E-NIT No.12 EE/PMGSY-Pulwama/e-tendering of 2026-27, Dated 29/08/2026",05-Sep-2026 12:00 PM,05-Sep-2026 01:00 PM,https://pmgsytendersjk.gov.in/nicgep/app/nicgep/app?component=%24DirectLink&page=Home&service=direct&session=T&sp=SWM7J59%2FwNFJA1QrNIlLy1Q%3D%3D
PMGSY J&K,"Restoration Shopian to Aglar road  ,Package No.JK10-159","E-NIT No.12 EE/PMGSY-Pulwama/e-tendering of 2026-27, Dated 29/08/2026",05-Sep-2026 12:00 PM,05-Sep-2026 01:00 PM,https://pmgsytendersjk.gov.in/nicgep/app/nicgep/app?component=%24DirectLink&page=Home&service=direct&session=T&sp=SPZ%2F0UbqnZsYfFfgTzqyz4w%3D%3D
PMGSY J&K,"Restoration L064-Sadipora to Sadew.   road  ,Package No.JK10-186","E-NIT No.12 EE/PMGSY-Pulwama/e-tendering of 2026-27, Dated 29/08/2026",05-Sep-2026 12:00 PM,05-Sep-2026 01:00 PM,https://pmgsytendersjk.gov.in/nicgep/app/nicgep/app?component=%24DirectLink&page=Home&service=direct&session=T&sp=SOcBGTsEgADc7R4b2Hy1u8g%3D%3D
PMGSY J&K,"Permanent  Restoration of PMGSY road from Kenthamorh to Mahakund, Package No. JK14-45,  Distt. Ramban, (Under SASCI)",e NIT No  EE/PMGSY/DR/81 of 2026_27 Dated_ 29/08/2026,07-Sep-2026 05:00 PM,08-Sep-2026 11:00 AM,https://pmgsytendersjk.gov.in/nicgep/app/nicgep/app?component=%24DirectLink&page=Home&service=direct&session=T&sp=SQvbU6VtuxZ7pnAJtgL2jgQ%3D%3D
PMGSY J&K,NIT 05 of 2026-27,NIT 05 of 2026-27,02-Sep-2026 06:00 PM,03-Sep-2026 12:00 PM,https://pmgsytendersjk.gov.in/nicgep/app/nicgep/app?component=%24DirectLink&page=Home&service=direct&session=T&sp=S0QjTP%2Bny3EmTy1qH21nskQ%3D%3D
PMGSY J&K,Permanent Restoration  work of PMGSY Divsion Thathri,NIT 05 of 2026-27,02-Sep-2026 06:00 PM,03-Sep-2026 12:00 PM,https://pmgsytendersjk.gov.in/nicgep/app/nicgep/app?component=%24DirectLink&page=Home&service=direct&session=T&sp=SUIve31u7upnyUbEl1XO16Q%3D%3D
PMGSY J&K,Construction of 28.00 mtr Span Motorable Bridge Double Lane Reinforced Cement Concrete Bridge on Bunikhet to Chanansar road Package No.JK11-69,SE/PMGSY/J/50 of 2026-27 dated 27.08.2026,14-Sep-2026 04:00 PM,15-Sep-2026 11:00 AM,https://pmgsytendersjk.gov.in/nicgep/app/nicgep/app?component=%24DirectLink&page=Home&service=direct&session=T&sp=SZLZCee32FBY%2BAANwRW25fA%3D%3D
PMGSY J&K,"Construction of double lane steel truss girder Bridge 3 X 30 M span on road NHIA Km 55th to Surara, Package No JK07-WB-01 at RD 5.575 to 5.675",e-NIT No-CEJ/PMGSY/838 of 2026-27 Dated-25/08/2026,12-Sep-2026 05:00 PM,15-Sep-2026 11:00 AM,https://pmgsytendersjk.gov.in/nicgep/app/nicgep/app?component=%24DirectLink&page=Home&service=direct&session=T&sp=S48E%2BFQ26cH5lcZiBQ%2FF2OA%3D%3D
PMGSY J&K,"Permanent restoration of road from Phagla to Hari by way of protection Work and other allied works Under Package No.JK11-110 Block Surankote ,District Poonch Length-6.00 kms",SE/PMGSY/J/50 of 2026-27 dated 27.08.2026,14-Sep-2026 04:00 PM,15-Sep-2026 11:00 AM,https://pmgsytendersjk.gov.in/nicgep/app/nicgep/app?component=%24DirectLink&page=Home&service=direct&session=T&sp=SuY9VMWfgIeqprts2OgOhDA%3D%3D
PMGSY J&K,"Permanent Restoration of Road from Athwatoo to Labkachal BWO R/B/Walls, Crash Barrier and Pavement Work in patches Package No JK03-292 under SASCI.",Fresh NIT 11,05-Sep-2026 03:00 PM,05-Sep-2026 04:00 PM,https://pmgsytendersjk.gov.in/nicgep/app/nicgep/app?component=%24DirectLink&page=Home&service=direct&session=T&sp=SSCimew9iA9cFathpleRBqQ%3D%3D
PMGSY Madhya Pradesh,1293/MP07707(BW)/Chhindwara,NIT-1293-Bw,07-Sep-2026 05:00 PM,09-Sep-2026 11:00 AM,https://pmgsytendersmp.gov.in/nicgep/app/nicgep/app?component=%24DirectLink&page=Home&service=direct&session=T&sp=SjhqAuWeUfXICNpbMvRoMgA%3D%3D
PMGSY Madhya Pradesh,1293/MP15704(BW)/Harda,NIT-1293-Bw,07-Sep-2026 05:00 PM,09-Sep-2026 11:00 AM,https://pmgsytendersmp.gov.in/nicgep/app/nicgep/app?component=%24DirectLink&page=Home&service=direct&session=T&sp=StW9JD%2BN9XBx4YOZaa3OlUw%3D%3D
PMGSY Maharashtra,MH2491 Construction and Maintenance of Bridge on Bori Khadi Ch.2/900 in Block-Pen District- Raigad,MH2491,08-Sep-2026 05:00 PM,09-Sep-2026 05:00 PM,https://pmgsytendersmah.gov.in/nicgep/app/nicgep/app?component=%24DirectLink&page=Home&service=direct&session=T&sp=Sq6Gd%2Fey2Huc0lw6xdi5L5Q%3D%3D
PMGSY Maharashtra,MH 24116 Construction and Maintenance of Kamthekarwadi Bridge (Kondi) Ch. 3/000 in Block-Sudhagad Dist- Raigad,MH24116,08-Sep-2026 05:00 PM,09-Sep-2026 05:00 PM,https://pmgsytendersmah.gov.in/nicgep/app/nicgep/app?component=%24DirectLink&page=Home&service=direct&session=T&sp=SAbAMtMoGPM3A8IIoG5T4lA%3D%3D
PMGSY Maharashtra,MH 3424 Construction and Maintenance of Kotabipada to Daudpada Road Km 0/000 to 1/620 Taluka Dahanu  District- Palghar.,MH3424,07-Sep-2026 05:00 PM,08-Sep-2026 05:00 PM,https://pmgsytendersmah.gov.in/nicgep/app/nicgep/app?component=%24DirectLink&page=Home&service=direct&session=T&sp=SD%2FKJJXUigqOVDR%2BswdqQ6g%3D%3D
PMGSY Nagaland,MRL01-L-025 to Vishiyi,NGRRDA/PMGSY-IV(BATCH-I)/Dmu02,07-Sep-2026 12:00 PM,08-Sep-2026 01:00 PM,https://pmgsytendersngl.gov.in/nicgep/app/nicgep/app?component=%24DirectLink&page=Home&service=direct&session=T&sp=S4Yy%2Fuw6JqWX0lMzH2Os2Vg%3D%3D
PMGSY Nagaland,MRL37-L-053 to Puhuto,NGRRDA/PMGSY-IV(BATCH-I)/Dmu03,07-Sep-2026 12:00 PM,08-Sep-2026 01:00 PM,https://pmgsytendersngl.gov.in/nicgep/app/nicgep/app?component=%24DirectLink&page=Home&service=direct&session=T&sp=SluNtu39VvrBOylwJRaGv0g%3D%3D
PMGSY Nagaland,L042-T-01 to T-02 via Hovukhu and Long Span Bridges L042 Hovukhu,NGRRDA/PMGSY-IV(BATCH-I)/Dmu05,07-Sep-2026 12:00 PM,08-Sep-2026 01:00 PM,https://pmgsytendersngl.gov.in/nicgep/app/nicgep/app?component=%24DirectLink&page=Home&service=direct&session=T&sp=Syj%2F8onW%2By3E%2FgT8kFr5YeA%3D%3D
PMGSY Nagaland,L039- T-02 to Yeveto via Hakhezhe,NGRRDA/PMGSY-IV(BATCH-I)/Dmu06,07-Sep-2026 12:00 PM,08-Sep-2026 01:00 PM,https://pmgsytendersngl.gov.in/nicgep/app/nicgep/app?component=%24DirectLink&page=Home&service=direct&session=T&sp=SX7zsG1q12Zb8O%2FDM8pKjMw%3D%3D
PMGSY Nagaland,L048- T-02 to Sukhato,NGRRDA/PMGSY-IV(BATCH-I)/Dmu07,07-Sep-2026 12:00 PM,08-Sep-2026 01:00 PM,https://pmgsytendersngl.gov.in/nicgep/app/nicgep/app?component=%24DirectLink&page=Home&service=direct&session=T&sp=S2LenhFtDx123c%2BpUPWWTcw%3D%3D
PMGSY Nagaland,L023-T-01 to Purrur,NGRRDA/PMGSY-IV(BATCH-I)/KIP01,07-Sep-2026 12:00 PM,08-Sep-2026 01:00 PM,https://pmgsytendersngl.gov.in/nicgep/app/nicgep/app?component=%24DirectLink&page=Home&service=direct&session=T&sp=SlUBqAWEI580uvpc5K2B%2BIQ%3D%3D
PMGSY Nagaland,L027-T-02 to Singrep,NGRRDA/PMGSY-IV(BATCH-I)/KIP02,07-Sep-2026 12:00 PM,08-Sep-2026 01:00 PM,https://pmgsytendersngl.gov.in/nicgep/app/nicgep/app?component=%24DirectLink&page=Home&service=direct&session=T&sp=SHzgiD5eUCKRoeLPBkQzQxA%3D%3D
PMGSY Nagaland,L029-SH T-02 to Old Risethsi,NGRRDA/PMGSY-IV(BATCH-I)/KIP03,07-Sep-2026 12:00 PM,08-Sep-2026 01:00 PM,https://pmgsytendersngl.gov.in/nicgep/app/nicgep/app?component=%24DirectLink&page=Home&service=direct&session=T&sp=SECqj14vk57d%2FG5FCSESrdw%3D%3D
PMGSY Nagaland,L026-T-02 to Langkok,NGRRDA/PMGSY-IV(BATCH-I)/KIP04,07-Sep-2026 12:00 PM,08-Sep-2026 01:00 PM,https://pmgsytendersngl.gov.in/nicgep/app/nicgep/app?component=%24DirectLink&page=Home&service=direct&session=T&sp=SPCX8OWZctLtSq%2FgMulFKDw%3D%3D
PMGSY Nagaland,Upgradation of long span bridges Athimuko stream,NGRRDA/PMGSY-III(B-I)/Zbto02Br,07-Sep-2026 12:00 PM,08-Sep-2026 01:00 PM,https://pmgsytendersngl.gov.in/nicgep/app/nicgep/app?component=%24DirectLink&page=Home&service=direct&session=T&sp=S7wyVqdpvQBR2OBidYetemA%3D%3D
PMGSY Odisha,Package No OR-20-548 (L140-OLD MM road Kaluguda) under PMGSY-IV Batch-I in the district of Malkangiri,NCB-10/RWCSBD/2026-2027,10-Sep-2026 05:00 PM,11-Sep-2026 11:00 AM,https://pmgsytendersori.gov.in/nicgep/app/nicgep/app?component=%24DirectLink&page=Home&service=direct&session=T&sp=SdBMBcSR8Go6xx8JQ%2BOOkJw%3D%3D
PMGSY Odisha,Package No OR-20-717 (L047-RD Road to Koiliguda) under PMGSY-IV Batch-I in the district of Malkangiri,NCB-10/RWCSBD/2026-2027,10-Sep-2026 05:00 PM,11-Sep-2026 11:00 AM,https://pmgsytendersori.gov.in/nicgep/app/nicgep/app?component=%24DirectLink&page=Home&service=direct&session=T&sp=Sdy7VYvwofsLp36feccfa%2BQ%3D%3D
PMGSY Odisha,Package No OR-20-723 (L048-R.D. Road to Kosumguda) under PMGSY-IV Batch-I in the district of Malkangiri,NCB-10/RWCSBD/2026-2027,10-Sep-2026 05:00 PM,11-Sep-2026 11:00 AM,https://pmgsytendersori.gov.in/nicgep/app/nicgep/app?component=%24DirectLink&page=Home&service=direct&session=T&sp=SH%2BHki2dQkv2Gp0IY0mnvXw%3D%3D
PMGSY Odisha,Package No OR-20-708 (L040-NH to Podaguda) under PMGSY-IV Batch-I in the district of Malkangiri,NCB-10/RWCSBD/2026-2027,10-Sep-2026 05:00 PM,11-Sep-2026 11:00 AM,https://pmgsytendersori.gov.in/nicgep/app/nicgep/app?component=%24DirectLink&page=Home&service=direct&session=T&sp=SdpEv1elTfrhalNzc5pw%2Ffg%3D%3D
PMGSY Odisha,Package No OR-20-515 (L102-NH 326 to Laxmanguda) under PMGSY-IV Batch-I in the district of Malkangiri,NCB-10/RWCSBD/2026-2027,10-Sep-2026 05:00 PM,11-Sep-2026 11:00 AM,https://pmgsytendersori.gov.in/nicgep/app/nicgep/app?component=%24DirectLink&page=Home&service=direct&session=T&sp=S71MTMQIzT8qOUUygEZEH3g%3D%3D
PMGSY Odisha,Package No OR-20-555 (L119-NH 326 to Bapanguda) under PMGSY-IV Batch-I in the district of Malkangiri,NCB-10/RWCSBD/2026-2027,10-Sep-2026 05:00 PM,11-Sep-2026 11:00 AM,https://pmgsytendersori.gov.in/nicgep/app/nicgep/app?component=%24DirectLink&page=Home&service=direct&session=T&sp=Stozid%2BNS2q0YONOkUXyRLQ%3D%3D
PMGSY Odisha,Package No OR-20-546 (L153-RD road to MPV 52) under PMGSY-IV Batch-I in the district of Malkangiri,NCB-10/RWCSBD/2026-2027,10-Sep-2026 05:00 PM,11-Sep-2026 11:00 AM,https://pmgsytendersori.gov.in/nicgep/app/nicgep/app?component=%24DirectLink&page=Home&service=direct&session=T&sp=SRR9cAgN3cxo7GPQ8I7fKeA%3D%3D
PMGSY Odisha,Package No OR-20-578 (L127-NH 326 to Guntenguda) under PMGSY-IV Batch-I in the district of Malkangiri,NCB-10/RWCSBD/2026-2027,10-Sep-2026 05:00 PM,11-Sep-2026 11:00 AM,https://pmgsytendersori.gov.in/nicgep/app/nicgep/app?component=%24DirectLink&page=Home&service=direct&session=T&sp=Sf4wrAghjpA%2FfUUS7%2B4zbHQ%3D%3D
PMGSY Odisha,Package No OR-20-571 (L124-MV 79 to Nuaguda) under PMGSY-IV Batch-I in the district of Malkangiri,NCB-10/RWCSBD/2026-2027,10-Sep-2026 05:00 PM,11-Sep-2026 11:00 AM,https://pmgsytendersori.gov.in/nicgep/app/nicgep/app?component=%24DirectLink&page=Home&service=direct&session=T&sp=Smersphbi09aKkkpt%2BpB5QA%3D%3D
PMGSY Odisha,Package No OR-20-691 (L042-RD Road to Tolel) under PMGSY-IV Batch-I in the district of Malkangiri,NCB-10/RWCSBD/2026-2027,10-Sep-2026 05:00 PM,11-Sep-2026 11:00 AM,https://pmgsytendersori.gov.in/nicgep/app/nicgep/app?component=%24DirectLink&page=Home&service=direct&session=T&sp=SpprPtRCm%2FMKSJM3phzoxpA%3D%3D
PMGSY Rajasthan,RJ-04-P4-04,ACE PWD ZONE KOTA NITNO-15/2026-27,07-Sep-2026 12:00 PM,07-Sep-2026 03:00 PM,https://pmgsytendersraj.gov.in/nicgep/app/nicgep/app?component=%24DirectLink&page=Home&service=direct&session=T&sp=SYyvnuc7VWlmjHFC67cgsqw%3D%3D
PMGSY Rajasthan,RJ-04-P4-05,ACE PWD ZONE KOTA NITNO-15/2026-27,07-Sep-2026 12:00 PM,07-Sep-2026 03:00 PM,https://pmgsytendersraj.gov.in/nicgep/app/nicgep/app?component=%24DirectLink&page=Home&service=direct&session=T&sp=ShAwzNar3rvfNGN1BxTD3%2FQ%3D%3D
PMGSY Rajasthan,RJ04PMJANMAN16,ACE PWD ZONE KOTA NITNO-15/2026-27,07-Sep-2026 12:00 PM,07-Sep-2026 03:00 PM,https://pmgsytendersraj.gov.in/nicgep/app/nicgep/app?component=%24DirectLink&page=Home&service=direct&session=T&sp=SFfNwAghGmsBUbm0jQd1OXA%3D%3D
PMGSY Rajasthan,RJ-04-P4-06,ACE PWD ZONE KOTA NITNO-15/2026-27,07-Sep-2026 12:00 PM,07-Sep-2026 03:00 PM,https://pmgsytendersraj.gov.in/nicgep/app/nicgep/app?component=%24DirectLink&page=Home&service=direct&session=T&sp=S7EOxDEXZfms5%2BcHRo5p1ZQ%3D%3D
PMGSY Rajasthan,RJ-04-P4-01,ACE PWD ZONE KOTA NITNO-15/2026-27,07-Sep-2026 12:00 PM,07-Sep-2026 03:00 PM,https://pmgsytendersraj.gov.in/nicgep/app/nicgep/app?component=%24DirectLink&page=Home&service=direct&session=T&sp=SMpqRP0GvEVDuP77I9o6JIw%3D%3D
PMGSY Rajasthan,"Construction and Maintenance of Rural Roads from L021-SH-100 to Dhani Gujaron Ki under PMGSY-IV, Batch-I, 2025-26 Package No RJ-16-P4-01 (District - Jaipur)","Nit No 20/PMGSY/2026-27 ACE PWD Zone-II, Jaipur",01-Sep-2026 12:00 PM,01-Sep-2026 03:00 PM,https://pmgsytendersraj.gov.in/nicgep/app/nicgep/app?component=%24DirectLink&page=Home&service=direct&session=T&sp=S3NWx38clkMAuyq3WHfcA6Q%3D%3D
PMGSY Rajasthan,"Construction and Maintenance of Rural Roads from L021-Roopahedi - Kashipura Road to Bhagwatpura under PMGSY-IV, Batch-I, 2025-26 Package No RJ-16-P4-02 (District-Jaipur)","Nit No 20/PMGSY/2026-27 ACE PWD Zone-II, Jaipur",01-Sep-2026 12:00 PM,01-Sep-2026 03:00 PM,https://pmgsytendersraj.gov.in/nicgep/app/nicgep/app?component=%24DirectLink&page=Home&service=direct&session=T&sp=STI12yUkvrKbBUSe1la24fg%3D%3D
PMGSY Tripura,"Construction of road from-  i) L522 Kalikhola Health Sub-Centre Kalikhola VC Road to Kalikhala, Package No-TR - 08 - 10 P5 (Length-1.120 km), ii. L - 556 Bashpukur Birampur Road to Birampur, Package No-TR - 08 - 07 P5 (Length-0.535 km),  iii) L - 553",TR0810P5,05-Sep-2026 03:00 PM,05-Sep-2026 03:30 PM,https://pmgsytenderstrp.gov.in/nicgep/app/nicgep/app?component=%24DirectLink&page=Home&service=direct&session=T&sp=SrrW3CX%2FCm8tIYj%2Fwc%2Fk25A%3D%3D
PMGSY Tripura,"Construction of road from-  i)  L - 512  Sonamura - Nidaya NEC Road to Master Para, Package No-TR - 08 - 04 P5 (Length-0.730 km),  ii.  L - 542 Bishalgarh Sabroom Road to Shemarkona (east Part), Package No-TR - 08 - 18 P5 (Length-1.140 km),  iii) ish",TR0818P5,05-Sep-2026 03:00 PM,05-Sep-2026 03:30 PM,https://pmgsytenderstrp.gov.in/nicgep/app/nicgep/app?component=%24DirectLink&page=Home&service=direct&session=T&sp=SQhlrI15QhAbPk%2FHsDqz8RA%3D%3D
PMGSY Tripura,"Construction of road from-  i) L - 519 NH - 108 to Urang Basti, Package No-TR - 03 - 19 P5 (Length-3.320 km) under Damcherra block,  ii. L - 525 Dharmanagar Khantlung road to Purba Subhasnagar Para, Package No-TR - 03 - 70 P5 (Length-2.645 km) under",TR0319P5,05-Sep-2026 03:00 PM,05-Sep-2026 03:30 PM,https://pmgsytenderstrp.gov.in/nicgep/app/nicgep/app?component=%24DirectLink&page=Home&service=direct&session=T&sp=SToupzfWW5LuHTjNzUNfp2A%3D%3D
PMGSY Tripura,"Construction of road from-  i) L-509 Montalla Dewanpassa Road to JB School Para, Package No-TR - 03 - 33 P5 (Length-1.750 km) under Jubarajnagar block,  ii) L - 506 Dharmanagar Satsangam Road To Sarala Bhitor Line, Package No-TR-03-40 P5 (Length-3.1",TR0333P5,05-Sep-2026 03:00 PM,05-Sep-2026 03:30 PM,https://pmgsytenderstrp.gov.in/nicgep/app/nicgep/app?component=%24DirectLink&page=Home&service=direct&session=T&sp=SQo8bjXwr5SIHzFie5b6G1Q%3D%3D
PMGSY Tripura,"Construction of road from-  i) L - 507 Agartala Sabroom Road To Pushkar Bari., Package No-TR-08-27 P5 (Length-0.960 km) and ii) L - 502 Satarmura Veluarchar Road To Joymangal Para., Package No-TR-08-25 P5 (Length-1.280 km) under Charilam block.",TR0825P5,05-Sep-2026 03:00 PM,05-Sep-2026 03:30 PM,https://pmgsytenderstrp.gov.in/nicgep/app/nicgep/app?component=%24DirectLink&page=Home&service=direct&session=T&sp=Ssb%2FLA4%2FdQ1dHDqiobnjy6w%3D%3D
PMGSY Tripura,"Construction of road from-  i)  L - 506 Miles 37 - Rupa Ch. Para PMGSY Road to Sudhurai Para, Package No-TR - 07 - 08 P5 (Length-1.520 km) under Mungiakami block  and  II) L - 502 DM Para Mulakuthi Para Road to Tin Ghariya Para., Package No-TR - 07 -",TR0714P5,05-Sep-2026 03:00 PM,05-Sep-2026 03:30 PM,https://pmgsytenderstrp.gov.in/nicgep/app/nicgep/app?component=%24DirectLink&page=Home&service=direct&session=T&sp=SOg57C%2Fjp%2FlsKsP4D00%2BWJA%3D%3D
PMGSY Tripura,"Construction of road from- i) L519-Angina U J Road Gungrai Mulsom road to UJ Road to Thandacherra road, Package No-TR-06-36 P5 (Length-2.99 km),  ii) L517-Pitra Kuwaimura road to Kowaimura, Package No-TR - 06 -34 P5 (Length-1.024 km),  iii) L509-Pitr",TR0626P5,05-Sep-2026 03:00 PM,05-Sep-2026 03:30 PM,https://pmgsytenderstrp.gov.in/nicgep/app/nicgep/app?component=%24DirectLink&page=Home&service=direct&session=T&sp=SFptcVQx5Sxov7EWjDgeQ0A%3D%3D
PMGSY Tripura,"Construction of road from- i) L501-Ompi Baishyamani Para road to RabiraiLakte para road, Package No-TR-06-115 P5 (Length-3.70 km) and  ii) L503-Ompi Raban para road to Jalaipara, Package No-TR-06-117 P5 (Length-1.850 km) under Ompi block.",TR06115P5,05-Sep-2026 03:00 PM,05-Sep-2026 03:30 PM,https://pmgsytenderstrp.gov.in/nicgep/app/nicgep/app?component=%24DirectLink&page=Home&service=direct&session=T&sp=SwBsfmgxp%2FPmHi8eUlhCXwg%3D%3D
PMGSY Tripura,"Construction of road from-  i) L - 503 Gamaria Para Dhaukhati Road To Basisha Bari, Package No-TR-06-45 P5 (Length-1.080 km),  ii) 2. L517-Maharani Chowmohani Udaipur-Amarpur road(near All India Radio Station) to West Hirapur, Package No-TR-06-60 P5",TR0645P5,05-Sep-2026 03:00 PM,05-Sep-2026 03:30 PM,https://pmgsytenderstrp.gov.in/nicgep/app/nicgep/app?component=%24DirectLink&page=Home&service=direct&session=T&sp=Sk%2BrbD7IGNP7vhEWb%2Fp1EmA%3D%3D
PMGSY Tripura,"Construction of Road From 1. L525-Udaipur Kakraban Tulamura Main road to Tribal para, BLOCK- Kakraban (length-1.10 KM) Package No- TR-06-93 P5. 2. L502-SalgarahKishoreganj road to Char para, BLOCK- Kakraban (length-1.13 KM) Package No- TR-06-70 P5. 3",04/EO/PMGSY-IV/TRRDA/ 2026-27,03-Sep-2026 03:00 PM,03-Sep-2026 03:30 PM,https://pmgsytenderstrp.gov.in/nicgep/app/nicgep/app?component=%24DirectLink&page=Home&service=direct&session=T&sp=SRAVB0f%2F7bzxvQuYlxvpucQ%3D%3D
PMGSY West Bengal,MRL18-Muraboni Primary School to Guimara under Jhargram Block,MBL/PMGSY-IV/Jhargram/01 OF 2026-27,21-Sep-2026 05:00 PM,22-Sep-2026 11:00 AM,https://pmgsytenderswb.gov.in/nicgep/app/nicgep/app?component=%24DirectLink&page=Home&service=direct&session=T&sp=S4Qkiqn0ixAciJVc2ov0LOw%3D%3D
PMGSY West Bengal,MRL12-Dogerya More to Dogerya Village under Jhargram Block,MBL/PMGSY-IV/Jhargram/01 OF 2026-27,21-Sep-2026 05:00 PM,22-Sep-2026 11:00 AM,https://pmgsytenderswb.gov.in/nicgep/app/nicgep/app?component=%24DirectLink&page=Home&service=direct&session=T&sp=SQXrvs2Bsd3eDZiczL2zftQ%3D%3D
PMGSY West Bengal,MRL32-Zilpa Sigh laya Bridge to Jaypur under Binpur-II Block,MBL/PMGSY-IV/Jhargram/01 OF 2026-27,21-Sep-2026 05:00 PM,22-Sep-2026 11:00 AM,https://pmgsytenderswb.gov.in/nicgep/app/nicgep/app?component=%24DirectLink&page=Home&service=direct&session=T&sp=SANIORRy6bI%2FMNkzuUwyh%2FQ%3D%3D
PMGSY West Bengal,MRL27-Kodapura Bus Stand to Garpahar under Binpur-II Block,MBL/PMGSY-IV/Jhargram/01 OF 2026-27,21-Sep-2026 05:00 PM,22-Sep-2026 11:00 AM,https://pmgsytenderswb.gov.in/nicgep/app/nicgep/app?component=%24DirectLink&page=Home&service=direct&session=T&sp=SUBXpF2hnDTiucyj3pcQGwQ%3D%3D
PMGSY West Bengal,MRL20-Master Para More to Dakai under Binpur-II Block,MBL/PMGSY-IV/Jhargram/01 OF 2026-27,21-Sep-2026 05:00 PM,22-Sep-2026 11:00 AM,https://pmgsytenderswb.gov.in/nicgep/app/nicgep/app?component=%24DirectLink&page=Home&service=direct&session=T&sp=S0tWLkY5CENZBfM0kK0CTUA%3D%3D
PMGSY West Bengal,MRL07-Banksol More to Banksol Muslimpara under Binpur-II Block,MBL/PMGSY-IV/Jhargram/01 OF 2026-27,21-Sep-2026 05:00 PM,22-Sep-2026 11:00 AM,https://pmgsytenderswb.gov.in/nicgep/app/nicgep/app?component=%24DirectLink&page=Home&service=direct&session=T&sp=S3AxqGnzelZVjnrS1ID7OEw%3D%3D
PMGSY West Bengal,MRL09-Barighyati More to Khandarani under Binpur-II Block,MBL/PMGSY-IV/Jhargram/01 OF 2026-27,21-Sep-2026 05:00 PM,22-Sep-2026 11:00 AM,https://pmgsytenderswb.gov.in/nicgep/app/nicgep/app?component=%24DirectLink&page=Home&service=direct&session=T&sp=SmGiUlBxGLrFVB0%2BL8YD8bg%3D%3D
PMGSY West Bengal,MRL07-Pathar Chakri To Chhota Gahira Primary School under Jhargram Block,MBL/PMGSY-IV/Jhargram/01 OF 2026-27,21-Sep-2026 05:00 PM,22-Sep-2026 11:00 AM,https://pmgsytenderswb.gov.in/nicgep/app/nicgep/app?component=%24DirectLink&page=Home&service=direct&session=T&sp=SK9N08OD51GCyztx7pAM6wQ%3D%3D
PMGSY West Bengal,MRL11-Birbhanpur Play Ground to Dhulaburari under Jhargram Block,MBL/PMGSY-IV/Jhargram/01 OF 2026-27,21-Sep-2026 05:00 PM,22-Sep-2026 11:00 AM,https://pmgsytenderswb.gov.in/nicgep/app/nicgep/app?component=%24DirectLink&page=Home&service=direct&session=T&sp=SUyaNAVVaOo6J4SMA%2FkRKxw%3D%3D
PMGSY West Bengal,MRL08-SOKHISOL NEW BUS STAND TO SOKHISOL FOOTBALL GROUND under Binpur I Block,MBL/PMGSY-IV/Jhargram/01 OF 2026-27,21-Sep-2026 05:00 PM,22-Sep-2026 11:00 AM,https://pmgsytenderswb.gov.in/nicgep/app/nicgep/app?component=%24DirectLink&page=Home&service=direct&session=T&sp=SYRHRH9uFjTIA1v4vl%2Fh9oA%3D%3D
Arunachal Pradesh,C/o of T-II 04 Nos Quarters at SP Office Colony at Dibang Valley District,APH/EC/EE(EZ)/e-NIT/2026-27/37,01-Sep-2026 10:00 AM,01-Sep-2026 10:30 AM,https://arunachaltenders.gov.in/nicgep/app/nicgep/app?component=%24DirectLink&page=Home&service=direct&session=T&sp=SGOpu3OFMhUNZqA0Nid333g%3D%3D
Arunachal Pradesh,C/o of T-II 04 Nos Quarters at 2nd IRBN HQ. Diyun,APH/EC/EE(EZ)/e-NIT/2026-27/38,01-Sep-2026 10:00 AM,01-Sep-2026 10:30 AM,https://arunachaltenders.gov.in/nicgep/app/nicgep/app?component=%24DirectLink&page=Home&service=direct&session=T&sp=SK4khDfvqWaXLymPJ3rBXiw%3D%3D
Arunachal Pradesh,Up-Gradation of Police Station Building at Mahadevpur,APH/EC/EE(EZ)/e-NIT/2026-27/36,01-Sep-2026 10:00 AM,01-Sep-2026 10:30 AM,https://arunachaltenders.gov.in/nicgep/app/nicgep/app?component=%24DirectLink&page=Home&service=direct&session=T&sp=SKttQSpGSwFEmy5M279S0Vg%3D%3D
Arunachal Pradesh,Construction of New RCS Heliport at Yingkiong,YA/NIT/CA/2025-26/08,05-Sep-2026 11:00 AM,05-Sep-2026 03:00 PM,https://arunachaltenders.gov.in/nicgep/app/nicgep/app?component=%24DirectLink&page=Home&service=direct&session=T&sp=S8DZDe2mqntIZ5qltXodDJg%3D%3D
Arunachal Pradesh,Construction of double lane road from NH 513 to New Yingkiong township via Newly proposed Heliport Upper Siang District 4 KMs,YA/NIT/RIDF-XXXI/2026-27/02,04-Sep-2026 11:00 AM,04-Sep-2026 03:00 PM,https://arunachaltenders.gov.in/nicgep/app/nicgep/app?component=%24DirectLink&page=Home&service=direct&session=T&sp=S1rcd37FVOTVvm%2BFgR5W%2BmA%3D%3D
Arunachal Pradesh,Housekeeping and Allied Services,RCE/AN/HousekeepingandAllied Services/2026,09-Sep-2026 05:00 PM,10-Sep-2026 03:00 PM,https://arunachaltenders.gov.in/nicgep/app/nicgep/app?component=%24DirectLink&page=Home&service=direct&session=T&sp=SrLcVsd1mEq5ikgEYyUxXXA%3D%3D
Assam,SALE OF USED ANSWER SCRIPTS AND OTHER WASTE PAPERS,ASSEBDIV-IISTORESWP81_24_1356,18-Sep-2026 02:00 PM,19-Sep-2026 02:00 PM,https://assamtenders.gov.in/nicgep/app/nicgep/app?component=%24DirectLink&page=Home&service=direct&session=T&sp=S0z4%2Bl77LPYhK%2FX0VPTjiDw%3D%3D
Assam,CE/EAP/ARRBP/ OCB/Bridges-1/Morigaon/18,CE/EAP/ARRBP/BR/Z4/T13,18-Sep-2026 02:00 PM,18-Sep-2026 02:30 PM,https://assamtenders.gov.in/nicgep/app/nicgep/app?component=%24DirectLink&page=Home&service=direct&session=T&sp=SH0078nIGrDhOzNJuM0fSww%3D%3D
Assam,De-stringing of existing Panther Conductor and Stringing and Supply of HTLS Conductor,AEGCL/MD/CAR/HTLS/2026/BID/1,23-Sep-2026 11:00 AM,24-Sep-2026 04:00 PM,https://assamtenders.gov.in/nicgep/app/nicgep/app?component=%24DirectLink&page=Home&service=direct&session=T&sp=SMismmQpgjEO9FM1KJ8N9sw%3D%3D
Assam,CE/EAP/ARRBP/ OCB/Bridges-1/Morigaon/17,CE/EAP/ARRBP/BR/Z4/T13,18-Sep-2026 02:00 PM,18-Sep-2026 02:30 PM,https://assamtenders.gov.in/nicgep/app/nicgep/app?component=%24DirectLink&page=Home&service=direct&session=T&sp=SnuJ%2FoAZGGh%2BWX5HjpsnnAg%3D%3D
Assam,CE/EAP/ARRBP/ OCB/Bridges-1/Morigaon/20,CE/EAP/ARRBP/BR/Z4/T13,18-Sep-2026 02:00 PM,18-Sep-2026 02:30 PM,https://assamtenders.gov.in/nicgep/app/nicgep/app?component=%24DirectLink&page=Home&service=direct&session=T&sp=SjTYFVaDmRucW0NZkN%2FqVFA%3D%3D
Assam,"Development, Operation and Management Contract for running the Wayside Amenity Centre at Kalain - Digarkhal",ATDC/3530/2023/6950 dtd. 19.08.2026,15-Sep-2026 02:00 PM,16-Sep-2026 01:00 PM,https://assamtenders.gov.in/nicgep/app/nicgep/app?component=%24DirectLink&page=Home&service=direct&session=T&sp=SgSHf%2B1s01lU5HeY%2F5oRjOw%3D%3D
Assam,CE/EAP/ARRBP/ OCB/Bridge-1/ Cachar/32,CE/EAP/ARRBP/BR/Z4/T13,18-Sep-2026 02:00 PM,18-Sep-2026 02:30 PM,https://assamtenders.gov.in/nicgep/app/nicgep/app?component=%24DirectLink&page=Home&service=direct&session=T&sp=S3PCYEFcDk%2BnAUM7gC5sauQ%3D%3D
Assam,CE/EAP/ARRBP/O CB/Bridges-1/Morigaon/19,CE/EAP/ARRBP/BR/Z4/T13,18-Sep-2026 02:00 PM,18-Sep-2026 02:30 PM,https://assamtenders.gov.in/nicgep/app/nicgep/app?component=%24DirectLink&page=Home&service=direct&session=T&sp=SLyF9H5C2uCGPqZbO3Y3oZw%3D%3D
Assam,"Development, Operation and Management Contract for running the Tea Stall at Guwahati Tourist Lodge",ATDC/3530/2023/6950 dtd. 19.08.2026,15-Sep-2026 02:00 PM,16-Sep-2026 01:00 PM,https://assamtenders.gov.in/nicgep/app/nicgep/app?component=%24DirectLink&page=Home&service=direct&session=T&sp=SaQ5W52uvAOgCjVEXN0fkhw%3D%3D
Assam,"Development, Operation and Management Contract for running the Tourist Lodge at Siddheswar Temple, Thandapur, Panchagram, Hailakandi",ATDC/3530/2023/6950 dtd. 19.08.2026,15-Sep-2026 02:00 PM,16-Sep-2026 01:00 PM,https://assamtenders.gov.in/nicgep/app/nicgep/app?component=%24DirectLink&page=Home&service=direct&session=T&sp=Ssyk5kqOBk9M9aA%2FG6vo4Rw%3D%3D
Chandigarh,"Modification of Roads of A-Type Houses in Panjab University  Campus, Sector-14 , Chandigarh.",6897/EE/Mtc.,22-Sep-2026 04:00 PM,23-Sep-2026 09:00 AM,https://etenders.chd.nic.in/nicgep/app/nicgep/app?component=%24DirectLink&page=Home&service=direct&session=T&sp=SFfBbgsGOi4rHm3HhbqrhBg%3D%3D
Chandigarh,"RELOCATION OF THE MAIN GATE OF GOVT MODEL SR SECONDARY SCHOOL, POLICE COMPLEX, POLICE LINES, SECTOR-26, CHANDIGARH",CP6/2026/1675-1686/gate,04-Sep-2026 11:00 AM,04-Sep-2026 11:30 AM,https://etenders.chd.nic.in/nicgep/app/nicgep/app?component=%24DirectLink&page=Home&service=direct&session=T&sp=SnpbzR1NsEFdFr%2FkL995sAA%3D%3D
Chandigarh,"FIXING OF M.S. GRILLS/RAILING AT AANGANWARI CENER NO. 1, 2 and 3, BAPU DHAM, SECTOR 26, CHANDIGARH",CP6/2026/1675-1686/bapu,04-Sep-2026 11:00 AM,04-Sep-2026 11:30 AM,https://etenders.chd.nic.in/nicgep/app/nicgep/app?component=%24DirectLink&page=Home&service=direct&session=T&sp=SSKKQQuZ3wEC5AbQpUS%2FIgw%3D%3D
Chandigarh,"SPECIAL REPAIR OF AANGANWARI CENTER NO 1, BDC, AANGANWARI CENTER NO. 2 BDC, AANGANWARI CENTER NO 3 BDC, TENEMENTS BDC, AANGANWARI MAULI COLONY, AANGANWARI MAULI VILLAGE, CRECHE IT PARK CHANDIGARH FOR THE FINANCIAL YEAR OF 2026-2027 (NON RESIDENTIAL B",CP6/2026/1675-1686/aanganwari,04-Sep-2026 11:00 AM,04-Sep-2026 11:30 AM,https://etenders.chd.nic.in/nicgep/app/nicgep/app?component=%24DirectLink&page=Home&service=direct&session=T&sp=SGYyL6GKdpGrrGdx9C5m6hw%3D%3D
Chandigarh,Maintenance and Repair works at Sukhna Lake Chandigarh,CP2Road3061322,03-Sep-2026 11:30 AM,03-Sep-2026 03:30 PM,https://etenders.chd.nic.in/nicgep/app/nicgep/app?component=%24DirectLink&page=Home&service=direct&session=T&sp=S3sKch%2FY3mDc6B1O934xqbA%3D%3D
Chandigarh,"WATERPROOFING OF ROOF OF DIVISONAL LIBRARY (SOUTH), SECTOR-34, CHANDIGARH.",CP6/2026/1675-1686/library,04-Sep-2026 11:00 AM,04-Sep-2026 11:30 AM,https://etenders.chd.nic.in/nicgep/app/nicgep/app?component=%24DirectLink&page=Home&service=direct&session=T&sp=S924nLRZph0nE787JQs4FUQ%3D%3D
Chandigarh,"ANNUAL REPAIR FOR NRB GOVT. SCHOOL BUILDING, SECTOR- 34, CHANDIGARH UNDER SUB-DIVISION C-8 FOR THE FINANCIAL YEAR OF 2026-27..",CP6/2026/1675-1686/school,04-Sep-2026 11:00 AM,04-Sep-2026 11:30 AM,https://etenders.chd.nic.in/nicgep/app/nicgep/app?component=%24DirectLink&page=Home&service=direct&session=T&sp=S9ZbSg37R264E0vr%2BctDq5g%3D%3D
Chandigarh,"ANNUAL REPAIR OF CTU WORKSHOP 1, CTU WORKSHOP II, ADMIN BLOCK I, ADMIN BLOCK II, INDUSTRIAL AREA PHASE-I, CHANDIGARH FOR THE FINANCIAL YEAR OF 2026-27 (NON RESIDENTIAL BUILDING).CRECHE IT PARK CHANDIGARH FOR THE FINANCIAL YEAR OF 2026-2027 (NON RESID",CP6/2026/1675-1686/ctu,04-Sep-2026 11:00 AM,04-Sep-2026 11:30 AM,https://etenders.chd.nic.in/nicgep/app/nicgep/app?component=%24DirectLink&page=Home&service=direct&session=T&sp=Slb%2BZIn4Yqs6PgsuYVD5vaw%3D%3D
Chandigarh,Proposed Toilet near Staircase No 4 at Sukhna Lake Chandigarh,CP2Road3068479,03-Sep-2026 11:30 AM,03-Sep-2026 03:30 PM,https://etenders.chd.nic.in/nicgep/app/nicgep/app?component=%24DirectLink&page=Home&service=direct&session=T&sp=SLzTjwu5ymhtCoPorsNwzjQ%3D%3D
Chandigarh,"Soil Investigation for (03 Nos of Bore Holes) and Structural Drawings for Construction of New Mechanic Electric Vehicle Trade Workshop in Sector-28B, Chandigarh",CP4/2026/3069842,07-Sep-2026 11:00 AM,07-Sep-2026 02:00 PM,https://etenders.chd.nic.in/nicgep/app/nicgep/app?component=%24DirectLink&page=Home&service=direct&session=T&sp=S0PLEvnKQjjsmKfOOdJ1YVw%3D%3D
Dadra Nagar Haveli,Consumables for Printer,SHS/DNHDD/SCACP/2023-24/285,17-Sep-2026 09:00 AM,17-Sep-2026 10:00 AM,https://dnhtenders.gov.in/nicgep/app/nicgep/app?component=%24DirectLink&page=Home&service=direct&session=T&sp=SKQrq1sJXNcilUmR7H0Tu8g%3D%3D
Dadra Nagar Haveli,Reagents for newly installed Cobas e411 and Biorad D-10 Autoanalyzer Machine,DMHS/PT/NAMO H./Reagent/171/284,07-Sep-2026 02:00 PM,07-Sep-2026 03:00 PM,https://dnhtenders.gov.in/nicgep/app/nicgep/app?component=%24DirectLink&page=Home&service=direct&session=T&sp=SOaqIGhAGo38h0IXRzDSvQw%3D%3D
Dadra Nagar Haveli,"Urgent Medicines for NAMO Hospital, Silvassa",DHMS/PT/CPSE/Med/GOI/26-27/160,05-Sep-2026 11:00 AM,05-Sep-2026 11:30 AM,https://dnhtenders.gov.in/nicgep/app/nicgep/app?component=%24DirectLink&page=Home&service=direct&session=T&sp=SUvALc%2BEK28fTv9zn0riN6w%3D%3D
Dadra Nagar Haveli,"Hiring of Refrigerated Van along with Driver  for collection, transportation and distribution of milk in Dadra and Nagar Haveli",SC/STCorpn/Recruit/2020-21/679,31-Aug-2026 02:00 PM,31-Aug-2026 03:00 PM,https://dnhtenders.gov.in/nicgep/app/nicgep/app?component=%24DirectLink&page=Home&service=direct&session=T&sp=S8LFBs0KM5v4bvxoWcOzKDw%3D%3D
Dadra Nagar Haveli,Selection of Agency for Deployment of Professionals for MSME Facilitation Desk under RAMP Scheme,DIC/14(270)/2025,04-Sep-2026 05:00 PM,05-Sep-2026 11:00 AM,https://dnhtenders.gov.in/nicgep/app/nicgep/app?component=%24DirectLink&page=Home&service=direct&session=T&sp=S2EYk%2FIHOShno92AXVQucfw%3D%3D
Dadra Nagar Haveli,Procurement of Insulated Transformer Oil,27/2026-27/612,03-Sep-2026 01:00 PM,03-Sep-2026 04:00 PM,https://dnhtenders.gov.in/nicgep/app/nicgep/app?component=%24DirectLink&page=Home&service=direct&session=T&sp=SGF0d7x67Cj2pnBq5KS5raw%3D%3D
Dadra Nagar Haveli,Purchase of Panchakarma Eqp.,DMHS/Ayurvedic Hospital/Panchakarma Eqp./2026-27/166/271,09-Sep-2026 09:30 AM,09-Sep-2026 10:00 AM,https://dnhtenders.gov.in/nicgep/app/nicgep/app?component=%24DirectLink&page=Home&service=direct&session=T&sp=Sfg5hu3b4hrTnAAGcq7SRgg%3D%3D
Dadra Nagar Haveli,"Selection of Software Solution Provider for design, development, implementation and deployment of InterDepartmental Digital Land Query and Report Management System for Dadra and Nagar Haveli Planning and Development  Authority, DNHPDA.",E-tender Notice No.5 of 2026-27,31-Aug-2026 01:00 PM,01-Sep-2026 11:00 AM,https://dnhtenders.gov.in/nicgep/app/nicgep/app?component=%24DirectLink&page=Home&service=direct&session=T&sp=SER8tAyrwaTzzwo8ks%2BSN2A%3D%3D
Dadra Nagar Haveli,Rewinding and repairing of Motors at various site in DNH area for the year 2025-2026,E TENDER NOTICE NUMBER 13 OF 2026-2027 (DP),31-Aug-2026 04:00 PM,31-Aug-2026 04:30 PM,https://dnhtenders.gov.in/nicgep/app/nicgep/app?component=%24DirectLink&page=Home&service=direct&session=T&sp=SaAilwO7Q%2BfsN0E%2FwLsPF3A%3D%3D
Dadra Nagar Haveli,Cartridge for CD4 Machine (PIMA),SACS/DNHDD/CST/2023-24/28/21,02-Sep-2026 10:00 AM,02-Sep-2026 10:30 AM,https://dnhtenders.gov.in/nicgep/app/nicgep/app?component=%24DirectLink&page=Home&service=direct&session=T&sp=S3gzUgEwlAesOZ4OmKtAeWg%3D%3D
Daman Diu,"Providing, Supplying, Installation, Testing and Commissioning of Fire Hydrant at Pavti Jetty, Bucharwada, Diu. DPU-2371)",DP-DIU-EE-TB-TN-01-2026-27-142,10-Sep-2026 01:00 PM,10-Sep-2026 02:00 PM,https://ddtenders.gov.in/nicgep/app/nicgep/app?component=%24DirectLink&page=Home&service=direct&session=T&sp=SPRDepXK9hXVwQ3M%2BVK1fgQ%3D%3D
Daman Diu,"Replacement of Rooftop Sheets and Repair of POP Ceiling at SLSA, C-Section at Court Building Moti Daman.. (E-30570)",Tender Notice No.62/01/2026-27,05-Sep-2026 02:00 PM,05-Sep-2026 04:00 PM,https://ddtenders.gov.in/nicgep/app/nicgep/app?component=%24DirectLink&page=Home&service=direct&session=T&sp=S6zSeL6uzxc8XUDHBFw%2Fd7g%3D%3D
Daman Diu,"Providing Painting and Supplying furniture at Quarter (No. A-001 and 102) opposite Sagar Petrol Pump, Nani Daman. (E-30576)",Tender Notice No.62/02/2026-27,05-Sep-2026 02:00 PM,05-Sep-2026 04:00 PM,https://ddtenders.gov.in/nicgep/app/nicgep/app?component=%24DirectLink&page=Home&service=direct&session=T&sp=SvBPF%2BPWyP3I0YZhNyHgq3A%3D%3D
Daman Diu,"Castration and spaying and immunisation on stray dogs in Diu Municipal Council, Area (8th Call)",11/2026-27/ABC/652,31-Aug-2026 04:00 PM,01-Sep-2026 04:00 PM,https://ddtenders.gov.in/nicgep/app/nicgep/app?component=%24DirectLink&page=Home&service=direct&session=T&sp=STLy9lE9kQTVXpz%2BxU5ZZUA%3D%3D
Daman Diu,"Regarding Supply, Installation, Testing and Commissioning of New Main LT Panel for Police Head Quarters, Nani Daman. (E- 47708) (2nd Call).",61/2026-27,01-Sep-2026 02:00 PM,01-Sep-2026 04:00 PM,https://ddtenders.gov.in/nicgep/app/nicgep/app?component=%24DirectLink&page=Home&service=direct&session=T&sp=Siv%2Ft1STUYdLXFDdn7t%2BwtA%3D%3D
Daman Diu,"supply of manpower for care and maintenance and cleaning up of the area and to carry-out agricultural works like digging, sowing of seeds, watering plants, applying bio- fertilizer, spraying of bio- pesticides and other works to the Agriculture Dept",ZAO/DIU/FARM LABOUR/2026-27/21,31-Aug-2026 03:00 PM,31-Aug-2026 05:00 PM,https://ddtenders.gov.in/nicgep/app/nicgep/app?component=%24DirectLink&page=Home&service=direct&session=T&sp=Ssn9jmd9cKYDVFUioA%2Be5dA%3D%3D
Daman Diu,"Construction of CISF Housing Complex, Barracks and Associated Infrastructure, Diu",e-tender Notice No. 42/2026-27,16-Sep-2026 02:30 PM,16-Sep-2026 04:00 PM,https://ddtenders.gov.in/nicgep/app/nicgep/app?component=%24DirectLink&page=Home&service=direct&session=T&sp=SGmdCC68iT5AFMmNthQp79w%3D%3D
Daman Diu,Rate Contract for providing Laundry Services for Primary Health Centre Kachigam under Medical and Public Health Department DNH DD,CPB/DNHDD/Laundry/2026-27/211,04-Sep-2026 03:00 PM,04-Sep-2026 04:00 PM,https://ddtenders.gov.in/nicgep/app/nicgep/app?component=%24DirectLink&page=Home&service=direct&session=T&sp=S33rhvMqowPeyjdIsixfegQ%3D%3D
Daman Diu,"RFP FOR LICENSING OUT GOVERNMENT LAND FOR DEVELOPMENT, OPERATION AND MAINTENANCE OF A PREMIUM HOTEL/RESORT NEAR POTHIYADADA, DINOSAUR PARK, DIU",3/152/DT/DDD/H/DP/Diu/2627/185,31-Aug-2026 06:00 PM,01-Sep-2026 12:00 PM,https://ddtenders.gov.in/nicgep/app/nicgep/app?component=%24DirectLink&page=Home&service=direct&session=T&sp=SW5q85Z%2Bizd3KG7gi1Tf0iw%3D%3D
Delhi,Press NIT No. 07(26-27)/CWA(WnS)II,PRESS NIT No. 07(26-27)/CWA(WnS)II,15-Sep-2026 03:00 PM,15-Sep-2026 03:30 PM,https://govtprocurement.delhi.gov.in/nicgep/app/nicgep/app?component=%24DirectLink&page=Home&service=direct&session=T&sp=SKqAYZD8uIPbXiqZNteGh1g%3D%3D
Delhi,NIT NO. 21 (2026-27) Item no. 1,NIT NO. 21 (2026-27),07-Sep-2026 03:00 PM,07-Sep-2026 03:30 PM,https://govtprocurement.delhi.gov.in/nicgep/app/nicgep/app?component=%24DirectLink&page=Home&service=direct&session=T&sp=S3yAJapeO5IL%2FaabOsKxlZA%3D%3D
Delhi,NIT No. 25/3/EE(C)-20(2026-27),NIT No. 25/3/EE(C)-20(2026-27),07-Sep-2026 03:00 PM,07-Sep-2026 03:30 PM,https://govtprocurement.delhi.gov.in/nicgep/app/nicgep/app?component=%24DirectLink&page=Home&service=direct&session=T&sp=SJ37rAxxGrkWCnw3bXSyQXA%3D%3D
Delhi,NIT No. 25/2/EE(C)-20(2026-27),NIT No. 25/2/EE(C)-20(2026-27),07-Sep-2026 03:00 PM,07-Sep-2026 03:30 PM,https://govtprocurement.delhi.gov.in/nicgep/app/nicgep/app?component=%24DirectLink&page=Home&service=direct&session=T&sp=SnsAREFlxY%2B5UARxoCrUxCw%3D%3D
Delhi,NIT No. 25/1/EE(C)-20(2026-27),NIT No. 25/1/EE(C)-20(2026-27),07-Sep-2026 03:00 PM,07-Sep-2026 03:30 PM,https://govtprocurement.delhi.gov.in/nicgep/app/nicgep/app?component=%24DirectLink&page=Home&service=direct&session=T&sp=SnimM1QSskV3Y3PHvbqNOog%3D%3D
Delhi,"RMO of Electrical and Mechanical installations at Maharaja Aggresen College, Vasundhara Enclave, Delhi. During 2026-27 Sub Head Day to Day maintenance and Operation of E.I and Fans, Fire Fighting, Fire Alarm System, Lifts DG sets and Sub-Station",46/EE(E)/PWD M-253/2026-27,05-Sep-2026 03:00 PM,05-Sep-2026 03:30 PM,https://govtprocurement.delhi.gov.in/nicgep/app/nicgep/app?component=%24DirectLink&page=Home&service=direct&session=T&sp=S80ZsVzrWknTLfFTZIaUrKA%3D%3D
Delhi,31/4,SHORT NIT NO 31 (2026-27) EE(C )-09,07-Sep-2026 03:00 PM,07-Sep-2026 03:15 PM,https://govtprocurement.delhi.gov.in/nicgep/app/nicgep/app?component=%24DirectLink&page=Home&service=direct&session=T&sp=Scwe%2FXTrApmA4TzqSdPF4vw%3D%3D
Delhi,31/2,SHORT NIT NO 31 (2026-27) EE(C )-09,07-Sep-2026 03:00 PM,07-Sep-2026 03:15 PM,https://govtprocurement.delhi.gov.in/nicgep/app/nicgep/app?component=%24DirectLink&page=Home&service=direct&session=T&sp=SLoioSXEIoVTmPXXMOynooA%3D%3D
Delhi,Repair and maintenance of infrastructure assets in R-I division during 2026-27.,43/EE(R-I)/2026-27 (E- 210618),07-Sep-2026 04:00 PM,07-Sep-2026 04:30 PM,https://govtprocurement.delhi.gov.in/nicgep/app/nicgep/app?component=%24DirectLink&page=Home&service=direct&session=T&sp=SGK3oeFrqJT%2BqcbV5Thz%2F2Q%3D%3D
Delhi,31/7,SHORT NIT NO 31 (2026-27) EE(C )-09,07-Sep-2026 03:00 PM,07-Sep-2026 03:15 PM,https://govtprocurement.delhi.gov.in/nicgep/app/nicgep/app?component=%24DirectLink&page=Home&service=direct&session=T&sp=S3%2FmDw2vqpBal7UzVfXcJMg%3D%3D
Goa,"Annual Maintenance and Housekeeping including Mess Facilities for Girls Hostel Building at Govt. College of Arts, Science and Commerce Khandola, Ponda Goa (for period of 6 months)",PWD/DIVISION XVI (BC)/TS/11/2026-2027 Line 01,04-Sep-2026 05:00 PM,07-Sep-2026 10:00 AM,https://eprocure.goa.gov.in/nicgep/app/nicgep/app?component=%24DirectLink&page=Home&service=direct&session=T&sp=SHL3tmdIU3%2B%2B5hkGHRIik8w%3D%3D
Goa,Development of Open Space near MIBK School at Khandepar in Ward No. 02 in V.P. Curti-Khandepar in,DRDA-S/EW/GGSY/2026-2027/665,16-Sep-2026 11:00 AM,17-Sep-2026 12:00 PM,https://eprocure.goa.gov.in/nicgep/app/nicgep/app?component=%24DirectLink&page=Home&service=direct&session=T&sp=SPc7Cb7go0hq8x4y%2BX0PMrQ%3D%3D
Goa,Renovation / Upgradation of existing Crematorium in Ward No. 5 through DRDA (South Goa) at Savoi Verem in V.P. Verem-Vaghurme in Priol Constituency,DRDA-S/EW/GGSY/2026-2027/665,16-Sep-2026 11:00 AM,17-Sep-2026 12:00 PM,https://eprocure.goa.gov.in/nicgep/app/nicgep/app?component=%24DirectLink&page=Home&service=direct&session=T&sp=SDV8OQJfuhgVwIL%2FNc8E8OA%3D%3D
Goa,Construction of Steps and Pathway near Sachin Gaude house at Panchame in V.P. Veling-Priol-Cuncoliem in Priol Constituency,DRDA-S/EW/GGSY/2026-2027/665,16-Sep-2026 11:00 AM,17-Sep-2026 12:00 PM,https://eprocure.goa.gov.in/nicgep/app/nicgep/app?component=%24DirectLink&page=Home&service=direct&session=T&sp=SUnqd0Tbc4gO7EI9N0msgkg%3D%3D
Goa,"Improvement with hotmixing of Rural Roads for length of 1.775 K.Ms, painting of kerb stone and parapet wall, laying of pavers from Taleigao Junction to Croma, Magsons store, Fern Residency in Taleigao Constituency in Tiswadi Taluka.",PWD/DIV II/R/F-1/ASW/2026-27/15/Line3,03-Sep-2026 06:00 PM,04-Sep-2026 10:00 AM,https://eprocure.goa.gov.in/nicgep/app/nicgep/app?component=%24DirectLink&page=Home&service=direct&session=T&sp=SrwEH3aqnJmGY1htUNUo3bQ%3D%3D
Goa,Design     Supply     Installation and Commissioning of a Variable Frequency Drive for 3 nos   of 20 HP pump intergrated with pressure based feedback at Chicalim near cottage hospital in Dabolim Constituency,DDW IV/2062/13/2026-27    line18,07-Sep-2026 03:00 PM,10-Sep-2026 10:30 AM,https://eprocure.goa.gov.in/nicgep/app/nicgep/app?component=%24DirectLink&page=Home&service=direct&session=T&sp=Szsg6YTYRW4TgKWvGsFotfQ%3D%3D
Goa,Maintenance of Water Supply System     Repairs     Servicing and replacement of worn out  damaged parts of On load Tap Changers of 33 KV  3  3 KV     2000KVA     Transformer at Verna Pumping Station,DDW IV/2062/13/2026-27    line20,07-Sep-2026 03:00 PM,10-Sep-2026 10:30 AM,https://eprocure.goa.gov.in/nicgep/app/nicgep/app?component=%24DirectLink&page=Home&service=direct&session=T&sp=ShWWM0E6dYReV%2FSjBrAThlg%3D%3D
Goa,Improvement and hotmixing of urban roads for length of 6.672 K.Ms and drains for length of 0.15 K.Ms on left out roads in Taleigao Constituency of Tiswadi Taluka.,PWD/DIV II/R/F-1/ASW/2026-27/15/Line2,10-Sep-2026 06:00 PM,11-Sep-2026 10:00 AM,https://eprocure.goa.gov.in/nicgep/app/nicgep/app?component=%24DirectLink&page=Home&service=direct&session=T&sp=Si%2BNtJRg9OceB%2BQKpgxTbEQ%3D%3D
Goa,Supplying Installation of Automation system for Auto operation of Sluice valves for existing pumps located at LI scheme III at chainage 17.240km at Nagzar in Pernem Taluka,WRD/WDVII/2026-27/TN-09/L2,08-Sep-2026 10:00 AM,09-Sep-2026 11:30 AM,https://eprocure.goa.gov.in/nicgep/app/nicgep/app?component=%24DirectLink&page=Home&service=direct&session=T&sp=Sx96uj5mLXVs2LlYs2kXteQ%3D%3D
Goa,"Improvement and hotmixing of urban roads for length of 6.426 K.Ms, laying of pavers for length of 0.135 K.Ms and drains for length of 0.45 K.Ms in La Marvel Colony and other leftout roads in Taleigao Constituency of Tiswadi Taluka.",PWD/DIV II/R/F-1/ASW/2026-27/15/Line1,10-Sep-2026 06:00 PM,11-Sep-2026 10:00 AM,https://eprocure.goa.gov.in/nicgep/app/nicgep/app?component=%24DirectLink&page=Home&service=direct&session=T&sp=SJiSNeiXUb5Q8YH0Dnw%2B8xw%3D%3D
Haryana,Campa New Forestry Works Bichpari Block,Campa New Forestry Works Bichpari Block,04-Sep-2026 03:00 PM,04-Sep-2026 04:00 PM,https://etenders.hry.nic.in/nicgep/app/nicgep/app?component=%24DirectLink&page=Home&service=direct&session=T&sp=SKuGgSRhjgSacO1FVxJr4Cg%3D%3D
Haryana,Construction of Retaining wall/Protection wall between Narwana Branch and SYL Canal at RD 192000 downstream of syphon,20268884F5CE 01B4 4A2E A8A4 9B38285D8C85143IRR,07-Sep-2026 11:00 AM,07-Sep-2026 11:00 AM,https://etenders.hry.nic.in/nicgep/app/nicgep/app?component=%24DirectLink&page=Home&service=direct&session=T&sp=Ss6V6gmg7RzajyBHJTyDDRQ%3D%3D
Haryana,Repairing of Damaged/washed patches both side lining of SYL Canal from Km 2 to 3 km and construction of protection works at d/s of regulator near RD 1.85km both side of SYL canal,2026D363D9DD 0C69 4781 8CA1 15C739EDFC17143IRR,07-Sep-2026 11:00 AM,07-Sep-2026 11:00 AM,https://etenders.hry.nic.in/nicgep/app/nicgep/app?component=%24DirectLink&page=Home&service=direct&session=T&sp=SnmZ6BEeuSYJMXi6r4WHjoA%3D%3D
Haryana,Campa New Forestry Works Gohana Block,Campa New Forestry Works Gohana Block,04-Sep-2026 03:00 PM,04-Sep-2026 04:00 PM,https://etenders.hry.nic.in/nicgep/app/nicgep/app?component=%24DirectLink&page=Home&service=direct&session=T&sp=SJZEnaYz1kDJGUc%2FYaS4WVw%3D%3D
Haryana,Amtc of EPHS in sector 18 U...,2026D898715E 20E7 40D5 9AB9 7EDD761C2A21240HSV,04-Sep-2026 03:00 PM,07-Sep-2026 10:00 AM,https://etenders.hry.nic.in/nicgep/app/nicgep/app?component=%24DirectLink&page=Home&service=direct&session=T&sp=SdtQCen3vMO0v0BsGA8IxfQ%3D%3D
Haryana,Amtc of EPHS in sector 20 U...,202615F86326 E305 46BE B5D7 D3DDDD230C32240HSV,04-Sep-2026 03:00 PM,07-Sep-2026 10:00 AM,https://etenders.hry.nic.in/nicgep/app/nicgep/app?component=%24DirectLink&page=Home&service=direct&session=T&sp=S1DtNQrLtMO%2F%2B6CeCbEX5Og%3D%3D
Haryana,Amtc of EPHS in sector 24 U...,20268AFF332C F7C5 43E5 850F 0A5376180DE6240HSV,04-Sep-2026 03:00 PM,07-Sep-2026 10:00 AM,https://etenders.hry.nic.in/nicgep/app/nicgep/app?component=%24DirectLink&page=Home&service=direct&session=T&sp=S%2FlbUnnpm1DIapWq86JFCOA%3D%3D
Haryana,Amtc of EPHS in sector 13 U...,2026ECCABB93 7EE5 4134 87C6 9DD85DBE2527240HSV,04-Sep-2026 03:00 PM,07-Sep-2026 10:00 AM,https://etenders.hry.nic.in/nicgep/app/nicgep/app?component=%24DirectLink&page=Home&service=direct&session=T&sp=SH9sfC5xpSLV%2Fxlw1Vrhw5w%3D%3D
Haryana,Amtc of EPHS in sector 7 UE...,202664433F99 53CD 4F8B 99EF 4B2DA6EB4F58240HSV,04-Sep-2026 03:00 PM,07-Sep-2026 10:00 AM,https://etenders.hry.nic.in/nicgep/app/nicgep/app?component=%24DirectLink&page=Home&service=direct&session=T&sp=SL7eCUynIw62q0ds9bn1RXg%3D%3D
Haryana,Amtc of EPHS in sector 20 U...,20268F57EA87 041F 4CB5 80DF 68F0D029B52D240HSV,04-Sep-2026 03:00 PM,07-Sep-2026 10:00 AM,https://etenders.hry.nic.in/nicgep/app/nicgep/app?component=%24DirectLink&page=Home&service=direct&session=T&sp=S9o7FE0jbGPEwubBZ57Xexg%3D%3D
Himachal Pradesh,Construction of Nature Park  at Damtal (Indora) NH 44,2994-3023 dated 19.08.2026,06-Sep-2026 05:00 PM,07-Sep-2026 11:00 AM,https://hptenders.gov.in/nicgep/app/nicgep/app?component=%24DirectLink&page=Home&service=direct&session=T&sp=SbJWLPYzhNAYsujWBT5Pf%2Bg%3D%3D
Himachal Pradesh,"CO sewerage and sullage waste line from nursing Hostel and kitchen to M.C. main line  disposal of waste. SH Earthwork, sewerage line work behind hospital kitchen and wood work in hospital store etc.",SD-III-9219-34dt.26-08-2026,07-Sep-2026 09:00 AM,07-Sep-2026 09:30 AM,https://hptenders.gov.in/nicgep/app/nicgep/app?component=%24DirectLink&page=Home&service=direct&session=T&sp=SerTDW068HvPaQuhpub1k9A%3D%3D
Himachal Pradesh,C/O Ambulance road from the house of Shri Inderjeet to Badla Nalla in G.P. Kotlu,6300-08 dated 25.08.26,04-Sep-2026 06:00 PM,05-Sep-2026 11:00 AM,https://hptenders.gov.in/nicgep/app/nicgep/app?component=%24DirectLink&page=Home&service=direct&session=T&sp=S4w8%2BSrBysoZfl4gb16oIWQ%3D%3D
Himachal Pradesh,Repair of Administrative Block in Govt. Polytechnic Talwar,6300-08 dated 25.08.26,04-Sep-2026 06:00 PM,05-Sep-2026 11:00 AM,https://hptenders.gov.in/nicgep/app/nicgep/app?component=%24DirectLink&page=Home&service=direct&session=T&sp=SgKWXkmevUDY3bEQA1sX7Gg%3D%3D
Himachal Pradesh,M/T on Tail control to  Dhaneshwari   road km 0/0 to  0/950,PW-SNR-Tender-5921-31 dt 27.08.26,07-Sep-2026 10:00 AM,07-Sep-2026 11:00 AM,https://hptenders.gov.in/nicgep/app/nicgep/app?component=%24DirectLink&page=Home&service=direct&session=T&sp=SUyWZT%2BYMtK2IxMi1QO63Kg%3D%3D
Himachal Pradesh,AR  MO to residential buildings under Division No.III Shimla. SH Repair of Sewerage line of Ellerslie Cottage  Ellerslie Lodge and Spring Field qtrs. at Chotta Shimla.,SD-III-9219-34dt.26-08-2026,07-Sep-2026 09:00 AM,07-Sep-2026 09:30 AM,https://hptenders.gov.in/nicgep/app/nicgep/app?component=%24DirectLink&page=Home&service=direct&session=T&sp=SEgoPOvtgZbE86BttoPs5gw%3D%3D
Himachal Pradesh,Repair renovation to various  Residential Buildings under Division No III Shimla  SH Renovation of set No C 2 type II at new MLA Qtrs under Peter Hoff section.,SD-III-9219-34dt.26-08-2026,07-Sep-2026 09:00 AM,07-Sep-2026 09:30 AM,https://hptenders.gov.in/nicgep/app/nicgep/app?component=%24DirectLink&page=Home&service=direct&session=T&sp=SJe6XfzhbTqEF0el1%2BqNpZg%3D%3D
Himachal Pradesh,Periodical Maintenance on National Highway on Chandigarh Mandi Manali road,6623-29 dated 26-08-2026,05-Sep-2026 10:30 AM,05-Sep-2026 11:00 AM,https://hptenders.gov.in/nicgep/app/nicgep/app?component=%24DirectLink&page=Home&service=direct&session=T&sp=SzS%2FBmtUEvbup%2FO920jwsCw%3D%3D
Himachal Pradesh,"AR  MO to residential building under Shimla Division No.III Shimla. SH Painting, distempering works in new block type II qtrs. set No. 101 and repair of drain in Lok Bhawan Garden under Shimla Sub Division No.V.",SD-III-9219-34dt.26-08-2026,07-Sep-2026 09:00 AM,07-Sep-2026 09:30 AM,https://hptenders.gov.in/nicgep/app/nicgep/app?component=%24DirectLink&page=Home&service=direct&session=T&sp=SGvXPtUS3qvXfBpTGVXx%2BJQ%3D%3D
Himachal Pradesh,"C/O  Multistory Parking in front of Ramleela ground and over Ramleela ground at Reckong Peo in District Kinnaur (HP) (SH- Construction of  sitting steps, Steel works, flooring/Granite/Marble works, Stone soling, PCC and Plastering works, Protection w",PW/KNR/E-Tender/26-7546-60 dt. 25-8-2026,04-Sep-2026 06:30 PM,05-Sep-2026 11:30 AM,https://hptenders.gov.in/nicgep/app/nicgep/app?component=%24DirectLink&page=Home&service=direct&session=T&sp=SudeXwphrcPq2HOV%2BIgvcqA%3D%3D
Jammu Kashmir,Construction of protection bund near house of Mushtaq Ahmad Bhat and Farooz Ahmad Bhat and construction of lane from Ballar Road to house of Mohammad Ibrahim Bhat at Hazarpora Aripathan B,NIT_59_REW_Budgam_2026_27,09-Sep-2026 06:55 PM,10-Sep-2026 10:00 AM,https://jktenders.gov.in/nicgep/app/nicgep/app?component=%24DirectLink&page=Home&service=direct&session=T&sp=SYpcfmKDGu1HgDHXlVAeQJg%3D%3D
Jammu Kashmir,Construction internal lanes at Ganai mohalla Sadwani Iskandrapora,NIT_59_REW_Budgam_2026_27,09-Sep-2026 06:55 PM,10-Sep-2026 10:00 AM,https://jktenders.gov.in/nicgep/app/nicgep/app?component=%24DirectLink&page=Home&service=direct&session=T&sp=SXjekhkYTwsNajFPKI%2B7m2A%3D%3D
Jammu Kashmir,Construction of protection bund near land of Mohd Shafi Banday  others at Najan,NIT_59_REW_Budgam_2026_27,09-Sep-2026 06:55 PM,10-Sep-2026 10:00 AM,https://jktenders.gov.in/nicgep/app/nicgep/app?component=%24DirectLink&page=Home&service=direct&session=T&sp=S20BFytDbXbqRni%2FlKqTbeA%3D%3D
Jammu Kashmir,Construction of Tile Path from Main road to syed Tajdeen Astani Aaliya at Astanpora Iskandrapora,NIT_59_REW_Budgam_2026_27,09-Sep-2026 06:55 PM,10-Sep-2026 10:00 AM,https://jktenders.gov.in/nicgep/app/nicgep/app?component=%24DirectLink&page=Home&service=direct&session=T&sp=SIsL4N%2FsNCyV89n%2B9Sdt%2FWA%3D%3D
Jammu Kashmir,Construction of drain from Chopan Mohalla Masjid to house of Syed Abdul Hassan and P bund near Darasgah Kalipora Nursingpora,NIT_59_REW_Budgam_2026_27,09-Sep-2026 06:55 PM,10-Sep-2026 10:00 AM,https://jktenders.gov.in/nicgep/app/nicgep/app?component=%24DirectLink&page=Home&service=direct&session=T&sp=SvWGrSLk0ol%2Bkwa%2F1ocBK6g%3D%3D
Jammu Kashmir,Construction of P Bund from main road to house of Mangat singh and main gate Gurudwara Nursingpora,NIT_59_REW_Budgam_2026_27,09-Sep-2026 06:55 PM,10-Sep-2026 10:00 AM,https://jktenders.gov.in/nicgep/app/nicgep/app?component=%24DirectLink&page=Home&service=direct&session=T&sp=Sx3TH3RCjzacfQBaSlVUB%2FA%3D%3D
Jammu Kashmir,Upgradation of road from main road to Bun Poounchgund road at Bani at Poounchgund,NIT_59_REW_Budgam_2026_27,09-Sep-2026 06:55 PM,10-Sep-2026 10:00 AM,https://jktenders.gov.in/nicgep/app/nicgep/app?component=%24DirectLink&page=Home&service=direct&session=T&sp=SFwXYjO%2FZFreu%2BWIs9eCG3g%3D%3D
Jammu Kashmir,Construction of protection bund near the house of Jana Begum and others at backside of High School Aripathan B,NIT_59_REW_Budgam_2026_27,09-Sep-2026 06:55 PM,10-Sep-2026 10:00 AM,https://jktenders.gov.in/nicgep/app/nicgep/app?component=%24DirectLink&page=Home&service=direct&session=T&sp=SGXEOfBa0O5uIiidI7GktBA%3D%3D
Jammu Kashmir,Macadamization of Basohli-Bani road to Baba Raja Mandlik Rehan falling in Basohli Rural Panchayat including link road Rehan Mandla Chanchloo Mata ji Km 5th to 7th (Under City and Town Capex Budget 2026-27).,e-NIT No.70 of 2026-27 Dated 29-08-2026,07-Sep-2026 04:00 PM,08-Sep-2026 12:00 PM,https://jktenders.gov.in/nicgep/app/nicgep/app?component=%24DirectLink&page=Home&service=direct&session=T&sp=SZ00eM83V4oaMluXcTBGs0w%3D%3D
Jammu Kashmir,Construction of fencing near graveyard Masjid Sharif Dangar Mohalla Nallah at Nigloo Poounchgund,NIT_59_REW_Budgam_2026_27,09-Sep-2026 06:55 PM,10-Sep-2026 10:00 AM,https://jktenders.gov.in/nicgep/app/nicgep/app?component=%24DirectLink&page=Home&service=direct&session=T&sp=SOgwEkSS3nZ%2BEFp6Ln24k2w%3D%3D
Jharkhand,CONSTRUCTION OF PRE FABRICATED 2ACR IN PRIMARY SCHOOL BALAK CHOURA DAHARLANGI GHOPDIHA AND KAMALDIHA IN PATHARGAMA  BLOCK GODDA DISTRICT.,RWD/SD/GODDA/18/2026-27 (Group No 05),05-Sep-2026 05:00 PM,07-Sep-2026 02:00 PM,https://jharkhandtenders.gov.in/nicgep/app/nicgep/app?component=%24DirectLink&page=Home&service=direct&session=T&sp=S6iV%2BMTarItdan9KtrD5oXg%3D%3D
Jharkhand,CONSTRUCTION OF PRE FABRICATED 2ACR IN PRIMARY SCHOOL BAISADHI BILARI HARIJAN TOLA FASIYA DANGAL AND RANGMATIYA IN GODDA  BLOCK GODDA DISTRICT,RWD/SD/GODDA/18/2026-27 (Group No 03),05-Sep-2026 05:00 PM,07-Sep-2026 02:00 PM,https://jharkhandtenders.gov.in/nicgep/app/nicgep/app?component=%24DirectLink&page=Home&service=direct&session=T&sp=SoaMhHSr8RPuqr7l0mkEiWw%3D%3D
Jharkhand,CONSTRUCTION OF PRE FABRICATED 2ACR IN PRIMARY SCHOOL BAHELIYACHACK CHOTTA SARAIYA PORAIYA BAZAR  IN BOARIJORE BLOCK AND SABALPUR IN SUNDERPAHARI BLOCK GODDA DISTRICT,RWD/SD/GODDA/18/2026-27 (Group No 02),05-Sep-2026 05:00 PM,07-Sep-2026 02:00 PM,https://jharkhandtenders.gov.in/nicgep/app/nicgep/app?component=%24DirectLink&page=Home&service=direct&session=T&sp=SMHmEulLpDCzV2uQKjor2Hg%3D%3D
Jharkhand,"Construction of PCC Road in katras from railway fatak to selected colony and in different street  in ward no. 1, under DMC, Dhanbad.",DMC/25/2026-27,10-Sep-2026 03:00 PM,11-Sep-2026 03:00 PM,https://jharkhandtenders.gov.in/nicgep/app/nicgep/app?component=%24DirectLink&page=Home&service=direct&session=T&sp=S5wsh4MRaeLKFKp%2Fibl9XjA%3D%3D
Jharkhand,"Construction of RCC Drain and PCC Road in Kajubagan from Sahid Roj to Raja fal via Israfil house and its connecting drains and PCC road from MD Samim to Tahir Ali  and in different locations in ward 02, under DMC Dhanbad.",DMC/25/2026-27,10-Sep-2026 03:00 PM,11-Sep-2026 03:00 PM,https://jharkhandtenders.gov.in/nicgep/app/nicgep/app?component=%24DirectLink&page=Home&service=direct&session=T&sp=SFgBrPEUljyUiXHdp3ZGl%2Fg%3D%3D
Jharkhand,CONSTRUCTION OF PRE FABRICATED 2ACR IN PRIMARY SCHOOL BELAKITTA BALIKA DEOGHARAJAGIR LAXMIPUR  IN BASANTRAI BLOCK AND KOLUHA IN PATHARGAMA BLOCK GODDA DISTRICT.,RWD/SD/GODDA/18/2026-27 (Group No 01),05-Sep-2026 05:00 PM,07-Sep-2026 02:00 PM,https://jharkhandtenders.gov.in/nicgep/app/nicgep/app?component=%24DirectLink&page=Home&service=direct&session=T&sp=SqXJ%2FpNLt%2FkvlaPOacukwOQ%3D%3D
Jharkhand,"Engagement of Contractual workmen under skilled category to assist in operation and maintenance of both units and switchyard at SRHP, Sikidiri",39/PR/JUUNL/26-27,19-Sep-2026 05:30 PM,21-Sep-2026 04:00 PM,https://jharkhandtenders.gov.in/nicgep/app/nicgep/app?component=%24DirectLink&page=Home&service=direct&session=T&sp=STt8VqOaC5jeI%2BQCoKXsb7A%3D%3D
Jharkhand,"Consultancy services for preparation of DPR for(1)Peripheral road around Dhurwa Dam(2)Peripheral road around RIMS-II and a Connecting road from RIMS-II to Pithoria-Mesra road via Hosir,Ekamba,Ral and Sadkanadu(3)Dhurwa Post office,S.O to Sithiyo",RCD/FSD/AP/RAN/06/26-27,07-Sep-2026 04:00 PM,08-Sep-2026 04:30 PM,https://jharkhandtenders.gov.in/nicgep/app/nicgep/app?component=%24DirectLink&page=Home&service=direct&session=T&sp=SAVUMX0R9jWegGkjoXxOKHw%3D%3D
Jharkhand,"Construction of Animal Birth Control Centre Building of 50 Kennel Capacity at Kolakusma under DMC, Dhanbad",DMC/22/2026-27/01,08-Sep-2026 03:00 PM,09-Sep-2026 03:00 PM,https://jharkhandtenders.gov.in/nicgep/app/nicgep/app?component=%24DirectLink&page=Home&service=direct&session=T&sp=SDhZwM4i9cqYqEZdN5yFa3g%3D%3D
Jharkhand,"(2) Installation of New Lift in C.B.I. Building at Civil Court, Ranchi",BCD/Bld. Div. No.- 1-15/2026-27,05-Sep-2026 11:00 AM,07-Sep-2026 11:00 AM,https://jharkhandtenders.gov.in/nicgep/app/nicgep/app?component=%24DirectLink&page=Home&service=direct&session=T&sp=SPCSC%2BUlbdXCQVLEq0W992g%3D%3D
Kerala,GENERALInstallation of AC units at four class room cum lab halls and Directors room at APJ Abdulkalam Technological University CET Campus Thiruvannathapuram Electrical AC Work,ESDT/ET-86/2026-27,05-Sep-2026 06:00 PM,07-Sep-2026 11:00 AM,https://etenders.kerala.gov.in/nicgep/app/nicgep/app?component=%24DirectLink&page=Home&service=direct&session=T&sp=ScnfZ%2FtArt%2FBe9c182EgXEQ%3D%3D
Kerala,Thottakad Watershed Phase IV LSS scheme,SOIL/DSSSC/19/2026-2027,09-Sep-2026 04:00 PM,11-Sep-2026 03:00 PM,https://etenders.kerala.gov.in/nicgep/app/nicgep/app?component=%24DirectLink&page=Home&service=direct&session=T&sp=ShTqLTNAbSboKB%2FBCYUemdg%3D%3D
Kerala,Annual Plan-2026-27 Kalikav GP-Proj. No 187/27-Chathurappalli SC Colony Water Logging Re-Concrete Ayyoob Khan Road (MGR - 4L) Ward 6,02/TN/AE/LIDEW/KKV/26-27,07-Sep-2026 06:00 PM,09-Sep-2026 10:00 AM,https://etenders.kerala.gov.in/nicgep/app/nicgep/app?component=%24DirectLink&page=Home&service=direct&session=T&sp=SGhyw0feh%2Bt1zgvFbNKXb9Q%3D%3D
Kerala,Annual Plan-2026-27 Kalikav GP-Proj. No 189/27-Michabhoomi Pallippadam Road Water Logging Rectification (MGR - 2.50L) Ward 4-,02/TN/AE/LIDEW/KKV/26-27,07-Sep-2026 06:00 PM,09-Sep-2026 10:00 AM,https://etenders.kerala.gov.in/nicgep/app/nicgep/app?component=%24DirectLink&page=Home&service=direct&session=T&sp=SvDJrogJDRlxZyueSGl7mdQ%3D%3D
Kerala,Installation of   Solar Power  Fencing  (300mtr) at Kundoormedu   in Charpa Range  during 2026-27,38/26-27,09-Sep-2026 06:00 PM,11-Sep-2026 11:00 AM,https://etenders.kerala.gov.in/nicgep/app/nicgep/app?component=%24DirectLink&page=Home&service=direct&session=T&sp=Ss1HUG5SeNUDtja2TK4Uixg%3D%3D
Kerala,Annual Plan-Iritty Municipality Pro. No.170/27- Construction of Parayanadu Anganavadi - Electrification,AE/ITY/TEN/2/26-27,03-Sep-2026 06:00 PM,04-Sep-2026 11:00 AM,https://etenders.kerala.gov.in/nicgep/app/nicgep/app?component=%24DirectLink&page=Home&service=direct&session=T&sp=SEB2p6UxviyWDF1l3exvrXQ%3D%3D
Kerala,"MOE4-KSMART-2402926/2024, Construction of Karanakkodam Bridge Connecting Kathrikadavu pipe line road Aproch road, General Civil Work, RETENDER",MOE2-KSMART-54835/2025,07-Sep-2026 06:00 PM,08-Sep-2026 04:00 PM,https://etenders.kerala.gov.in/nicgep/app/nicgep/app?component=%24DirectLink&page=Home&service=direct&session=T&sp=SovgqFI94u1uPjllrZWMXCg%3D%3D
Kerala,KIIFB-KRFB- Urgent Rectification at Convent junction in Nileswaram Edathod Road between KM 0/150 to 0/300-General Civil Work,PWD/KR/TR/11342/2026_5_1_1/1,05-Sep-2026 06:00 PM,09-Sep-2026 02:00 PM,https://etenders.kerala.gov.in/nicgep/app/nicgep/app?component=%24DirectLink&page=Home&service=direct&session=T&sp=S30YO1vLztoiDl%2BjQZTbbZw%3D%3D
Kerala,"MOE5-KSMART-1142862/2026, Dismantling the Damaged Lamp post in Opposite of Vettukattil Textiles, MG road, General Electrical Work, TENDER",MOE2-KSMART-54835/2025,07-Sep-2026 06:00 PM,08-Sep-2026 04:00 PM,https://etenders.kerala.gov.in/nicgep/app/nicgep/app?component=%24DirectLink&page=Home&service=direct&session=T&sp=Sj96aVos8MlyaYa9N1%2BvBVQ%3D%3D
Kerala,"MOE4-KSMART-4372282/2026, Maintenance of OLD AGE home in DIV-53, General Civil Work, RETENDER",MOE2-KSMART-54835/2025,07-Sep-2026 06:00 PM,08-Sep-2026 04:00 PM,https://etenders.kerala.gov.in/nicgep/app/nicgep/app?component=%24DirectLink&page=Home&service=direct&session=T&sp=S874Ypvf0YN4Lf%2BQb448ItA%3D%3D
Lakshadweep,Consultancy for Design of a Marine FRP Maldives Model Pole and Line Deep Sea Fishing Vessel,LD-19001(10)/10/2026-Fisheries,05-Sep-2026 04:30 PM,05-Sep-2026 05:00 PM,https://tendersutl.gov.in/nicgep/app/nicgep/app?component=%24DirectLink&page=Home&service=direct&session=T&sp=SVKFtArRGFq0iKb5f%2FhWNig%3D%3D
Lakshadweep,BOQ for Thilakkam,LDCL/Manning/Empanelment/2026,31-Aug-2026 06:00 PM,31-Aug-2026 06:30 PM,https://tendersutl.gov.in/nicgep/app/nicgep/app?component=%24DirectLink&page=Home&service=direct&session=T&sp=SdmeyzgZNE5lIj9oUzWiZIg%3D%3D
Lakshadweep,HANDLING AND TRANSPORTATION OF HSD /LUBE OIL FILLED / EMPTY BARRELS AND ALLIED WORKS AT KALPENI ISLAND,F.No.07/1/2026-Ele/Klp,14-Sep-2026 12:00 PM,14-Sep-2026 03:30 PM,https://tendersutl.gov.in/nicgep/app/nicgep/app?component=%24DirectLink&page=Home&service=direct&session=T&sp=SH3TWQWq4EqhRyIf9wfs28w%3D%3D
Lakshadweep,"Comprehensive Acoustic Enclosure for Power House, Kavaratti.",LD-42005/15/2026-LED- ELECTRICITY dated 24 08 2026,23-Sep-2026 01:00 PM,23-Sep-2026 02:00 PM,https://tendersutl.gov.in/nicgep/app/nicgep/app?component=%24DirectLink&page=Home&service=direct&session=T&sp=SKttQSpGSwFEmy5M279S0Vg%3D%3D
Lakshadweep,Supply of Genuine Spares for Cummins KTA 19 G9 Engine,LD-42002/22/2020-ELEC DIVISION-UT-LKS/995 dated 20 08 2026,07-Sep-2026 03:00 PM,08-Sep-2026 03:00 PM,https://tendersutl.gov.in/nicgep/app/nicgep/app?component=%24DirectLink&page=Home&service=direct&session=T&sp=SGOpu3OFMhUNZqA0Nid333g%3D%3D
Lakshadweep,"Design, Engineering, Manufacture, Supply, Transportation, Installation, Testing and Commissioning of Modified ISO Shipping Container Accommodation Modules Including Civil, Electrical and Plumbing Works at Bangaram Island (Revised)",NIT No. 05/NIT/EE Kvt/2026-27,31-Aug-2026 03:00 PM,31-Aug-2026 03:30 PM,https://tendersutl.gov.in/nicgep/app/nicgep/app?component=%24DirectLink&page=Home&service=direct&session=T&sp=SdBH872mpP%2FJHTOFeg9LoVw%3D%3D
Lakshadweep,Running and Maintenance of LTTD Plant at Amini Island in the Union Territory of Lakshadweep for a period of 2 Two years,72/EE/LPWD/AMN/2026,31-Aug-2026 11:00 AM,31-Aug-2026 03:00 PM,https://tendersutl.gov.in/nicgep/app/nicgep/app?component=%24DirectLink&page=Home&service=direct&session=T&sp=S8DZDe2mqntIZ5qltXodDJg%3D%3D
Lakshadweep,Fabrication and Supply of 160 numbers of Rafts suitable for growing corals for the Department of Environment and Forest,F.No.LD/4/2026-R and D-E and F/863,08-Sep-2026 03:00 PM,08-Sep-2026 03:30 PM,https://tendersutl.gov.in/nicgep/app/nicgep/app?component=%24DirectLink&page=Home&service=direct&session=T&sp=S1rcd37FVOTVvm%2BFgR5W%2BmA%3D%3D
Lakshadweep,Supply of XLPE UG cable of size 3 1/2 x 70 Sqmm and 3 1/2 x 120 Sqmm to Lakshadweep Electricity Department,F.No.66/06/03/2025/ELE Dated 18.08.2026,09-Sep-2026 12:00 PM,10-Sep-2026 04:00 PM,https://tendersutl.gov.in/nicgep/app/nicgep/app?component=%24DirectLink&page=Home&service=direct&session=T&sp=SUYf7waHYXbcpFcAZtRevPA%3D%3D
Lakshadweep,Re-Alignment of CC Road near JBS Chemmacheri at Androth Island,NIT No. 07/NIT/EE Kvt/2026-27,07-Sep-2026 03:00 PM,07-Sep-2026 03:30 PM,https://tendersutl.gov.in/nicgep/app/nicgep/app?component=%24DirectLink&page=Home&service=direct&session=T&sp=SJ6oFB2vjd5qWmLYk0o49lQ%3D%3D
Maharashtra,"Supply, Installation Commission and Testing of Fully Automatic Seed Processing Unit 3 TPH",SMART/SGL/SHIV/GOODS/35/2026,09-Sep-2026 03:00 PM,10-Sep-2026 02:00 PM,https://mahatenders.gov.in/nicgep/app/nicgep/app?component=%24DirectLink&page=Home&service=direct&session=T&sp=SFBFkCf%2FhdA%2B0qJXp5mr%2BOQ%3D%3D
Maharashtra,Item No.11 For Supply of THIRAM (WITH ISI MARK),MSSC/PMW/2026-2027/01,15-Sep-2026 03:00 PM,16-Sep-2026 03:00 PM,https://mahatenders.gov.in/nicgep/app/nicgep/app?component=%24DirectLink&page=Home&service=direct&session=T&sp=S6R2QT7tdyXHFDuPNJ0CKew%3D%3D
Maharashtra,"Item No.08 For Supply of PRINTED BOTH SIDES BOPP POLY LAMINATED PP BAGS 3 SIZES (WOVEN SACK) GUSSETED BAG, SIZE 73.60 x 55.90 cm (29 X 22 inches), SIZE  78.70 x 50.80 cm (31 x 20) AND SIZE 61 x 43 cm (24 X 17 inches)",MSSC/PMW/2026-2027/01,15-Sep-2026 03:00 PM,16-Sep-2026 03:00 PM,https://mahatenders.gov.in/nicgep/app/nicgep/app?component=%24DirectLink&page=Home&service=direct&session=T&sp=S6fUxvJDnDd3pECsIeb12WA%3D%3D
Maharashtra,Item No.04 For Supply of PRINTED POLYESTER POLY POUCHES (WITH D PUNCH) (CYLINDERS NOT AVAILABLE),MSSC/PMW/2026-2027/01,15-Sep-2026 03:00 PM,16-Sep-2026 03:00 PM,https://mahatenders.gov.in/nicgep/app/nicgep/app?component=%24DirectLink&page=Home&service=direct&session=T&sp=Svi65uFWW2SASY%2BcxNdS%2FIQ%3D%3D
Maharashtra,Item No.09 For Supply of PRINTED ONE SIDE BOPP POLY LAMINATED HDPE BAGS (WOVEN SACK) SIZE 81.5 x 53 cm (32 X 21 inches) (FINISHED),MSSC/PMW/2026-2027/01,15-Sep-2026 03:00 PM,16-Sep-2026 03:00 PM,https://mahatenders.gov.in/nicgep/app/nicgep/app?component=%24DirectLink&page=Home&service=direct&session=T&sp=SECk7k7O%2BnHvFxidgIxIOdg%3D%3D
Maharashtra,"Item No.07 For Supply of PRINTED HDPE BAGS (WOVEN SACK) (HD) (FINISHED) SIZE 86.5 x 56 cm (34 X 22 inches), SIZE 81.5 x 53 cm (32 X 21 inches) AND SIZE 71 x 43 cm (28 X 17 inches)",MSSC/PMW/2026-2027/01,15-Sep-2026 03:00 PM,16-Sep-2026 03:00 PM,https://mahatenders.gov.in/nicgep/app/nicgep/app?component=%24DirectLink&page=Home&service=direct&session=T&sp=SqqukI4FIA%2FmVOgLdsDyFHQ%3D%3D
Maharashtra,Item No.06 Supply of PRINTED ANTISKID HDPE BAGS (ANTI-SLIP WEAVE PATTERN) (WOVEN SACKS) (HD) (FINISHED) SIZE - 81.5 X 53 CM (32 X 21 inches) SIZE - 96.5 X 61 CM (38 X 24 inches),MSSC/PMW/2026-2027/01,15-Sep-2026 03:00 PM,16-Sep-2026 03:00 PM,https://mahatenders.gov.in/nicgep/app/nicgep/app?component=%24DirectLink&page=Home&service=direct&session=T&sp=SbHxxjrBbdc87qns3UDfFdA%3D%3D
Maharashtra,Retender for Supply Of Grocery Items,SVT/373,07-Sep-2026 05:00 PM,09-Sep-2026 02:00 PM,https://mahatenders.gov.in/nicgep/app/nicgep/app?component=%24DirectLink&page=Home&service=direct&session=T&sp=SlEOQKk%2BPL3Sw0Tkmp%2FPXEw%3D%3D
Maharashtra,SUPPLY VARIOUS TYPE CONSTRUCTION MATERIAL AT GP.,ZPB/PSLAKHNI/GP SAWARI/ET1/MT/2026-27,05-Sep-2026 06:00 PM,07-Sep-2026 10:00 AM,https://mahatenders.gov.in/nicgep/app/nicgep/app?component=%24DirectLink&page=Home&service=direct&session=T&sp=SiKTtPflze%2BTklvICQ00Vdg%3D%3D
Maharashtra,PANIPURVTHA VIBHAG DAINANDIN DEKHBHAL DURUSTIKARITA AVASHYAK KAST AAYARN FIRE HAYDRENT SET PURAVINE.,PMC/WATER_SUPPLY/2026/350,07-Sep-2026 02:30 PM,08-Sep-2026 03:00 PM,https://mahatenders.gov.in/nicgep/app/nicgep/app?component=%24DirectLink&page=Home&service=direct&session=T&sp=SpDLTGcqpDCrNqX0mvzOwFg%3D%3D
Madhya Pradesh,Construction/Beautification work of the park near Panchmukhi Hanuman Temple in New Shastri Nagar under Zone no. 01 Tripuri Ward No. 03,2026-27 PRO 489,24-Sep-2026 05:30 PM,25-Sep-2026 05:30 PM,https://mptenders.gov.in/nicgep/app/nicgep/app?component=%24DirectLink&page=Home&service=direct&session=T&sp=Si5OzXYNlFpC8EtNJs6fIoQ%3D%3D
Madhya Pradesh,Construction/Beautification work of the park near Shiv Mandir Rangmanch ahead of Shah Nala under Zone no. 01 Tripuri Ward No. 03,2026-27 PRO 489,24-Sep-2026 05:30 PM,25-Sep-2026 05:30 PM,https://mptenders.gov.in/nicgep/app/nicgep/app?component=%24DirectLink&page=Home&service=direct&session=T&sp=ShlbQvFAgaGqYJWg1W2PU5g%3D%3D
Madhya Pradesh,Construction/Beautification work of the park near Jogni Mata Temple under Zone no. 01 Tripuri Ward No. 03,2026-27 PRO 489,24-Sep-2026 05:30 PM,25-Sep-2026 05:30 PM,https://mptenders.gov.in/nicgep/app/nicgep/app?component=%24DirectLink&page=Home&service=direct&session=T&sp=SUs7IZazDCfSjINegG04vCg%3D%3D
Madhya Pradesh,Construction of first floor rooms and hall and other work in rajendra Prasad School in under Zone-03.  (5th   Call),2026-27 519,12-Sep-2026 05:30 PM,15-Sep-2026 09:00 AM,https://mptenders.gov.in/nicgep/app/nicgep/app?component=%24DirectLink&page=Home&service=direct&session=T&sp=S7JWAEXJWPs0ebsnnTMK1UA%3D%3D
Madhya Pradesh,FURNITURE POLISHING WORK,43/SAC/DT 17.8.2026,07-Sep-2026 06:00 PM,09-Sep-2026 11:00 AM,https://mptenders.gov.in/nicgep/app/nicgep/app?component=%24DirectLink&page=Home&service=direct&session=T&sp=SeM7vUU%2Fh1L4PEcKg3IgGoA%3D%3D
Madhya Pradesh,CIVIL WORK,44/SAC/DT 17.8.2026,07-Sep-2026 06:00 PM,09-Sep-2026 11:00 AM,https://mptenders.gov.in/nicgep/app/nicgep/app?component=%24DirectLink&page=Home&service=direct&session=T&sp=S0FCCqbXDfAktpEF5H6C%2FDw%3D%3D
Madhya Pradesh,CIVIL WORK,47/SAC/DT 17.8.2026,07-Sep-2026 06:00 PM,09-Sep-2026 11:00 AM,https://mptenders.gov.in/nicgep/app/nicgep/app?component=%24DirectLink&page=Home&service=direct&session=T&sp=SgAFADY8LXKJA02TjmI2vAg%3D%3D
Madhya Pradesh,CIVIL WORK,52/SAC/DT 18.8.2026,07-Sep-2026 06:00 PM,09-Sep-2026 11:00 AM,https://mptenders.gov.in/nicgep/app/nicgep/app?component=%24DirectLink&page=Home&service=direct&session=T&sp=Si429vK5TOfrE6ncYGWCMMg%3D%3D
Madhya Pradesh,CIVIL WORK,50/SAC/DT 17.8.2026,07-Sep-2026 06:00 PM,09-Sep-2026 11:00 AM,https://mptenders.gov.in/nicgep/app/nicgep/app?component=%24DirectLink&page=Home&service=direct&session=T&sp=SSqF5xEDgOF0sDJFG9jkotw%3D%3D
Madhya Pradesh,AIR CONDITIONING WORK,45/SAC/DT 17.8.2026,07-Sep-2026 06:00 PM,09-Sep-2026 11:00 AM,https://mptenders.gov.in/nicgep/app/nicgep/app?component=%24DirectLink&page=Home&service=direct&session=T&sp=StdJxR0eVUKWmUlhuvfUleA%3D%3D
Manipur,Independent Consultant External Monitoring Environmental Expert for Improvement of Roads within Imphal City with Rigid Pavement including Concrete Lined Drains,22/PD/EAP/MUR/PROC-EMEE/2026,11-Sep-2026 01:00 PM,11-Sep-2026 02:00 PM,https://manipurtenders.gov.in/nicgep/app/nicgep/app?component=%24DirectLink&page=Home&service=direct&session=T&sp=ShQ746N5vNURatr7PJ1rTyg%3D%3D
Manipur,"Upgradation of GNM School, Thoubal to College of Nursing, Thoubal.",No. 248/EE/H-1/ENGGCELL/HFW/,17-Sep-2026 12:00 PM,17-Sep-2026 04:00 PM,https://manipurtenders.gov.in/nicgep/app/nicgep/app?component=%24DirectLink&page=Home&service=direct&session=T&sp=ScXI4ZF9ykVSeTn9IOgqB%2Fg%3D%3D
Manipur,"Construction of Girls Hostel under PM-USHA 2025-26, Gender Inclusion and Equity Initiatives at S.Kula Womens College, Bishnupur,Manipur",EEW/T-15/2026-27/E-TENDER/01,15-Sep-2026 05:00 PM,16-Sep-2026 02:00 PM,https://manipurtenders.gov.in/nicgep/app/nicgep/app?component=%24DirectLink&page=Home&service=direct&session=T&sp=SB7qlFzaaywdVUxTJ0sZeyQ%3D%3D
Manipur,Outsource Security Personel- Semi-Skilled and Unskilled and Security Staffs for a period of 1(one) year Extendable as Per Requirement.,No.STKRC-101/2026/e-DST,16-Sep-2026 06:00 PM,24-Sep-2026 11:00 AM,https://manipurtenders.gov.in/nicgep/app/nicgep/app?component=%24DirectLink&page=Home&service=direct&session=T&sp=SbSlR1pfIzBMSRbvxxs4aQw%3D%3D
Manipur,"Selection of Service Provider for OPERATIONALIZATION OF 5(Five) PHCs in PPP Mode under NATIONAL HEALTH MISSION, MANIPUR",SHS-PPP0OTHR/1/2022-PM-SHS,09-Sep-2026 06:00 PM,10-Sep-2026 11:00 AM,https://manipurtenders.gov.in/nicgep/app/nicgep/app?component=%24DirectLink&page=Home&service=direct&session=T&sp=Su6yiA9RlKeluKRdsiOK5Ww%3D%3D
Manipur,Selection of Vendor for procurement and distribution of Nutritional Food Baskets to 1800 TB patients in Manipur,SHS-PROC0OTHR(6.5)/7/2026,08-Sep-2026 04:00 PM,09-Sep-2026 02:00 PM,https://manipurtenders.gov.in/nicgep/app/nicgep/app?component=%24DirectLink&page=Home&service=direct&session=T&sp=SQnD405Oa8yNa7h19FaXbaQ%3D%3D
Manipur,External water supply works at JNV Ukhrul-II (Manipur),04/MTDC/JNV-NIT/2026,01-Sep-2026 02:00 PM,01-Sep-2026 03:30 PM,https://manipurtenders.gov.in/nicgep/app/nicgep/app?component=%24DirectLink&page=Home&service=direct&session=T&sp=SiuKqVB0mDy2Yqvufp%2BozOA%3D%3D
Manipur,"Supply/renewal of Digital Signature Certificates for use in Manipur Civil Secretariat, which shall be valid for 2 (two) years.",Str-202/18/2022-GAD-GAD,04-Sep-2026 05:00 PM,07-Sep-2026 11:00 AM,https://manipurtenders.gov.in/nicgep/app/nicgep/app?component=%24DirectLink&page=Home&service=direct&session=T&sp=SWws%2FI8tncw04tmpf%2BUrA1Q%3D%3D
Manipur,Selection of Consultant for providing Consultancy and Transaction Advisory Services for Urban Flood Management Works at critical and flood-prone  zones within Imphal city.,CE/WRD/11-301/E-Tender/2026-27,31-Aug-2026 03:00 PM,31-Aug-2026 04:30 PM,https://manipurtenders.gov.in/nicgep/app/nicgep/app?component=%24DirectLink&page=Home&service=direct&session=T&sp=SYMrrImBVYDTs6MEfp3byJg%3D%3D
Manipur,E-TENDER FOR SUPPLY OF MEDICAL EQUIPMENT FOR SUPER SPECIALITY AND ASSURED SPECIALITY HEALTH CARE IN REMOTE AND HILL DISTICTS IN MANIPUR UNDER PM-DevINE SCHEME,101PMDEVINEPROJECTDHS2024,11-Sep-2026 01:00 PM,11-Sep-2026 02:00 PM,https://manipurtenders.gov.in/nicgep/app/nicgep/app?component=%24DirectLink&page=Home&service=direct&session=T&sp=SKRHeaWddzB2eCdGSvv3Ekw%3D%3D
Meghalaya,Construction of 1 No Office Building for Joint Director Zonal Officer and District Sericulture Officer RCC Double storied at Govt Sericulture Farm Araimile New Tura West Garo Hills District.,36 of 25-08-2026,17-Sep-2026 01:00 PM,17-Sep-2026 02:00 PM,https://meghalayatenders.gov.in/nicgep/app/nicgep/app?component=%24DirectLink&page=Home&service=direct&session=T&sp=Serp7k4mtX7WWaHrp%2Bso4lg%3D%3D
Meghalaya,Construction of Over Head Circular Main Clear Water Reservoir for Jakrem A B Water Supply Scheme.,No.CE/PHE/TB-257/2025-26/05,11-Sep-2026 02:00 PM,11-Sep-2026 03:00 PM,https://meghalayatenders.gov.in/nicgep/app/nicgep/app?component=%24DirectLink&page=Home&service=direct&session=T&sp=StG%2BGMLqj0tCoT8ufoKVxrw%3D%3D
Meghalaya,"Construction of District Bio Control Laboratory at Rymphum, Jowai, West Jaintia Hills District, Meghalaya",Tender Notice 2026-27/BCL- RYMPHUM,29-Sep-2026 01:00 PM,29-Sep-2026 03:00 PM,https://meghalayatenders.gov.in/nicgep/app/nicgep/app?component=%24DirectLink&page=Home&service=direct&session=T&sp=SGVCNxGLnKZCZgP579nXUvg%3D%3D
Meghalaya,"Construction of Farm Gate Market at Lawmei, Shilliang Um, East Khasi Hills District",Tender Notice 2026-27/Lawmei-Shillang Um,25-Sep-2026 01:00 PM,25-Sep-2026 03:00 PM,https://meghalayatenders.gov.in/nicgep/app/nicgep/app?component=%24DirectLink&page=Home&service=direct&session=T&sp=SBvLZfr2zFHTnaMRF8NKgxQ%3D%3D
Meghalaya,Construction of Amlarem Water Supply Scheme,CE/PHE/TB-344/2025-26/05,11-Sep-2026 02:00 PM,11-Sep-2026 03:30 PM,https://meghalayatenders.gov.in/nicgep/app/nicgep/app?component=%24DirectLink&page=Home&service=direct&session=T&sp=SWVI0wazMEZLmHQ9ZRugPXw%3D%3D
Meghalaya,"Rehabilitation and Strengthening of a road from Chokpot to Kharukol via Warima, Kenegre, Paromgre, Nokatgre, Meghalaya Length L  46.080 Km under NESIDS (Roads).",PW/NEC/T/4/2026/49,02-Sep-2026 11:00 AM,02-Sep-2026 01:00 PM,https://meghalayatenders.gov.in/nicgep/app/nicgep/app?component=%24DirectLink&page=Home&service=direct&session=T&sp=SPIJfl6wMs%2Ba%2FXeD4w2x7iA%3D%3D
Meghalaya,"Selection of Irrigation Service Provider (ISP) for the development of Pressurized Piped Irrigation Network (PPIN) and provision of irrigation services in Lyngkhoi FIP Cluster, Meghalaya under M-CADWM scheme",CE/WRD/MCAD/1719/2026-27/242,17-Sep-2026 02:00 PM,18-Sep-2026 03:00 PM,https://meghalayatenders.gov.in/nicgep/app/nicgep/app?component=%24DirectLink&page=Home&service=direct&session=T&sp=S1pkXu%2B%2FL4FGWGgMBtmvwZA%3D%3D
Meghalaya,Construction of Integrated District Agricultural and Horticultural Farmers Training Centre at Eastern West Khasi Hills District,33 of 11-08-2026,03-Sep-2026 01:00 PM,03-Sep-2026 02:00 PM,https://meghalayatenders.gov.in/nicgep/app/nicgep/app?component=%24DirectLink&page=Home&service=direct&session=T&sp=Sp7GrJD4%2BONSoLT%2Bkln74uA%3D%3D
Meghalaya,Construction of Integrated District Agricultural and Horticultural Farmers Training Centre at Baghmara South Garo Hills District,32 of 11-08-2026,03-Sep-2026 01:00 PM,03-Sep-2026 02:00 PM,https://meghalayatenders.gov.in/nicgep/app/nicgep/app?component=%24DirectLink&page=Home&service=direct&session=T&sp=SlZf4DIerFVFZO5wJQMT%2Bgw%3D%3D
Meghalaya,"Supply, Laying and Jointing of HT and LT Cables damaged due to forest fire for Greater Shillong Water Supply Scheme",CE/PHE/TB-12/2012-13/Pt-II/18,03-Sep-2026 01:00 PM,03-Sep-2026 02:30 PM,https://meghalayatenders.gov.in/nicgep/app/nicgep/app?component=%24DirectLink&page=Home&service=direct&session=T&sp=SiINQDmIRNjChf%2F%2BojwV%2B%2Fw%3D%3D
Nagaland,Operation and Maintenance of Inspection and Certification Centre at Dimapur,NO.TC/MV-118/24/2449-50,28-Sep-2026 01:30 PM,05-Oct-2026 11:30 AM,https://nagalandtenders.gov.in/nicgep/app/nicgep/app?component=%24DirectLink&page=Home&service=direct&session=T&sp=SGBZmct%2FHhVC4SwkL9XnrXg%3D%3D
Nagaland,Supply of IT and electronic equipment for 17 Lighthouse School Complexes,IN-DSE-556942-GO-RFB,24-Sep-2026 12:00 PM,24-Sep-2026 12:30 PM,https://nagalandtenders.gov.in/nicgep/app/nicgep/app?component=%24DirectLink&page=Home&service=direct&session=T&sp=SXve8UIkk0HKgwXcb5v5%2BKw%3D%3D
Nagaland,Supply and installation of furniture and fixtures in 17 Lighthouse School Complexes in 4 Packages,IN-DSE-561621-GO-RFB,24-Sep-2026 12:30 PM,24-Sep-2026 01:00 PM,https://nagalandtenders.gov.in/nicgep/app/nicgep/app?component=%24DirectLink&page=Home&service=direct&session=T&sp=SmxActkrFUJfFVeD%2F98Z9Sw%3D%3D
Nagaland,DBO 01 Comprehensive Water Supply Improvement Works for Chumoukedima Nagaland including 5 years of O and M,NO.UD/ADB-22/IFB/2026/04,07-Sep-2026 03:00 PM,07-Sep-2026 03:30 PM,https://nagalandtenders.gov.in/nicgep/app/nicgep/app?component=%24DirectLink&page=Home&service=direct&session=T&sp=SBhgobbFfimLqCMuK75W5wA%3D%3D
Odisha,Upgradation of CHC building at Sindhekela under Ama Hospital,CCE(R and B)BGR/02/2026-27,17-Sep-2026 06:55 PM,18-Sep-2026 11:00 AM,https://tendersodisha.gov.in/nicgep/app/nicgep/app?component=%24DirectLink&page=Home&service=direct&session=T&sp=SP8rIuhWGhNFI6AGQc4Kq5w%3D%3D
Odisha,E-Tender-cum-Auction  for leasing out of Gundichaghagi waterfall Tourist Spot,582/TDO/Dt.28.08.2026,17-Sep-2026 05:30 PM,21-Sep-2026 11:00 AM,https://tendersodisha.gov.in/nicgep/app/nicgep/app?component=%24DirectLink&page=Home&service=direct&session=T&sp=SmP6Ugm13A9zO%2BCy4Gi9c9A%3D%3D
Odisha,Construction of Higer Secondary School Building(New) at Rusuda High School Rusuda under bheden Block in the district of bargarh for the year 2025-26,ONLINE-RWCSBP-19/2026-27,09-Sep-2026 05:00 PM,10-Sep-2026 11:00 AM,https://tendersodisha.gov.in/nicgep/app/nicgep/app?component=%24DirectLink&page=Home&service=direct&session=T&sp=S47Tlg0pURB3Sk47GAXk7Lw%3D%3D
Odisha,Const. of Additional Class room at Mudrabeda Primary School,Bid ID No. 02 SEMID (KJR/ 2026-2027) Dt. 25.08.2026,08-Sep-2026 05:30 PM,09-Sep-2026 11:00 AM,https://tendersodisha.gov.in/nicgep/app/nicgep/app?component=%24DirectLink&page=Home&service=direct&session=T&sp=SmSvg5Tu%2FjXXkg63wSczB0g%3D%3D
Odisha,Development of basic tourism infrastructure facilities in respect of Ghatgaon Block (Rajabandh Tank),Bid ID No. 02 SEMID (KJR/ 2026-2027) Dt. 25.08.2026,08-Sep-2026 05:30 PM,09-Sep-2026 11:00 AM,https://tendersodisha.gov.in/nicgep/app/nicgep/app?component=%24DirectLink&page=Home&service=direct&session=T&sp=SGWIzkFjvnM%2BrRv6M3Ah9ZA%3D%3D
Odisha,Const. of Additional Class room at Banakand Primary School,Bid ID No. 02 SEMID (KJR/ 2026-2027) Dt. 25.08.2026,08-Sep-2026 05:30 PM,09-Sep-2026 11:00 AM,https://tendersodisha.gov.in/nicgep/app/nicgep/app?component=%24DirectLink&page=Home&service=direct&session=T&sp=SIM2yolftMXucN%2FRaamov%2Bw%3D%3D
Odisha,"Const. of Additional Class room at Govt. Primary school, Sanamasinabilla",Bid ID No. 02 SEMID (KJR/ 2026-2027) Dt. 25.08.2026,08-Sep-2026 05:30 PM,09-Sep-2026 11:00 AM,https://tendersodisha.gov.in/nicgep/app/nicgep/app?component=%24DirectLink&page=Home&service=direct&session=T&sp=Sc6r4GH1jvk4cBkIWB3JHgA%3D%3D
Odisha,Const. of Additional Class room at Arjunbilla Primary School,Bid ID No. 02 SEMID (KJR/ 2026-2027) Dt. 25.08.2026,08-Sep-2026 05:30 PM,09-Sep-2026 11:00 AM,https://tendersodisha.gov.in/nicgep/app/nicgep/app?component=%24DirectLink&page=Home&service=direct&session=T&sp=S86mb7G0yi%2FhiGMsyoVyCvA%3D%3D
Odisha,Construction of H.L. Bridge over Chelia Nallah at 1.40 Km (At Kathamunda) on Moudpur to Nidhibindha road in the District of Bhadrak under SBY for 2026-27.,CCE-BLS-NCB-10 of 2026-27,11-Sep-2026 01:00 PM,11-Sep-2026 05:00 PM,https://tendersodisha.gov.in/nicgep/app/nicgep/app?component=%24DirectLink&page=Home&service=direct&session=T&sp=SrQxPSZSpFekFmyf8KsyBWA%3D%3D
Odisha,Supply and laying of water supply pipe line from main source to reserve chamber point for Upper Jagar of GIOM in the district of Kendujhar.  (Under CSR Scheme). (Re-Tender),NIT No.24/OMC/CIVIL/2026,17-Sep-2026 05:00 PM,18-Sep-2026 11:00 AM,https://tendersodisha.gov.in/nicgep/app/nicgep/app?component=%24DirectLink&page=Home&service=direct&session=T&sp=SFWuPGa9DKzt1rf6Oc9zbkg%3D%3D
Puducherry,"Extension of sewerage facilities to the left out area opposite to Karuvadikuppam burial ground (Ramakrishna Math), Karuvadikuppam, Puducherry.",12/PHD/26-27/07,03-Sep-2026 04:00 PM,04-Sep-2026 11:00 AM,https://pudutenders.gov.in/nicgep/app/nicgep/app?component=%24DirectLink&page=Home&service=direct&session=T&sp=SJOBaiMpX%2Bt6IYtM5bp5ZYw%3D%3D
Puducherry,"Extension of 100 mm dia DI distribution pipe with house service connection at Ramakrishna Math campus     (opposite to Karuvadikuppam Crematorium), Puducherry",12/PHD/26-27/05,03-Sep-2026 04:00 PM,04-Sep-2026 11:00 AM,https://pudutenders.gov.in/nicgep/app/nicgep/app?component=%24DirectLink&page=Home&service=direct&session=T&sp=S3sAoQ6NDAbyD85CqgqlVbg%3D%3D
Puducherry,"Sinking a new tubewell, supply erection and commissioning of submersible motor with pumpset in T,S.No.20 near irrigation sluice dam, Kompakkam Eri Bund, Kuppampet, Kompakkam,  Puducherry.",12/PHD/26-27/04,03-Sep-2026 04:00 PM,04-Sep-2026 11:00 AM,https://pudutenders.gov.in/nicgep/app/nicgep/app?component=%24DirectLink&page=Home&service=direct&session=T&sp=SHCiIPr5GEwXU7kp5QzqJ3Q%3D%3D
Puducherry,"Providing facilities for commissioning the underground drainage system at Kosapalayam and surrounding areas (Zone-IV), Phase-III, Nellithope, Puducherry.",12/PHD/26-27/03,03-Sep-2026 04:00 PM,04-Sep-2026 11:00 AM,https://pudutenders.gov.in/nicgep/app/nicgep/app?component=%24DirectLink&page=Home&service=direct&session=T&sp=SOcniM%2FC43DE6NlDZWFu2Tw%3D%3D
Puducherry,"Providing facilities for commissioning the underground drainage system at Peter Nagar and surrounding areas (Zone-IV), Phase-II, Nellithope, Puducherry.",12/PHD/26-27/02,03-Sep-2026 04:00 PM,04-Sep-2026 11:00 AM,https://pudutenders.gov.in/nicgep/app/nicgep/app?component=%24DirectLink&page=Home&service=direct&session=T&sp=Sz26r6b8IOzsfyhgN8LeSOA%3D%3D
Puducherry,"Providing facilities for commissioning the underground drainage system at Anna Nagar and surrounding areas (Zone-IV), Phase-I, Nellithope, Puducherry.",12/PHD/26-27/01,03-Sep-2026 04:00 PM,04-Sep-2026 11:00 AM,https://pudutenders.gov.in/nicgep/app/nicgep/app?component=%24DirectLink&page=Home&service=direct&session=T&sp=S%2FbNOZ8BtDWQ5ZCjp5sTZ8g%3D%3D
Puducherry,"Replacement of existing damaged fully Automatic Auto transformer starter to Krishna Nagar OHT, Water works (North) section, Public Health Division, PWD, Puducherry.",12/PHD/26-27/06,03-Sep-2026 04:00 PM,04-Sep-2026 11:00 AM,https://pudutenders.gov.in/nicgep/app/nicgep/app?component=%24DirectLink&page=Home&service=direct&session=T&sp=SPNBOiAPPQb%2B%2FuUn7vylZAA%3D%3D
Puducherry,"Construction of Retaining wall at Ellaiamman Koil street in T.R.Pattinam, Karaikal",1/TRP-CP/E-tender/2026-27,09-Sep-2026 04:00 PM,10-Sep-2026 11:00 AM,https://pudutenders.gov.in/nicgep/app/nicgep/app?component=%24DirectLink&page=Home&service=direct&session=T&sp=S4xZnWbThcHcTNVY%2FjrI3%2FA%3D%3D
Puducherry,"ReConstruction of damaged compound wall at Primary Health Centre, Kalapet, Puducherry.",20/SBDI/2026-27/4,07-Sep-2026 04:00 PM,08-Sep-2026 10:30 AM,https://pudutenders.gov.in/nicgep/app/nicgep/app?component=%24DirectLink&page=Home&service=direct&session=T&sp=SnsVWU65MnL8b8zqB1kk4iw%3D%3D
Puducherry,"Repairs and Improvement Works to Cafeteria Campus at Kirumampakkam Lake, Puducherry.",20/SBDI/2026-27/3,07-Sep-2026 04:00 PM,08-Sep-2026 10:30 AM,https://pudutenders.gov.in/nicgep/app/nicgep/app?component=%24DirectLink&page=Home&service=direct&session=T&sp=SVs7zJ5Iq5SJz%2FyHVEnCcPw%3D%3D
Punjab,Auction of Mineral Site Bassi Gulam Hussain and Sherpur Bhatia Distt Hoshiarpur (Area 24.468),E-Tender/PWRD/SBS Nagar/Mining/EE/2026-27/01,21-Sep-2026 05:00 PM,22-Sep-2026 05:00 PM,https://eproc.punjab.gov.in/nicgep/app/nicgep/app?component=%24DirectLink&page=Home&service=direct&session=T&sp=StEDk2TQUpQWu69asIxk99A%3D%3D
Punjab,Auction of Mineral Site Phool Makauri Saidpur Distt SBS Nagar (Area 6.2 Ha),E-Tender/PWRD/SBS Nagar/Mining/EE/2026-27/01,21-Sep-2026 05:00 PM,22-Sep-2026 05:00 PM,https://eproc.punjab.gov.in/nicgep/app/nicgep/app?component=%24DirectLink&page=Home&service=direct&session=T&sp=SbjECwj9SWLo2W3lJ2o7e%2Fw%3D%3D
Punjab,Auction of Mineral Site Maira Kalan District Pathankot (Area 9.55 Ha,E-Tender/PWRD/SBS Nagar/Mining/EE/2026-27/01,21-Sep-2026 05:00 PM,22-Sep-2026 05:00 PM,https://eproc.punjab.gov.in/nicgep/app/nicgep/app?component=%24DirectLink&page=Home&service=direct&session=T&sp=S1%2BjN%2B6FphYahOxSTelnt4g%3D%3D
Punjab,Auction of Mineral Site Ghullewala Distt Tarn Taran (Area 5.54 Ha),E-Tender/PWRD/SBS Nagar/Mining/EE/2026-27/01,21-Sep-2026 05:00 PM,22-Sep-2026 05:00 PM,https://eproc.punjab.gov.in/nicgep/app/nicgep/app?component=%24DirectLink&page=Home&service=direct&session=T&sp=ShJmdLDBTQiEnKaGVEcimIQ%3D%3D
Punjab,Auction of Mineral Site Changali Qadim 1 Distt Ferozpur (Area 1.64 Ha),E-Tender/PWRD/SBS Nagar/Mining/EE/2026-27/01,21-Sep-2026 05:00 PM,22-Sep-2026 05:00 PM,https://eproc.punjab.gov.in/nicgep/app/nicgep/app?component=%24DirectLink&page=Home&service=direct&session=T&sp=SlAxN4Wf1ZbAzeHA5Ezb2vg%3D%3D
Punjab,Auction of Mineral Site Kasabad 1-2 Distt Ludhiana (Area 11.17 Ha),E-Tender/PWRD/SBS Nagar/Mining/EE/2026-27/01,21-Sep-2026 05:00 PM,22-Sep-2026 05:00 PM,https://eproc.punjab.gov.in/nicgep/app/nicgep/app?component=%24DirectLink&page=Home&service=direct&session=T&sp=SoTQGKzKs%2FGudWprWLelNWQ%3D%3D
Punjab,Auction of Mineral Site Mohar Singh Wala Hithar Distt Fazilka (Area 2.4 Ha),E-Tender/PWRD/SBS Nagar/Mining/EE/2026-27/01,21-Sep-2026 05:00 PM,22-Sep-2026 05:00 PM,https://eproc.punjab.gov.in/nicgep/app/nicgep/app?component=%24DirectLink&page=Home&service=direct&session=T&sp=S%2FZprEsjjs4eBg3ztI111DQ%3D%3D
Punjab,Auction of Mineral Site Burj Tehal Dass Distt SBS Nagar (Area 8.71 Ha),E-Tender/PWRD/SBS Nagar/Mining/EE/2026-27/01,21-Sep-2026 05:00 PM,22-Sep-2026 05:00 PM,https://eproc.punjab.gov.in/nicgep/app/nicgep/app?component=%24DirectLink&page=Home&service=direct&session=T&sp=ShnFhji74B0PCjmykTnznqw%3D%3D
Punjab,"Supply of 1 Electrician , 1 Helper on LC Rate for one year",MCTWB,14-Sep-2026 02:00 PM,14-Sep-2026 05:00 PM,https://eproc.punjab.gov.in/nicgep/app/nicgep/app?component=%24DirectLink&page=Home&service=direct&session=T&sp=S8VpuaBaqbUNqzCEBOno05g%3D%3D
Punjab,Auction of Mineral Site Auliapur 1 PB SN NS ST 22 Distt SBS Nagar (Area 1.3 Ha),E-Tender/PWRD/SBS Nagar/Mining/EE/2026-27/01,21-Sep-2026 05:00 PM,22-Sep-2026 05:00 PM,https://eproc.punjab.gov.in/nicgep/app/nicgep/app?component=%24DirectLink&page=Home&service=direct&session=T&sp=SO%2Fhxg%2FSfUS4I8xOXi2luzg%3D%3D
Rajasthan,GRAM PANCHAYAT MALWANI KE RAJASVA GRAM MEIN  SAFAI SAHIT KARYA,MALWANI/2026-27/02,07-Sep-2026 03:00 PM,08-Sep-2026 05:00 PM,https://eproc.rajasthan.gov.in/nicgep/app/nicgep/app?component=%24DirectLink&page=Home&service=direct&session=T&sp=SxUOGklsi2AA9VWI0XTvf4w%3D%3D
Rajasthan,GRAM PANCHAYAT MALWANI KE RAJASVA GRAM MEIN  SAFAI SAHIT KARYA,MALWANI/2026-27/02,07-Sep-2026 03:00 PM,08-Sep-2026 05:00 PM,https://eproc.rajasthan.gov.in/nicgep/app/nicgep/app?component=%24DirectLink&page=Home&service=direct&session=T&sp=StBgW0%2B0vY0UTrwI%2FAaLCLA%3D%3D
Rajasthan,"CONSTRUCTION OF ANICUT, ANICUT RENOVATION, POND, ECD WORK MJSA Block SABLA",13/2026-27,10-Sep-2026 06:00 PM,11-Sep-2026 11:00 AM,https://eproc.rajasthan.gov.in/nicgep/app/nicgep/app?component=%24DirectLink&page=Home&service=direct&session=T&sp=SMUvONemf%2FWX6nwfx%2FZhdjQ%3D%3D
Rajasthan,"CONSTRUCION OF PT, PRT, ANICUT, ANICUT RENOVATION, CCT WORK MJSA Block Sagwara",12/2026-27,10-Sep-2026 06:00 PM,11-Sep-2026 11:00 AM,https://eproc.rajasthan.gov.in/nicgep/app/nicgep/app?component=%24DirectLink&page=Home&service=direct&session=T&sp=ShDE8g114GO%2FruHWTKfj%2FwQ%3D%3D
Rajasthan,CONSTRUCTION OF ANICUT AND ANICUT RENOVATION MJA Block Sagwara,11/2026-27,10-Sep-2026 06:00 PM,11-Sep-2026 11:00 AM,https://eproc.rajasthan.gov.in/nicgep/app/nicgep/app?component=%24DirectLink&page=Home&service=direct&session=T&sp=S4iSfj1XbqTcbHfMo1c1F5w%3D%3D
Rajasthan,Procurement of construction material for the year 2026-27 for works of MG Nrega/VB GRAM G and all scheme in Gram Panchayat Nandeshma  of PS Sayra,NIT 03/2026-27 Gram Panchayat Nandeshma,07-Sep-2026 06:00 PM,08-Sep-2026 02:00 PM,https://eproc.rajasthan.gov.in/nicgep/app/nicgep/app?component=%24DirectLink&page=Home&service=direct&session=T&sp=SDMhLVwzMdjY5i0BhxjdKcw%3D%3D
Rajasthan,18 CONST OF ANGANWADI NAI ABADI GOPINATH KA GADA PANCHAYAT SAMITI GARHI,NIT LETTER NO 1674 PS GARHI,03-Sep-2026 12:00 PM,03-Sep-2026 04:00 PM,https://eproc.rajasthan.gov.in/nicgep/app/nicgep/app?component=%24DirectLink&page=Home&service=direct&session=T&sp=SAy9y1qG1xflPWA3p2cdm3g%3D%3D
Rajasthan,19 CONST OF NEW ANGANWADI BLD BALAF LOHARIYA PANCHAYAT SAMITI GARHI,NIT LETTER NO 1674 PS GARHI,03-Sep-2026 12:00 PM,03-Sep-2026 04:00 PM,https://eproc.rajasthan.gov.in/nicgep/app/nicgep/app?component=%24DirectLink&page=Home&service=direct&session=T&sp=SCdboXqfbAT5HqEWqTtwL%2Fg%3D%3D
Rajasthan,BHARAT NIRMAN SEWA KENDRA KA SUDRIDHIKARAN AVAM RANG ROGAN KARYA,MALWANI/2026-27/01,07-Sep-2026 02:00 PM,07-Sep-2026 04:00 PM,https://eproc.rajasthan.gov.in/nicgep/app/nicgep/app?component=%24DirectLink&page=Home&service=direct&session=T&sp=SelTRvrn%2FMTqtDRT0WQ4V%2FA%3D%3D
Rajasthan,21 CONST OF ANGANWADI AMJA PANCHAYAT SAMITI GARHI,NIT LETTER NO 1674 PS GARHI,03-Sep-2026 12:00 PM,03-Sep-2026 04:00 PM,https://eproc.rajasthan.gov.in/nicgep/app/nicgep/app?component=%24DirectLink&page=Home&service=direct&session=T&sp=SNOpvdD4yRDQC20Nn3HO2GA%3D%3D
Sikkim,Appointment of System Integrator (SI) for implementation of Utility Billing system in Sikkim under SaaS model,136/RDSS/WORK/POWER/BILLING SOL/GOS/CE-HQ/2025-26,23-Sep-2026 04:00 PM,24-Sep-2026 02:30 PM,https://sikkimtender.gov.in/nicgep/app/nicgep/app?component=%24DirectLink&page=Home&service=direct&session=T&sp=SZ4ppmcrqci9O2mVxZlCZHQ%3D%3D
Sikkim,"Redevelopment of New Sikkim House, Chanakyapuri, New Delhi including Preparation of Architectural and Engineering Designs, Drawings, Obtaining Statutory Approvals/ Clearances from COmpetent Authorities on EPCC mode.",33/GOS/BNH/SE(P)/2026/P/26,04-Sep-2026 04:00 PM,07-Sep-2026 10:30 AM,https://sikkimtender.gov.in/nicgep/app/nicgep/app?component=%24DirectLink&page=Home&service=direct&session=T&sp=SvWDUvSf6em1B31Jc5YaBgg%3D%3D
Tamil Nadu,DPR Prepared Water supply 2026-27,230/2026/A1,07-Sep-2026 03:00 PM,07-Sep-2026 03:30 PM,https://tntenders.gov.in/nicgep/app/nicgep/app?component=%24DirectLink&page=Home&service=direct&session=T&sp=Sw4GOiYPqoxi7jUDsGpIvgw%3D%3D
Tamil Nadu,General Fund 2026-27,1657/2026/E1,15-Sep-2026 03:00 PM,15-Sep-2026 03:30 PM,https://tntenders.gov.in/nicgep/app/nicgep/app?component=%24DirectLink&page=Home&service=direct&session=T&sp=SOcT0tbUAcVCTeOT0U%2FZODw%3D%3D
Tamil Nadu,General Fund 2026-27,1657/2026/E1,15-Sep-2026 03:00 PM,15-Sep-2026 03:30 PM,https://tntenders.gov.in/nicgep/app/nicgep/app?component=%24DirectLink&page=Home&service=direct&session=T&sp=SmQSoJihTsKSZ6drLdYkp4A%3D%3D
Tamil Nadu,General Fund 2026-27,1657/2026/E1,15-Sep-2026 03:00 PM,15-Sep-2026 03:30 PM,https://tntenders.gov.in/nicgep/app/nicgep/app?component=%24DirectLink&page=Home&service=direct&session=T&sp=SK3HxBz9o0uKwIvnCkpY9FQ%3D%3D
Tamil Nadu,General Fund 2026-27,1657/2026/E1,15-Sep-2026 03:00 PM,15-Sep-2026 03:30 PM,https://tntenders.gov.in/nicgep/app/nicgep/app?component=%24DirectLink&page=Home&service=direct&session=T&sp=SBuj%2BPJPXOOFpzAJSwVnZmA%3D%3D
Tamil Nadu,"Desilting of canals and stormwater drains in areas covered by Wards 30, 31, 32, and 33 using manual labor and machinery.",TNO.49/2026-2027 S.No.04,15-Sep-2026 03:00 PM,16-Sep-2026 04:00 PM,https://tntenders.gov.in/nicgep/app/nicgep/app?component=%24DirectLink&page=Home&service=direct&session=T&sp=Skf21J6Hu%2BK6tS7ZCDsJJDQ%3D%3D
Tamil Nadu,General Fund 2026-27,1657/2026/E1,15-Sep-2026 03:00 PM,15-Sep-2026 03:30 PM,https://tntenders.gov.in/nicgep/app/nicgep/app?component=%24DirectLink&page=Home&service=direct&session=T&sp=SmBnjTeOjpbWVDJ9SVrq%2BdA%3D%3D
Tamil Nadu,Desilting of Rettai Vaikkal in areas covered by Wards 17 and 18 using manual labor and machinery.,TNO.49/2026-2027 S.No.03,15-Sep-2026 03:00 PM,16-Sep-2026 04:00 PM,https://tntenders.gov.in/nicgep/app/nicgep/app?component=%24DirectLink&page=Home&service=direct&session=T&sp=SeZNeA3qYn92UGsxf6dN9ag%3D%3D
Tamil Nadu,supply of  11 KV Standalone Complete set,KKEDC/ET-32/2026-27 Dt.29.08.2026,14-Sep-2026 02:00 PM,15-Sep-2026 03:00 PM,https://tntenders.gov.in/nicgep/app/nicgep/app?component=%24DirectLink&page=Home&service=direct&session=T&sp=SXHUnR2jx7%2B%2FsAFXvD8AGAg%3D%3D
Tamil Nadu,General Fund 2026-27,1657/2026/E1,15-Sep-2026 03:00 PM,15-Sep-2026 03:30 PM,https://tntenders.gov.in/nicgep/app/nicgep/app?component=%24DirectLink&page=Home&service=direct&session=T&sp=Sd1TTvyjZDDFFFyg4owktlw%3D%3D
Tripura,Procurement of IT Equipmentmen  Laptop Printer and Scanner under Digital Mission Program,2025_CMODH_61531_17,05-Sep-2026 05:00 PM,07-Sep-2026 12:00 PM,https://tripuratenders.gov.in/nicgep/app/nicgep/app?component=%24DirectLink&page=Home&service=direct&session=T&sp=S3WmxXlsjNrFB3X0RzhnDGw%3D%3D
Tripura,"Shifting of Electrical Utility for newly proposed PMGSY - III Scheme from (i) Chowmuhani Bazar to Juricherra(5.4Km), (ii) MDF Road at Kanchanbari to Demdum(5.8Km) , (iii) Jagannathpur to Telia Via Jagannathpur H.S. School(6.59Km) under ED - Kumar",DGM/ED/KGT/2026-27/01,10-Sep-2026 12:00 PM,10-Sep-2026 12:30 PM,https://tripuratenders.gov.in/nicgep/app/nicgep/app?component=%24DirectLink&page=Home&service=direct&session=T&sp=SRU0DYLisTGRVslpKLnMOzg%3D%3D
Tripura,"Transportation of PDS commodities from FCI / State depots (dispatching points) to different State Food Godowns and vice-versa for the period from September, 2026 to April, 2028.",No.F.13(7)-TS/DF/2023/4757/FCI,11-Sep-2026 03:00 PM,11-Sep-2026 04:00 PM,https://tripuratenders.gov.in/nicgep/app/nicgep/app?component=%24DirectLink&page=Home&service=direct&session=T&sp=Sm3lYSbOxXZFFuLDcp%2BmJ1A%3D%3D
Tripura,"Maintenance of PWD(RandB) Sub-Division office building of Kakraban / SH Plastering, painting, flooring, sanitary installation and other allied works etc. during the year 2026-27",18/DNIT/EE/PWD/UDP/B/2026-27,07-Sep-2026 03:00 PM,07-Sep-2026 04:00 PM,https://tripuratenders.gov.in/nicgep/app/nicgep/app?component=%24DirectLink&page=Home&service=direct&session=T&sp=Sz%2FRojoOZ07GNUooSRHfH7w%3D%3D
Tripura,Improvement of road and construction of RCC drainage system from Central road Shanitala to Mahadeb bari to Ramthakur Ashram road via Hariananda H.S. School including road from Ramthakur Ashram to Shanimandir (Central road) under UMC Ward No.- 6,DNIT No. 127/NIT/SE-III/R/2026-27,07-Sep-2026 03:00 PM,07-Sep-2026 04:00 PM,https://tripuratenders.gov.in/nicgep/app/nicgep/app?component=%24DirectLink&page=Home&service=direct&session=T&sp=S3iwUYxs7s354auQdXmKPPA%3D%3D
Tripura,Improvement of road and construction of RCC drainage system from Central road Shanitala to Mahadeb bari to Ramthakur Ashram road via Hariananda H.S. School including road from Ramthakur Ashram to Shanimandir (Central road) under UMC Ward No.- 6,DNIT No. 128/NIT/SE-III/R/2026-27,07-Sep-2026 03:00 PM,07-Sep-2026 04:00 PM,https://tripuratenders.gov.in/nicgep/app/nicgep/app?component=%24DirectLink&page=Home&service=direct&session=T&sp=SJnRmWfTl17LzA4CBQ0irMg%3D%3D
Tripura,"Construction of English Medium College at Old Central Jail Premises, Agartala, Tripura, during the year 2026-27 SH Balance Portion Building portion including internal water supply, sanitary installation, sewage and Drainage works. 2nd Call",CE(Buildings)/PWD/DNIT/ACE/Pro,28-Sep-2026 03:00 PM,28-Sep-2026 04:00 PM,https://tripuratenders.gov.in/nicgep/app/nicgep/app?component=%24DirectLink&page=Home&service=direct&session=T&sp=SCdsx4Zsg0cxUWs3ozEGrdQ%3D%3D
Tripura,Development of road (i) KA road to river bandh(L 0.15Km) (ii) Road adjacent to KNP(L 0.12Km) (iii) KA road to town bypass road(L 0.25Km) (iv) Kamalpur Baligaon road to Noagaon road(L 1.20km) (v) Town bypass to baligaon -noagaon link road (L 0.88Km).,13/DNIT/SE-V/AMB/2026-27,07-Sep-2026 03:00 PM,07-Sep-2026 03:05 PM,https://tripuratenders.gov.in/nicgep/app/nicgep/app?component=%24DirectLink&page=Home&service=direct&session=T&sp=SIQ2wmyxuk12yz0j3%2Bp5d%2Bg%3D%3D
Tripura,"Development of road from 1) Hrishipara to Sarkar para via Bakul malakars house at salema Colony road, 2) K M A road to 32 card, 3) K M A road to Kachucherra P.S. (Length.400 km) under Salema Sub Division,PWD(RandB), during the year 2026 27",23/DNIT/SE-V/AMB/2026-27,07-Sep-2026 03:00 PM,07-Sep-2026 03:05 PM,https://tripuratenders.gov.in/nicgep/app/nicgep/app?component=%24DirectLink&page=Home&service=direct&session=T&sp=SlIazhJCUQyCmzoLYtb49gg%3D%3D
Tripura,Development of Sanaia reang para road under 46-Surma A/C portion from ch.0.00 km to 2.00 km.,18/DNIT/SE-V/AMB/2026-27,07-Sep-2026 03:00 PM,07-Sep-2026 03:05 PM,https://tripuratenders.gov.in/nicgep/app/nicgep/app?component=%24DirectLink&page=Home&service=direct&session=T&sp=SNVMEKMkbXMGoueMbEC4gSg%3D%3D
Ladakh,"Upgradation of road to Khaling House Saspol (by way of Providing and laying of 100mm thick GSB, 075mm thick WMM 50 mm thick BM, 25mm thick OGPC). Under Capex.",30 of R and B Khaltsi of 2025-26,05-Sep-2026 04:00 PM,08-Sep-2026 11:00 AM,https://tenders.ladakh.gov.in/nicgep/app/nicgep/app?component=%24DirectLink&page=Home&service=direct&session=T&sp=SUam0uO1YyK0W5NgHJ18P%2Bw%3D%3D
Ladakh,"Supply, Installation, Testing and Commissioning for Conversion of Overhead LT Network to Underground network along with dismantling of existing LT poles at Petroglyph Park Sindhu Ghat on full turnkey basis for the Financial Year 2026-27",e-NIT No. 24 of ED Leh of 2026-27 dated 29-08-2026,04-Sep-2026 02:00 PM,05-Sep-2026 02:00 PM,https://tenders.ladakh.gov.in/nicgep/app/nicgep/app?component=%24DirectLink&page=Home&service=direct&session=T&sp=SqmHE54gTFp5sJ5KT9lGtZQ%3D%3D
Ladakh,Construction of concrete retaining wall behind the main building and renovation of wooden shed roof with G.I sheet and renovation of backside walling/fencing of MOCN Saspol (by way of Laying interlocking tiles ant BT work). Under SDP,21 of R and B Khaltsi of 2026-27,05-Sep-2026 04:00 PM,08-Sep-2026 11:00 AM,https://tenders.ladakh.gov.in/nicgep/app/nicgep/app?component=%24DirectLink&page=Home&service=direct&session=T&sp=S8ovOmdwez%2BldsmFnfTRWpA%3D%3D
Ladakh,"Re-Construction of library building at Khaltsi (by way of 2 Nos of staff quqrter on the first floor, Main entrance gate and compound walling). Under Distt. Plan",21 of R and B Khaltsi of 2026-27,05-Sep-2026 04:00 PM,08-Sep-2026 11:00 AM,https://tenders.ladakh.gov.in/nicgep/app/nicgep/app?component=%24DirectLink&page=Home&service=direct&session=T&sp=S7JuTuU2%2BaMwOE2JK40aAoA%3D%3D
Ladakh,Construction of Zamindari compound walling around agriculture land at Tiphoks village Khaling Tia. Under Repair and maintenance,21 of R and B Khaltsi of 2026-27,05-Sep-2026 04:00 PM,08-Sep-2026 11:00 AM,https://tenders.ladakh.gov.in/nicgep/app/nicgep/app?component=%24DirectLink&page=Home&service=direct&session=T&sp=SN2N%2BIv6gALOZHPhxtzvRnA%3D%3D
Ladakh,"Supply, Installation, Testing and Commissioning for Shifting of 250KVA Substation along with HT Line at Eco Municipal Park Balkhang Leh on full turnkey basis for the Financial Year 2026-27",e-NIT No. 25 of ED Leh of 2026-27 dated 29-08-2026,04-Sep-2026 02:00 PM,05-Sep-2026 02:00 PM,https://tenders.ladakh.gov.in/nicgep/app/nicgep/app?component=%24DirectLink&page=Home&service=direct&session=T&sp=SK2N3MqXFQztO7x8LlIDrQQ%3D%3D
Ladakh,"Providing/ Drilling of machine-drilling/boring of 01No of 125mm dia bore-wells including installation of electric driven submersible pump with Controller at Kushurcha Sammer Pashkum under Groung, Zgang, Brokhar Pashkum (SchemeId . 8317525) JJM.",Short E-tender- 83 of PHE Division Kargil of 2026-27,09-Sep-2026 04:00 PM,10-Sep-2026 10:00 AM,https://tenders.ladakh.gov.in/nicgep/app/nicgep/app?component=%24DirectLink&page=Home&service=direct&session=T&sp=SRdMamzeQk9PopeyxqAUiDQ%3D%3D
Ladakh,Construction of Passive solar building for 200mm dia submersible pump including construction of Chain link fencing around Solar panels at Youljuk Maita under the Up-gradation/Retrofitting of W.S.S Youljuk Maita Khichor up to Throngos scheme id. 83808,Short E-tender- 82 of PHE Division Kargil of 2026-27,08-Sep-2026 04:00 PM,09-Sep-2026 10:00 AM,https://tenders.ladakh.gov.in/nicgep/app/nicgep/app?component=%24DirectLink&page=Home&service=direct&session=T&sp=S2YhqFOFYAHVXsLInwUoa%2Fw%3D%3D
Ladakh,Laying and fitting of main/ distribution pipe line including construction of collection chamber under the up-gradation/retrofitting of Water Supply Scheme Thulus id. 8360744 (under JJM).,Short E-tender- 82 of PHE Division Kargil of 2026-27,08-Sep-2026 04:00 PM,09-Sep-2026 10:00 AM,https://tenders.ladakh.gov.in/nicgep/app/nicgep/app?component=%24DirectLink&page=Home&service=direct&session=T&sp=Sny54i6jmg%2FBvYU8HwIaCiA%3D%3D
Ladakh,Landscape and infrastructure Re-Development of UT Secretariat Complex Leh UT Ladakh.,CDL 67 of Leh of 2025-26,14-Sep-2026 04:00 PM,15-Sep-2026 02:00 PM,https://tenders.ladakh.gov.in/nicgep/app/nicgep/app?component=%24DirectLink&page=Home&service=direct&session=T&sp=SHD0cv77cqGl6q8PJOu6oiA%3D%3D
Uttarakhand,Landslide treatment work from Km. 18.150 to Km. 18.560 (1 location) on Garjiya (Ghughtidhar) Betalghat-Khairna- Odakhan-Bhateliya-Muketshwar Motor Road (SH 62) in District Nainital under EPC mode.,594/02 PMU/BIIU/2026_3,29-Sep-2026 03:00 PM,29-Sep-2026 03:30 PM,https://uktenders.gov.in/nicgep/app/nicgep/app?component=%24DirectLink&page=Home&service=direct&session=T&sp=SJmmjXvf73bBWuCf%2BSS00qg%3D%3D
Uttarakhand,Landslide treatment work from Km. 7.020 to Km. 7.160 (1 location) on Narendranagar Ranipokhri Motor Road (SH-77) in District Tehri Garhwal under EPC mode.,594/02 PMU/BIIU/2026_2,29-Sep-2026 03:00 PM,29-Sep-2026 03:30 PM,https://uktenders.gov.in/nicgep/app/nicgep/app?component=%24DirectLink&page=Home&service=direct&session=T&sp=SS7c%2BbsxlAv76SxrNYlzQkQ%3D%3D
Uttarakhand,Landslide treatment work from Km. 40.400 to Km. 40.758 (1 location) on Ramnagar Bhandarpani Amgarhi Okhaldunga-Talli Sethi Motor Road (SH-71) in District Nainital under EPC mode.,594/02 PMU/BIIU/2026_4,29-Sep-2026 03:30 PM,29-Sep-2026 03:30 PM,https://uktenders.gov.in/nicgep/app/nicgep/app?component=%24DirectLink&page=Home&service=direct&session=T&sp=SIswobrL00a8gwnW4vq5YZg%3D%3D
Uttarakhand,Landslide treatment work from Km. 63.095 to Km. 63.467 (1 location) on Ramnagar Bhandarpani Amgarhi OkhaIdunga TaIIi Sethi Motor Road (SH 71) in District Nainital under EPC mode.,594/02 PMU/BIIU/2026_5,29-Sep-2026 03:00 PM,29-Sep-2026 03:30 PM,https://uktenders.gov.in/nicgep/app/nicgep/app?component=%24DirectLink&page=Home&service=direct&session=T&sp=SYlhmPvvEk8z2mhVwKSrYqw%3D%3D
Uttarakhand,Landslide treatment work from Km. 2.025 to Km. 2.295 (1 location) on Kathgodam Haidakhan Sanniband Similiya bend Motor Road (SH-103) in District Nainital under EPC mode.,594/02 PMU/BIIU/2026_6,29-Sep-2026 03:00 PM,29-Sep-2026 03:30 PM,https://uktenders.gov.in/nicgep/app/nicgep/app?component=%24DirectLink&page=Home&service=direct&session=T&sp=ScGgQokvb0nauy13sZMM8kQ%3D%3D
Uttarakhand,Landslide treatment work from Km. 6.016 to Km. 6.180 (1 location) on Narendranagar  Ranipokhri Motor Road (SH-77) in District Tehri Garhwal under EPC mode.,594/02 PMU/BIIU/2026_1,29-Sep-2026 03:00 PM,29-Sep-2026 03:30 PM,https://uktenders.gov.in/nicgep/app/nicgep/app?component=%24DirectLink&page=Home&service=direct&session=T&sp=S1%2FDWuS9gOk3EtzHunXPorA%3D%3D
Uttarakhand,"Landslide treatment work from Km. 9.070 to Km. 9.250 (1 location, Jajred) on Kalsi Chakrata Motor Road (SH-20) in District Dehradun under EPC mode.",594/02 PMU/BIIU/2026_7,29-Sep-2026 03:00 PM,29-Sep-2026 03:30 PM,https://uktenders.gov.in/nicgep/app/nicgep/app?component=%24DirectLink&page=Home&service=direct&session=T&sp=Sc0opuZ6XrKhPwriRbNYIng%3D%3D
Uttarakhand,Detailed Project Report EDPR for proposed Ropeway Project at Jageshwar Dham Temple  in Almora District Uttarakhand.,3096/Nivida-01/2026-27 Dated 17/08/2026,19-Sep-2026 01:00 PM,19-Sep-2026 02:00 PM,https://uktenders.gov.in/nicgep/app/nicgep/app?component=%24DirectLink&page=Home&service=direct&session=T&sp=S6fO%2F8pczKxOKn7DEATlfGw%3D%3D
Uttarakhand,Construction of C.C. Interlocking tiles from village Manakmajra to Akbarpur Kalso road and internal roads of Manakmajra of constituency Bhagwanpur of district Haridwar under State Sector.,2313/06C-Civil Circle/26 dated-24.08.2026,22-Sep-2026 03:00 PM,23-Sep-2026 03:00 PM,https://uktenders.gov.in/nicgep/app/nicgep/app?component=%24DirectLink&page=Home&service=direct&session=T&sp=SMYV%2BQOIHFx3xwmgJgLuuug%3D%3D
Uttarakhand,Repair and protection works at Km 0.000 to 1.300 in Chausali Doba Motor Road District Almora under SDMF 2026 27,2840/Nivida dated 20/08/2026,16-Sep-2026 03:00 PM,16-Sep-2026 03:30 PM,https://uktenders.gov.in/nicgep/app/nicgep/app?component=%24DirectLink&page=Home&service=direct&session=T&sp=SWqqzKlOvFHrZP9WCoJN9ew%3D%3D
Uttar Pradesh,Improvement work of road by interlocking from Ramji to Jitendra Pal house in Manohar Vihar Ward 46 Under Zone02,536/AA-2/26-27,05-Sep-2026 03:00 PM,05-Sep-2026 04:00 PM,https://etender.up.nic.in/nicgep/app/nicgep/app?component=%24DirectLink&page=Home&service=direct&session=T&sp=SJen5jtdqmzIbV7%2FssnePoA%3D%3D
Uttar Pradesh,Improvement work of road and drain by interlocking from Vinay Pathak to Sughar Singh Yadav in Gopal Nagar Ward 46 Under Zone02,534/AA-2/26-27,05-Sep-2026 03:00 PM,05-Sep-2026 04:00 PM,https://etender.up.nic.in/nicgep/app/nicgep/app?component=%24DirectLink&page=Home&service=direct&session=T&sp=SngJ0idG5musbgjDbVyn5Qg%3D%3D
Uttar Pradesh,Repair work of Damaged crosses at different places in Ghavkheda Safipur Ward11 Under Zone02,525/AA-2/26-27,05-Sep-2026 03:00 PM,05-Sep-2026 04:00 PM,https://etender.up.nic.in/nicgep/app/nicgep/app?component=%24DirectLink&page=Home&service=direct&session=T&sp=SSOERxci7vclO8mIREK98Vw%3D%3D
Uttar Pradesh,Improvement work of road and drain by interlocking from Ashish Mishra  to Babban house in Gopal nagar Ward 46 Under Zone02,538/AA-2/26-27,05-Sep-2026 03:00 PM,05-Sep-2026 04:00 PM,https://etender.up.nic.in/nicgep/app/nicgep/app?component=%24DirectLink&page=Home&service=direct&session=T&sp=SDSxZOP85wKRz%2BzdIvXfG2Q%3D%3D
Uttar Pradesh,PADDY PURCHASE 2026-27 TRANSPORT AND WHEAT PURCHASE TRANSPORT 2027-28 PURCHASE CENTER B-PEX BHOT SAMITI MUKHYALAYA (PCF) DISTRICT RAMPUR IN MORADABAD REGION MORADABAD,898,10-Sep-2026 11:00 AM,10-Sep-2026 12:00 PM,https://etender.up.nic.in/nicgep/app/nicgep/app?component=%24DirectLink&page=Home&service=direct&session=T&sp=SCx56mw%2BfLJXZluS9%2FiJaQA%3D%3D
Uttar Pradesh,Rishimandvi zone ke antargat ward no-33 karudi me mahamnapuri colony lane no 8 e me nali and interlocking ka karya,63 ABOVE10 LAKH_2026-27,03-Sep-2026 06:55 PM,03-Sep-2026 06:55 PM,https://etender.up.nic.in/nicgep/app/nicgep/app?component=%24DirectLink&page=Home&service=direct&session=T&sp=Sv4rlVIDBzFFiEAGDCQMZFg%3D%3D
Uttar Pradesh,PADDY PURCHASE 2026-27 TRANSPORT AND WHEAT PURCHASE TRANSPORT 2027-28 PURCHASE CENTER B-PEX DILPURA AT BAGADKHA SAMITI GODOWN(PCF) DISTRICT RAMPUR IN MORADABAD REGION MORADABAD,898,10-Sep-2026 11:00 AM,10-Sep-2026 12:00 PM,https://etender.up.nic.in/nicgep/app/nicgep/app?component=%24DirectLink&page=Home&service=direct&session=T&sp=S%2FGMVXeeX43o7WYziZ%2B8qCQ%3D%3D
Uttar Pradesh,PADDY PURCHASE 2026-27 TRANSPORT AND WHEAT PURCHASE TRANSPORT 2027-28 PURCHASE CENTER B-PEX KOYLA AT CHAMRUA SAMITI GODOWN(PCF) DISTRICT RAMPUR IN MORADABAD REGION MORADABAD,898,10-Sep-2026 11:00 AM,10-Sep-2026 12:00 PM,https://etender.up.nic.in/nicgep/app/nicgep/app?component=%24DirectLink&page=Home&service=direct&session=T&sp=SuZq5HnCfQB17AGPNmesq4g%3D%3D
Uttar Pradesh,"Civil Work for Construction of 33 KV  Bay for M/s ATS Reality Pvt. Ltd., M/s Three C Home pvt. Ltd. and M/S Gaursons Realtech pvt. Ltd. at 220 KV AIS sub-station Sector -18, YEIDA.",E-Tender Notice No-27/2026-27 Sl No-44/2026-27,05-Oct-2026 02:00 PM,06-Oct-2026 02:00 PM,https://etender.up.nic.in/nicgep/app/nicgep/app?component=%24DirectLink&page=Home&service=direct&session=T&sp=SQs%2B%2FUEhB%2BCAuvTPPqo7xuw%3D%3D
Uttar Pradesh,PADDY PURCHASE 2026-27 TRANSPORT AND WHEAT PURCHASE TRANSPORT 2027-28 PURCHASE CENTER K.U.S.BH.L. RAMPUR AT DABKA SAMITI GODOWN SECOND(PCF) DISTRICT RAMPUR IN MORADABAD REGION MORADABAD,898,10-Sep-2026 11:00 AM,10-Sep-2026 12:00 PM,https://etender.up.nic.in/nicgep/app/nicgep/app?component=%24DirectLink&page=Home&service=direct&session=T&sp=SveGTSGbz9jswOwIvOavtMg%3D%3D
West Bengal,WBMAD/NIeT/32/BM/2026-27/PWD/E,WBMAD/NIeT/32/BM/2026-27/PWD,14-Sep-2026 10:00 AM,16-Sep-2026 10:00 AM,https://wbtenders.gov.in/nicgep/app/nicgep/app?component=%24DirectLink&page=Home&service=direct&session=T&sp=Sk6EIfdvj06Xz0mPqAw8wdA%3D%3D
West Bengal,WBMAD/NIeT/32/BM/2026-27/PWD/H,WBMAD/NIeT/32/BM/2026-27/PWD,14-Sep-2026 10:00 AM,16-Sep-2026 10:00 AM,https://wbtenders.gov.in/nicgep/app/nicgep/app?component=%24DirectLink&page=Home&service=direct&session=T&sp=SqMEclHtHtR8l11l84KH6Ug%3D%3D
West Bengal,WBMAD/NIeT/32/BM/2026-27/PWD/B,WBMAD/NIeT/32/BM/2026-27/PWD,14-Sep-2026 10:00 AM,16-Sep-2026 10:00 AM,https://wbtenders.gov.in/nicgep/app/nicgep/app?component=%24DirectLink&page=Home&service=direct&session=T&sp=SxJCiJdLc7wvU6XqBlJX9UQ%3D%3D
West Bengal,WBMAD/NIeT/32/BM/2026-27/PWD/A,WBMAD/NIeT/32/BM/2026-27/PWD,14-Sep-2026 10:00 AM,16-Sep-2026 10:00 AM,https://wbtenders.gov.in/nicgep/app/nicgep/app?component=%24DirectLink&page=Home&service=direct&session=T&sp=Scw8WPX9s8JdLanHZwRZhMQ%3D%3D
West Bengal,WBMAD/NIeT/32/BM/2026-27/PWD/C,WBMAD/NIeT/32/BM/2026-27/PWD,14-Sep-2026 10:00 AM,16-Sep-2026 10:00 AM,https://wbtenders.gov.in/nicgep/app/nicgep/app?component=%24DirectLink&page=Home&service=direct&session=T&sp=SfEGCQ9UoUZRTO6MB0e5pSg%3D%3D
West Bengal,WBMAD/NIeT/33/BM/2026-27/PWD,WBMAD/NIeT/33/BM/2026-27/PWD,07-Sep-2026 02:00 PM,09-Sep-2026 02:00 PM,https://wbtenders.gov.in/nicgep/app/nicgep/app?component=%24DirectLink&page=Home&service=direct&session=T&sp=SOV6ksyTht5YxYHm6J2b5VQ%3D%3D
West Bengal,WBMAD/NIeT/32/BM/2026-27/PWD/D,WBMAD/NIeT/32/BM/2026-27/PWD,14-Sep-2026 10:00 AM,16-Sep-2026 10:00 AM,https://wbtenders.gov.in/nicgep/app/nicgep/app?component=%24DirectLink&page=Home&service=direct&session=T&sp=SxxWyVsJi2nPZsa4%2FQ%2FOPRw%3D%3D
West Bengal,WBMAD/NIeT/32/BM/2026-27/PWD/G,WBMAD/NIeT/32/BM/2026-27/PWD,14-Sep-2026 10:00 AM,16-Sep-2026 10:00 AM,https://wbtenders.gov.in/nicgep/app/nicgep/app?component=%24DirectLink&page=Home&service=direct&session=T&sp=SmV4bJJaUEBDZxrZ%2Fl8JPKw%3D%3D
West Bengal,WBMAD/NIeT/32/BM/2026-27/PWD/F,WBMAD/NIeT/32/BM/2026-27/PWD,14-Sep-2026 10:00 AM,16-Sep-2026 10:00 AM,https://wbtenders.gov.in/nicgep/app/nicgep/app?component=%24DirectLink&page=Home&service=direct&session=T&sp=SZko9ewaZ1BJA%2BMRuGW2BaQ%3D%3D
West Bengal,MM/C/PWD/eNIT-3/2026-27,MM/C/PWD/eNIT-03/2026-27,14-Sep-2026 10:30 AM,16-Sep-2026 10:30 AM,https://wbtenders.gov.in/nicgep/app/nicgep/app?component=%24DirectLink&page=Home&service=direct&session=T&sp=SC4zoIu94sbah6FdNgcmh7Q%3D%3D
